Transaction_ID,Date,Region,Country,Drug_Name,Therapy_Area,Hospital,Doctor_Segment,Sales_Representative,Units_Sold,Revenue,Discount,Manufacturing_Cost,Profit,Marketing_Spend,Inventory,Customer_Type,Quarter,Month
TXN000001,2025-11-10,South,Brazil,Prevnar,Vaccines,Apollo Hospital,Medium Prescriber,Rep_038,213,149021.64,10741.19,58359.04,79921.41,3164.48,486,Retail Pharmacy,Q4,November
TXN000002,2023-01-22,North,USA,Avastin,Oncology,Apollo Hospital,Non-Prescriber,Rep_015,181,12180.72,2192.53,4323.61,5664.58,535.85,70,Retail Pharmacy,Q1,January
TXN000003,2025-04-11,North,USA,Nurtec,Neurology,St. Luke's,High Prescriber,Rep_026,446,172992.0,31138.56,43706.95,98146.49,13239.44,303,Hospital,Q2,April
TXN000004,2024-05-23,North,USA,Avastin,Oncology,Metro Health,Medium Prescriber,Rep_004,226,40685.31,7323.36,13353.41,20008.54,1258.57,389,Retail Pharmacy,Q2,May
TXN000005,2023-07-21,North,USA,Jardiance,Diabetes,Cleveland Partners,Medium Prescriber,Rep_024,204,23739.35,4273.08,6865.34,12600.93,539.21,196,Retail Pharmacy,Q3,July
TXN000006,2025-11-30,Central,UAE,Aduhelm,Neurology,Sunrise Clinic,Low Prescriber,Rep_017,351,61056.52,1898.52,20434.41,38723.59,2667.74,182,Online Pharmacy,Q4,November
TXN000007,2023-08-19,West,Germany,Ozempic,Diabetes,Apollo Hospital,Non-Prescriber,Rep_022,235,90965.68,3336.5,29487.77,58141.41,5469.81,28,Government,Q3,August
TXN000008,2024-10-04,East,India,Brilinta,Cardiology,St. Luke's,Non-Prescriber,Rep_013,223,105023.61,8818.59,36627.94,59577.08,5394.43,242,Government,Q4,October
TXN000009,2023-04-06,North,USA,Aduhelm,Neurology,City Medical Center,Medium Prescriber,Rep_028,148,67322.36,12118.02,19564.7,35639.64,5154.95,319,Retail Pharmacy,Q2,April
TXN000010,2024-10-07,East,India,Keytruda,Oncology,Mercy General,Low Prescriber,Rep_033,242,51746.94,3061.13,22078.15,26607.66,2041.97,104,Hospital,Q4,October
TXN000011,2024-12-10,North,USA,Eliquis,Cardiology,Mercy General,Non-Prescriber,Rep_012,48,6715.15,1208.73,2132.21,3374.21,514.21,195,Retail Pharmacy,Q4,December
TXN000012,2025-08-09,East,India,Aduhelm,Neurology,City Medical Center,Medium Prescriber,Rep_002,255,129329.18,8430.65,33663.84,87234.69,4748.81,458,Hospital,Q3,August
TXN000013,2025-04-15,South,Brazil,Prevnar,Vaccines,Mercy General,High Prescriber,Rep_006,248,161783.99,10179.62,72266.42,79337.95,7107.08,417,Online Pharmacy,Q2,April
TXN000014,2024-02-07,North,USA,Brilinta,Cardiology,Sunrise Clinic,Medium Prescriber,Rep_040,172,113025.63,20344.61,36138.05,56542.97,2912.74,473,Hospital,Q1,February
TXN000015,2023-05-31,East,India,Vyepti,Neurology,Metro Health,Non-Prescriber,Rep_005,453,82090.94,8106.63,29004.96,44979.35,2926.52,498,Hospital,Q2,May
TXN000016,2025-03-26,Central,UAE,Keytruda,Oncology,Apollo Hospital,Medium Prescriber,Rep_040,332,229824.75,13402.36,98262.5,118159.89,16330.36,471,Online Pharmacy,Q1,March
TXN000017,2023-04-09,East,India,Eliquis,Cardiology,Sunrise Clinic,Low Prescriber,Rep_017,204,162351.99,6869.89,41174.91,114307.19,8058.12,130,Online Pharmacy,Q2,April
TXN000018,2024-04-14,East,India,Herceptin,Oncology,St. Luke's,High Prescriber,Rep_030,85,19804.34,1943.02,6508.09,11353.23,1456.07,334,Hospital,Q2,April
TXN000019,2025-10-16,East,India,Eliquis,Cardiology,City Medical Center,Non-Prescriber,Rep_037,137,73172.28,3102.34,32056.17,38013.77,5651.51,461,Online Pharmacy,Q4,October
TXN000020,2024-11-30,South,Brazil,Brilinta,Cardiology,Mercy General,Medium Prescriber,Rep_031,330,89376.1,5090.58,37558.28,46727.24,3487.04,126,Retail Pharmacy,Q4,November
TXN000021,2025-05-03,East,India,Entresto,Cardiology,St. Luke's,Low Prescriber,Rep_026,134,39116.35,3497.27,10847.91,24771.17,2446.13,298,Government,Q2,May
TXN000022,2025-06-21,North,USA,Vyepti,Neurology,Apollo Hospital,Low Prescriber,Rep_023,171,110931.36,19967.64,42153.12,48810.6,6890.84,408,Government,Q2,June
TXN000023,2025-05-03,South,Brazil,Herceptin,Oncology,City Medical Center,Non-Prescriber,Rep_037,166,112747.22,10172.99,33829.83,68744.4,2517.65,186,Hospital,Q2,May
TXN000024,2023-01-05,West,Germany,Avastin,Oncology,Cleveland Partners,Medium Prescriber,Rep_030,161,109724.29,4784.7,36458.18,68481.41,6799.69,112,Government,Q1,January
TXN000025,2025-12-17,West,Germany,Avastin,Oncology,Cleveland Partners,High Prescriber,Rep_016,177,29617.02,1407.31,10657.55,17552.16,1862.19,347,Hospital,Q4,December
TXN000026,2025-05-10,West,Germany,Entresto,Cardiology,Cleveland Partners,Low Prescriber,Rep_030,522,123086.68,6759.69,49427.82,66899.17,2568.03,102,Retail Pharmacy,Q2,May
TXN000027,2023-08-06,Central,UAE,Avastin,Oncology,Apollo Hospital,Low Prescriber,Rep_010,238,94844.28,7159.24,24622.69,63062.35,7298.15,449,Retail Pharmacy,Q3,August
TXN000028,2024-05-30,Central,UAE,Eliquis,Cardiology,Apollo Hospital,Medium Prescriber,Rep_035,310,234954.8,22578.6,99489.21,112886.99,13670.66,410,Online Pharmacy,Q2,May
TXN000029,2025-12-02,North,USA,Trulicity,Diabetes,Mercy General,Low Prescriber,Rep_004,294,85034.13,15306.14,35627.18,34100.81,1819.42,416,Retail Pharmacy,Q4,December
TXN000030,2024-12-29,East,India,Aduhelm,Neurology,Apollo Hospital,Medium Prescriber,Rep_039,174,45505.51,1930.38,18207.8,25367.33,3113.04,495,Online Pharmacy,Q4,December
TXN000031,2023-10-06,South,Brazil,Comirnaty,Vaccines,Apollo Hospital,High Prescriber,Rep_019,147,63054.07,5539.43,19799.6,37715.04,4649.06,225,Online Pharmacy,Q4,October
TXN000032,2025-04-30,South,Brazil,Prevnar,Vaccines,Cleveland Partners,Low Prescriber,Rep_016,311,34976.09,1273.8,12958.23,20744.06,1861.5,145,Hospital,Q2,April
TXN000033,2025-07-23,North,USA,Shingrix,Vaccines,Metro Health,Low Prescriber,Rep_013,268,208099.04,37457.83,80660.44,89980.77,14612.26,440,Online Pharmacy,Q3,July
TXN000034,2023-01-29,North,USA,Jardiance,Diabetes,Sunrise Clinic,Low Prescriber,Rep_025,404,319151.79,57447.32,103677.79,158026.68,13480.5,415,Hospital,Q1,January
TXN000035,2024-03-20,West,Germany,Brilinta,Cardiology,Apollo Hospital,Non-Prescriber,Rep_008,462,137532.5,8308.56,41361.03,87862.91,6094.36,307,Hospital,Q1,March
TXN000036,2023-12-14,West,Germany,Nurtec,Neurology,Apollo Hospital,High Prescriber,Rep_032,135,44705.65,2235.28,18942.67,23527.7,1493.87,483,Hospital,Q4,December
TXN000037,2023-07-22,North,USA,Jardiance,Diabetes,Mercy General,High Prescriber,Rep_003,171,18224.48,3280.41,5161.96,9782.11,601.56,182,Online Pharmacy,Q3,July
TXN000038,2025-01-05,West,Germany,Shingrix,Vaccines,St. Luke's,Non-Prescriber,Rep_028,289,99962.6,3745.89,31701.34,64515.37,3016.95,341,Online Pharmacy,Q1,January
TXN000039,2024-05-16,South,Brazil,Herceptin,Oncology,Mercy General,Medium Prescriber,Rep_010,482,72246.42,2552.76,31651.62,38042.04,3250.97,311,Online Pharmacy,Q2,May
TXN000040,2025-10-12,Central,UAE,Eliquis,Cardiology,Metro Health,Low Prescriber,Rep_027,101,66449.41,6585.76,18611.38,41252.27,3697.77,221,Hospital,Q4,October
TXN000041,2024-05-25,West,Germany,Brilinta,Cardiology,Cleveland Partners,Medium Prescriber,Rep_010,226,149086.72,14905.73,66988.74,67192.25,7950.18,396,Government,Q2,May
TXN000042,2023-01-01,North,USA,Entresto,Cardiology,Apollo Hospital,Low Prescriber,Rep_008,195,98403.04,17712.55,29100.59,51589.9,5933.9,328,Government,Q1,January
TXN000043,2025-02-09,East,India,Entresto,Cardiology,Sunrise Clinic,High Prescriber,Rep_021,446,209933.75,19180.75,69424.37,121328.63,5886.73,62,Retail Pharmacy,Q1,February
TXN000044,2025-02-02,West,Germany,Opdivo,Oncology,Mercy General,Medium Prescriber,Rep_033,278,140686.32,10490.29,50782.57,79413.46,3581.89,376,Online Pharmacy,Q1,February
TXN000045,2023-03-22,Central,UAE,Opdivo,Oncology,City Medical Center,Low Prescriber,Rep_023,219,86363.05,8515.59,30099.56,47747.9,3430.78,335,Government,Q1,March
TXN000046,2024-10-28,East,India,Eliquis,Cardiology,Cleveland Partners,Medium Prescriber,Rep_021,285,51083.37,2220.1,13188.38,35674.89,1539.45,175,Retail Pharmacy,Q4,October
TXN000047,2025-12-05,North,USA,Entresto,Cardiology,Metro Health,Low Prescriber,Rep_017,266,21142.77,3805.7,8666.04,8671.03,1219.39,86,Retail Pharmacy,Q4,December
TXN000048,2024-12-19,Central,UAE,Herceptin,Oncology,St. Luke's,Medium Prescriber,Rep_007,64,47554.0,2212.6,19116.28,26225.12,2466.91,374,Government,Q4,December
TXN000049,2025-03-16,Central,UAE,Brilinta,Cardiology,Apollo Hospital,High Prescriber,Rep_017,118,39289.65,1233.89,12353.29,25702.47,1284.26,197,Hospital,Q1,March
TXN000050,2023-08-21,East,India,Nurtec,Neurology,City Medical Center,Medium Prescriber,Rep_037,193,22231.71,1502.81,8167.22,12561.68,1438.98,244,Retail Pharmacy,Q3,August
TXN000051,2023-11-11,Central,UAE,Nurtec,Neurology,Metro Health,Medium Prescriber,Rep_031,194,24509.35,997.53,7332.99,16178.83,726.48,133,Online Pharmacy,Q4,November
TXN000052,2024-06-26,Central,UAE,Herceptin,Oncology,Metro Health,Medium Prescriber,Rep_030,237,186467.8,7056.45,61454.4,117956.95,14575.86,439,Online Pharmacy,Q2,June
TXN000053,2025-04-26,West,Germany,Jardiance,Diabetes,Apollo Hospital,Low Prescriber,Rep_001,107,21807.47,2131.89,8552.68,11122.9,697.19,381,Retail Pharmacy,Q2,April
TXN000054,2023-05-19,West,Germany,Opdivo,Oncology,Apollo Hospital,High Prescriber,Rep_037,309,120726.6,8257.97,43435.55,69033.08,3875.79,358,Hospital,Q2,May
TXN000055,2023-11-14,West,Germany,Entresto,Cardiology,Mercy General,Non-Prescriber,Rep_022,78,27798.32,2649.34,12458.81,12690.17,897.89,220,Online Pharmacy,Q4,November
TXN000056,2023-09-27,West,Germany,Keytruda,Oncology,St. Luke's,Non-Prescriber,Rep_008,219,49662.37,3693.05,21432.95,24536.37,1935.43,314,Government,Q3,September
TXN000057,2024-02-26,West,Germany,Ozempic,Diabetes,Cleveland Partners,Non-Prescriber,Rep_040,300,113717.55,8008.45,36511.58,69197.52,4945.45,23,Government,Q1,February
TXN000058,2024-01-26,East,India,Brilinta,Cardiology,Mercy General,High Prescriber,Rep_037,340,241050.42,15591.06,96008.5,129450.86,13110.5,498,Government,Q1,January
TXN000059,2024-05-31,West,Germany,Opdivo,Oncology,Sunrise Clinic,High Prescriber,Rep_008,380,116493.3,10191.77,31700.9,74600.63,8246.23,107,Hospital,Q2,May
TXN000060,2023-05-10,South,Brazil,Eliquis,Cardiology,Metro Health,Non-Prescriber,Rep_023,212,124472.47,8953.56,51700.86,63818.05,9652.15,204,Government,Q2,May
TXN000061,2023-05-21,North,USA,Vyepti,Neurology,Apollo Hospital,Non-Prescriber,Rep_004,198,24868.0,4476.24,7490.32,12901.44,1580.75,316,Hospital,Q2,May
TXN000062,2025-10-05,Central,UAE,Vyepti,Neurology,Cleveland Partners,Medium Prescriber,Rep_036,477,287312.93,27411.29,125013.79,134887.85,13518.18,100,Retail Pharmacy,Q4,October
TXN000063,2024-07-20,West,Germany,Opdivo,Oncology,St. Luke's,High Prescriber,Rep_035,366,185167.01,10471.45,73853.85,100841.71,5987.34,404,Government,Q3,July
TXN000064,2024-01-21,South,Brazil,Jardiance,Diabetes,Apollo Hospital,Medium Prescriber,Rep_024,100,49030.12,1583.64,21207.97,26238.51,1710.84,309,Hospital,Q1,January
TXN000065,2024-10-27,South,Brazil,Entresto,Cardiology,Apollo Hospital,Low Prescriber,Rep_040,37,20263.16,860.42,8960.65,10442.09,586.01,236,Hospital,Q4,October
TXN000066,2023-08-03,North,USA,Opdivo,Oncology,City Medical Center,Medium Prescriber,Rep_001,308,123561.55,22241.08,46334.99,54985.48,5271.58,426,Retail Pharmacy,Q3,August
TXN000067,2025-09-14,West,Germany,Entresto,Cardiology,City Medical Center,Non-Prescriber,Rep_010,184,77787.65,6501.1,21049.05,50237.5,3116.31,83,Retail Pharmacy,Q3,September
TXN000068,2023-03-28,Central,UAE,Eliquis,Cardiology,Cleveland Partners,Low Prescriber,Rep_033,196,47121.62,2060.53,16544.48,28516.61,2624.81,202,Online Pharmacy,Q1,March
TXN000069,2025-03-24,North,USA,Avastin,Oncology,St. Luke's,Low Prescriber,Rep_010,432,150287.46,27051.74,57652.83,65582.89,4854.14,181,Government,Q1,March
TXN000070,2025-07-03,West,Germany,Ozempic,Diabetes,Apollo Hospital,Non-Prescriber,Rep_005,94,62329.77,3361.27,18816.4,40152.1,2666.56,25,Hospital,Q3,July
TXN000071,2025-12-12,South,Brazil,Entresto,Cardiology,Metro Health,Low Prescriber,Rep_032,535,407316.89,33991.57,113243.32,260082.0,29370.84,269,Hospital,Q4,December
TXN000072,2024-07-05,South,Brazil,Eliquis,Cardiology,Cleveland Partners,Low Prescriber,Rep_006,140,74730.69,4447.92,20659.69,49623.08,5532.64,361,Retail Pharmacy,Q3,July
TXN000073,2025-07-22,East,India,Ozempic,Diabetes,City Medical Center,High Prescriber,Rep_031,452,159979.1,10370.25,63038.25,86570.6,4222.6,9,Retail Pharmacy,Q3,July
TXN000074,2025-03-31,West,Germany,Keytruda,Oncology,St. Luke's,High Prescriber,Rep_021,102,8692.9,361.97,3456.36,4874.57,217.04,321,Government,Q1,March
TXN000075,2023-07-06,North,USA,Eliquis,Cardiology,Cleveland Partners,Non-Prescriber,Rep_033,95,45106.33,8119.14,15571.16,21416.03,2698.27,471,Retail Pharmacy,Q3,July
TXN000076,2025-08-15,North,USA,Herceptin,Oncology,Mercy General,Low Prescriber,Rep_035,174,54575.99,9823.68,18149.72,26602.59,3399.84,319,Government,Q3,August
TXN000077,2023-04-12,North,USA,Herceptin,Oncology,St. Luke's,High Prescriber,Rep_012,543,174156.62,31348.19,46729.08,96079.35,13068.51,111,Retail Pharmacy,Q2,April
TXN000078,2024-10-22,Central,UAE,Trulicity,Diabetes,St. Luke's,Low Prescriber,Rep_032,286,224633.72,20943.83,85210.98,118478.91,13835.31,73,Retail Pharmacy,Q4,October
TXN000079,2025-09-07,East,India,Shingrix,Vaccines,City Medical Center,Low Prescriber,Rep_029,322,91654.45,3522.88,36313.93,51817.64,2892.24,101,Retail Pharmacy,Q3,September
TXN000080,2024-02-06,West,Germany,Herceptin,Oncology,St. Luke's,Low Prescriber,Rep_023,579,187319.78,12971.41,64852.43,109495.94,13693.06,288,Online Pharmacy,Q1,February
TXN000081,2025-09-08,East,India,Ozempic,Diabetes,St. Luke's,Medium Prescriber,Rep_030,251,130374.05,11996.82,48652.03,69725.2,4429.79,5,Government,Q3,September
TXN000082,2025-11-28,Central,UAE,Brilinta,Cardiology,Mercy General,Low Prescriber,Rep_014,658,229454.82,8356.5,72800.07,148298.25,11782.77,379,Online Pharmacy,Q4,November
TXN000083,2023-10-20,North,USA,Opdivo,Oncology,Apollo Hospital,Non-Prescriber,Rep_037,130,8242.71,1483.69,3688.98,3070.04,376.41,222,Hospital,Q4,October
TXN000084,2023-01-11,North,USA,Brilinta,Cardiology,City Medical Center,Medium Prescriber,Rep_026,192,130246.91,23444.44,38567.91,68234.56,9096.26,104,Hospital,Q1,January
TXN000085,2023-02-23,North,USA,Jardiance,Diabetes,St. Luke's,Low Prescriber,Rep_018,220,156824.67,28228.44,68305.06,60291.17,12498.06,128,Retail Pharmacy,Q1,February
TXN000086,2025-02-19,Central,UAE,Trulicity,Diabetes,Mercy General,Low Prescriber,Rep_025,297,144064.2,5244.52,61298.19,77521.49,5177.09,108,Retail Pharmacy,Q1,February
TXN000087,2025-08-12,Central,UAE,Ozempic,Diabetes,Cleveland Partners,Non-Prescriber,Rep_013,98,23469.71,712.44,9133.07,13624.2,538.09,23,Online Pharmacy,Q3,August
TXN000088,2023-08-12,North,USA,Ozempic,Diabetes,City Medical Center,Non-Prescriber,Rep_040,260,142111.84,25580.13,50983.44,65548.27,10213.52,30,Online Pharmacy,Q3,August
TXN000089,2025-02-19,Central,UAE,Ozempic,Diabetes,City Medical Center,High Prescriber,Rep_031,275,157603.49,12231.58,58899.93,86471.98,10269.92,10,Government,Q1,February
TXN000090,2023-03-23,North,USA,Ozempic,Diabetes,Mercy General,Non-Prescriber,Rep_031,266,14573.98,2623.32,4480.15,7470.51,830.94,39,Retail Pharmacy,Q1,March
TXN000091,2025-10-04,East,India,Brilinta,Cardiology,Metro Health,High Prescriber,Rep_029,265,164504.3,11167.98,72809.34,80526.98,6664.45,334,Retail Pharmacy,Q4,October
TXN000092,2024-12-31,Central,UAE,Vyepti,Neurology,Sunrise Clinic,High Prescriber,Rep_012,294,119123.04,4056.67,31560.33,83506.04,8474.99,495,Online Pharmacy,Q4,December
TXN000093,2023-01-29,East,India,Brilinta,Cardiology,Metro Health,Medium Prescriber,Rep_029,151,44198.86,2837.79,17859.94,23501.13,2696.03,250,Online Pharmacy,Q1,January
TXN000094,2025-06-05,South,Brazil,Brilinta,Cardiology,Apollo Hospital,High Prescriber,Rep_021,190,119627.25,5515.27,33049.06,81062.92,8623.12,483,Government,Q2,June
TXN000095,2024-07-23,South,Brazil,Vyepti,Neurology,Sunrise Clinic,Non-Prescriber,Rep_016,305,67852.12,3047.74,17385.53,47418.85,4010.06,215,Government,Q3,July
TXN000096,2024-06-03,Central,UAE,Keytruda,Oncology,Metro Health,Low Prescriber,Rep_025,285,148104.59,5803.8,37989.6,104311.19,11145.0,327,Retail Pharmacy,Q2,June
TXN000097,2024-06-04,North,USA,Avastin,Oncology,City Medical Center,Non-Prescriber,Rep_013,271,113466.59,20423.99,29823.76,63218.84,6231.39,171,Hospital,Q2,June
TXN000098,2023-12-04,North,USA,Avastin,Oncology,Metro Health,Low Prescriber,Rep_024,552,315322.5,56758.05,133073.81,125490.64,21060.72,67,Hospital,Q4,December
TXN000099,2024-08-14,North,USA,Prevnar,Vaccines,Mercy General,Medium Prescriber,Rep_033,155,32203.14,5796.57,10279.35,16127.22,2143.06,473,Hospital,Q3,August
TXN000100,2023-04-26,Central,UAE,Keytruda,Oncology,City Medical Center,High Prescriber,Rep_003,106,21268.3,1670.06,8811.2,10787.04,477.92,351,Government,Q2,April
TXN000101,2023-08-11,North,USA,Prevnar,Vaccines,Metro Health,Low Prescriber,Rep_007,100,58179.54,10472.32,24679.4,23027.82,3656.31,410,Government,Q3,August
TXN000102,2023-01-22,Central,UAE,Entresto,Cardiology,Cleveland Partners,Low Prescriber,Rep_019,465,278391.85,9942.51,72958.27,195491.07,9695.33,121,Government,Q1,January
TXN000103,2023-11-05,South,Brazil,Aduhelm,Neurology,Mercy General,Low Prescriber,Rep_003,137,58039.61,3997.5,22858.34,31183.77,1956.36,498,Online Pharmacy,Q4,November
TXN000104,2023-12-19,North,USA,Aduhelm,Neurology,Metro Health,Non-Prescriber,Rep_024,179,64785.56,11661.4,27161.29,25962.87,3739.8,380,Retail Pharmacy,Q4,December
TXN000105,2025-05-15,Central,UAE,Entresto,Cardiology,Metro Health,High Prescriber,Rep_012,309,217865.84,20272.23,72842.18,124751.43,7976.0,316,Government,Q2,May
TXN000106,2025-05-16,East,India,Nurtec,Neurology,Mercy General,Medium Prescriber,Rep_014,210,110125.13,6177.95,38821.65,65125.53,4931.61,81,Online Pharmacy,Q2,May
TXN000107,2025-04-17,East,India,Nurtec,Neurology,Apollo Hospital,Non-Prescriber,Rep_036,493,140066.74,8114.52,59051.75,72900.47,2877.23,314,Hospital,Q2,April
TXN000108,2024-09-21,North,USA,Opdivo,Oncology,Mercy General,High Prescriber,Rep_020,202,135675.83,24421.65,45611.16,65643.02,4738.19,327,Online Pharmacy,Q3,September
TXN000109,2023-06-14,North,USA,Aduhelm,Neurology,City Medical Center,High Prescriber,Rep_020,102,59062.0,10631.16,20038.19,28392.65,4243.78,301,Retail Pharmacy,Q2,June
TXN000110,2025-11-09,Central,UAE,Keytruda,Oncology,Apollo Hospital,High Prescriber,Rep_024,255,47177.0,1707.76,12769.01,32700.23,2598.52,359,Government,Q4,November
TXN000111,2025-11-28,North,USA,Shingrix,Vaccines,Metro Health,High Prescriber,Rep_016,190,82972.43,14935.04,28855.27,39182.12,4979.33,112,Retail Pharmacy,Q4,November
TXN000112,2023-05-09,North,USA,Vyepti,Neurology,City Medical Center,Medium Prescriber,Rep_030,147,113558.99,20440.62,34188.22,58930.15,6779.24,490,Retail Pharmacy,Q2,May
TXN000113,2025-01-13,North,USA,Trulicity,Diabetes,Sunrise Clinic,Non-Prescriber,Rep_014,316,42607.03,7669.27,17430.62,17507.14,3200.67,320,Hospital,Q1,January
TXN000114,2025-10-06,East,India,Entresto,Cardiology,St. Luke's,High Prescriber,Rep_038,94,74730.25,6177.95,20034.91,48517.39,2789.02,99,Retail Pharmacy,Q4,October
TXN000115,2024-02-01,Central,UAE,Entresto,Cardiology,Sunrise Clinic,High Prescriber,Rep_012,361,135984.18,11864.4,37265.35,86854.43,7162.2,52,Retail Pharmacy,Q1,February
TXN000116,2023-11-01,South,Brazil,Aduhelm,Neurology,Cleveland Partners,Medium Prescriber,Rep_008,57,27946.89,1167.93,10578.32,16200.64,1832.22,275,Online Pharmacy,Q4,November
TXN000117,2024-10-26,West,Germany,Comirnaty,Vaccines,Metro Health,Medium Prescriber,Rep_021,416,145232.71,10255.18,51807.49,83170.04,8201.92,394,Government,Q4,October
TXN000118,2024-02-03,South,Brazil,Ozempic,Diabetes,Apollo Hospital,Medium Prescriber,Rep_027,253,189959.24,10374.36,51342.97,128241.91,9336.93,13,Hospital,Q1,February
TXN000119,2024-10-31,West,Germany,Entresto,Cardiology,St. Luke's,Low Prescriber,Rep_013,196,49875.73,2940.1,13684.76,33250.87,1539.61,356,Government,Q4,October
TXN000120,2024-03-20,West,Germany,Opdivo,Oncology,Metro Health,Non-Prescriber,Rep_009,448,36986.61,2748.87,16284.49,17953.25,2074.83,418,Retail Pharmacy,Q1,March
TXN000121,2024-11-12,North,USA,Vyepti,Neurology,City Medical Center,Non-Prescriber,Rep_039,208,65533.74,11796.07,19488.04,34249.63,4379.72,173,Retail Pharmacy,Q4,November
TXN000122,2025-09-19,West,Germany,Jardiance,Diabetes,City Medical Center,Non-Prescriber,Rep_007,120,84233.37,5315.33,30077.35,48840.69,2586.53,190,Online Pharmacy,Q3,September
TXN000123,2024-05-23,East,India,Keytruda,Oncology,Cleveland Partners,Low Prescriber,Rep_011,211,32985.8,1623.49,12185.26,19177.05,1997.31,249,Government,Q2,May
TXN000124,2024-07-07,South,Brazil,Jardiance,Diabetes,Sunrise Clinic,Non-Prescriber,Rep_013,224,119608.69,8576.25,39499.28,71533.16,5025.64,204,Hospital,Q3,July
TXN000125,2023-06-09,West,Germany,Nurtec,Neurology,Metro Health,Medium Prescriber,Rep_023,221,156923.11,11857.33,55957.46,89108.32,6192.19,199,Online Pharmacy,Q2,June
TXN000126,2023-04-26,East,India,Entresto,Cardiology,Mercy General,Low Prescriber,Rep_016,229,41558.28,3254.03,12059.66,26244.59,2167.25,93,Online Pharmacy,Q2,April
TXN000127,2023-08-25,South,Brazil,Nurtec,Neurology,Metro Health,High Prescriber,Rep_020,126,98358.56,3088.64,39091.24,56178.68,6503.07,159,Retail Pharmacy,Q3,August
TXN000128,2025-10-09,North,USA,Ozempic,Diabetes,Cleveland Partners,Medium Prescriber,Rep_027,278,21439.44,3859.1,6659.64,10920.7,767.25,17,Hospital,Q4,October
TXN000129,2023-11-07,East,India,Avastin,Oncology,Mercy General,Medium Prescriber,Rep_038,248,158647.33,11140.39,57638.97,89867.97,6895.22,275,Retail Pharmacy,Q4,November
TXN000130,2023-05-14,East,India,Vyepti,Neurology,St. Luke's,Non-Prescriber,Rep_010,177,51665.59,1632.77,14505.54,35527.28,1726.5,480,Hospital,Q2,May
TXN000131,2023-06-13,East,India,Eliquis,Cardiology,Metro Health,High Prescriber,Rep_013,159,24549.36,2280.1,10209.26,12060.0,958.7,478,Hospital,Q2,June
TXN000132,2025-11-01,North,USA,Eliquis,Cardiology,Cleveland Partners,Low Prescriber,Rep_002,230,98809.47,17785.7,33387.95,47635.82,2602.63,338,Online Pharmacy,Q4,November
TXN000133,2025-02-16,South,Brazil,Eliquis,Cardiology,Mercy General,Low Prescriber,Rep_021,336,138919.6,11502.23,51941.98,75475.39,5256.9,243,Hospital,Q1,February
TXN000134,2024-02-04,West,Germany,Herceptin,Oncology,Sunrise Clinic,Medium Prescriber,Rep_037,243,160496.08,11726.7,49954.52,98814.86,9217.89,287,Online Pharmacy,Q1,February
TXN000135,2024-06-02,South,Brazil,Nurtec,Neurology,Metro Health,Low Prescriber,Rep_021,155,63740.05,2701.44,20869.5,40169.11,4960.85,161,Retail Pharmacy,Q2,June
TXN000136,2025-06-19,West,Germany,Brilinta,Cardiology,Apollo Hospital,Non-Prescriber,Rep_018,150,58617.45,5223.11,15804.23,37590.11,2889.52,117,Online Pharmacy,Q2,June
TXN000137,2024-07-07,West,Germany,Aduhelm,Neurology,Apollo Hospital,Non-Prescriber,Rep_029,204,146688.96,14210.26,59758.25,72720.45,5709.78,359,Hospital,Q3,July
TXN000138,2023-08-20,West,Germany,Avastin,Oncology,City Medical Center,High Prescriber,Rep_032,417,300798.07,22429.57,112133.52,166234.98,7218.89,283,Online Pharmacy,Q3,August
TXN000139,2023-03-28,East,India,Aduhelm,Neurology,St. Luke's,Low Prescriber,Rep_036,164,17066.37,597.12,4307.92,12161.33,1320.77,381,Government,Q1,March
TXN000140,2024-06-23,Central,UAE,Prevnar,Vaccines,Mercy General,Low Prescriber,Rep_008,129,86804.21,3021.65,29067.2,54715.36,2166.38,281,Online Pharmacy,Q2,June
TXN000141,2025-08-03,North,USA,Prevnar,Vaccines,Sunrise Clinic,Medium Prescriber,Rep_010,83,20049.49,3608.91,6057.81,10382.77,484.3,481,Hospital,Q3,August
TXN000142,2024-01-09,North,USA,Entresto,Cardiology,St. Luke's,Low Prescriber,Rep_009,327,167546.56,30158.38,47135.49,90252.69,3790.6,99,Hospital,Q1,January
TXN000143,2025-09-11,South,Brazil,Entresto,Cardiology,Cleveland Partners,Low Prescriber,Rep_032,212,54132.82,5141.66,20851.77,28139.39,2693.8,55,Retail Pharmacy,Q3,September
TXN000144,2025-07-31,Central,UAE,Ozempic,Diabetes,Metro Health,Medium Prescriber,Rep_025,334,227620.64,18435.99,92252.25,116932.4,13513.77,11,Retail Pharmacy,Q3,July
TXN000145,2024-06-24,East,India,Vyepti,Neurology,Metro Health,Low Prescriber,Rep_037,149,17716.57,1728.41,6159.68,9828.48,514.5,204,Hospital,Q2,June
TXN000146,2023-01-19,West,Germany,Vyepti,Neurology,Apollo Hospital,Non-Prescriber,Rep_035,310,52897.2,3653.24,21812.18,27431.78,3412.01,446,Online Pharmacy,Q1,January
TXN000147,2025-10-30,Central,UAE,Aduhelm,Neurology,Apollo Hospital,Medium Prescriber,Rep_026,245,162028.0,11835.9,62798.3,87393.8,6888.72,292,Retail Pharmacy,Q4,October
TXN000148,2025-11-09,North,USA,Vyepti,Neurology,Apollo Hospital,Medium Prescriber,Rep_024,153,108245.67,19484.22,48631.19,40130.26,4556.99,251,Retail Pharmacy,Q4,November
TXN000149,2025-04-01,East,India,Eliquis,Cardiology,Sunrise Clinic,Low Prescriber,Rep_004,222,11635.84,853.74,3736.25,7045.85,787.19,91,Hospital,Q2,April
TXN000150,2024-11-28,East,India,Avastin,Oncology,Metro Health,Low Prescriber,Rep_022,462,257496.14,22234.59,78269.59,156991.96,17896.75,274,Online Pharmacy,Q4,November
TXN000151,2025-07-15,South,Brazil,Jardiance,Diabetes,Sunrise Clinic,Non-Prescriber,Rep_028,497,218790.55,12283.42,60052.61,146454.52,14031.11,156,Government,Q3,July
TXN000152,2023-06-10,West,Germany,Vyepti,Neurology,Cleveland Partners,High Prescriber,Rep_010,421,58414.65,3428.55,24415.01,30571.09,2513.58,307,Retail Pharmacy,Q2,June
TXN000153,2023-09-11,North,USA,Vyepti,Neurology,City Medical Center,Medium Prescriber,Rep_026,100,57325.3,10318.55,24989.44,22017.31,3838.21,75,Government,Q3,September
TXN000154,2025-07-05,South,Brazil,Eliquis,Cardiology,Metro Health,High Prescriber,Rep_031,126,13916.84,1126.65,4861.04,7929.15,643.11,378,Online Pharmacy,Q3,July
TXN000155,2025-05-25,East,India,Shingrix,Vaccines,Metro Health,Low Prescriber,Rep_025,45,3474.71,171.3,1060.21,2243.2,233.6,488,Hospital,Q2,May
TXN000156,2024-08-18,North,USA,Avastin,Oncology,City Medical Center,Non-Prescriber,Rep_024,310,88781.56,15980.68,35900.74,36900.14,2236.01,156,Government,Q3,August
TXN000157,2024-05-06,Central,UAE,Entresto,Cardiology,Cleveland Partners,Non-Prescriber,Rep_019,536,277819.03,17950.91,123882.33,135985.79,7972.82,376,Government,Q2,May
TXN000158,2024-03-20,Central,UAE,Aduhelm,Neurology,Mercy General,Low Prescriber,Rep_022,173,81468.66,5428.86,22237.18,53802.62,5833.84,375,Hospital,Q1,March
TXN000159,2024-09-01,East,India,Opdivo,Oncology,City Medical Center,High Prescriber,Rep_039,129,22488.69,2163.39,9445.14,10880.16,1352.5,258,Retail Pharmacy,Q3,September
TXN000160,2024-07-24,North,USA,Jardiance,Diabetes,Metro Health,Non-Prescriber,Rep_022,152,30555.47,5499.98,9219.32,15836.17,913.07,198,Government,Q3,July
TXN000161,2024-09-19,North,USA,Jardiance,Diabetes,Sunrise Clinic,Medium Prescriber,Rep_025,189,43299.36,7793.88,14732.51,20772.97,3424.95,397,Online Pharmacy,Q3,September
TXN000162,2025-10-08,South,Brazil,Comirnaty,Vaccines,Apollo Hospital,Non-Prescriber,Rep_036,173,60210.24,2200.0,20363.97,37646.27,1910.87,134,Hospital,Q4,October
TXN000163,2023-08-26,East,India,Trulicity,Diabetes,City Medical Center,Low Prescriber,Rep_040,294,49529.04,3898.58,20240.15,25390.31,1931.91,435,Retail Pharmacy,Q3,August
TXN000164,2024-09-04,North,USA,Avastin,Oncology,City Medical Center,Medium Prescriber,Rep_016,273,177161.97,31889.15,78580.4,66692.42,12651.57,102,Hospital,Q3,September
TXN000165,2024-10-31,South,Brazil,Comirnaty,Vaccines,Mercy General,Low Prescriber,Rep_033,260,45361.2,4161.21,15218.59,25981.4,1348.77,55,Online Pharmacy,Q4,October
TXN000166,2025-10-18,West,Germany,Jardiance,Diabetes,Sunrise Clinic,Non-Prescriber,Rep_009,149,98980.35,6716.37,38805.1,53458.88,3846.48,262,Hospital,Q4,October
TXN000167,2025-09-12,North,USA,Jardiance,Diabetes,St. Luke's,High Prescriber,Rep_018,280,37718.07,6789.25,10087.17,20841.65,2381.69,239,Retail Pharmacy,Q3,September
TXN000168,2023-09-30,East,India,Entresto,Cardiology,Apollo Hospital,Low Prescriber,Rep_039,166,87250.7,3388.69,33612.07,50249.94,3446.95,358,Retail Pharmacy,Q3,September
TXN000169,2025-05-04,Central,UAE,Avastin,Oncology,Mercy General,High Prescriber,Rep_014,442,134936.0,12231.55,39550.55,83153.9,5616.4,80,Online Pharmacy,Q2,May
TXN000170,2025-04-24,Central,UAE,Trulicity,Diabetes,Cleveland Partners,Non-Prescriber,Rep_035,313,15694.23,656.58,5146.95,9890.7,671.24,152,Government,Q2,April
TXN000171,2023-10-08,Central,UAE,Avastin,Oncology,City Medical Center,Medium Prescriber,Rep_019,248,17454.55,1704.21,4808.57,10941.77,1090.23,487,Hospital,Q4,October
TXN000172,2025-12-22,West,Germany,Shingrix,Vaccines,Mercy General,Medium Prescriber,Rep_009,592,311579.56,19158.7,91507.38,200913.48,8479.59,80,Online Pharmacy,Q4,December
TXN000173,2025-03-31,East,India,Opdivo,Oncology,Mercy General,High Prescriber,Rep_022,419,115199.58,9449.08,29909.1,75841.4,8544.78,433,Hospital,Q1,March
TXN000174,2025-12-21,Central,UAE,Aduhelm,Neurology,Apollo Hospital,Low Prescriber,Rep_017,269,181179.61,13031.98,49459.61,118688.02,4643.89,459,Retail Pharmacy,Q4,December
TXN000175,2023-12-09,Central,UAE,Eliquis,Cardiology,Cleveland Partners,Medium Prescriber,Rep_040,344,98972.22,5980.07,40061.57,52930.58,5553.87,451,Hospital,Q4,December
TXN000176,2023-06-28,East,India,Eliquis,Cardiology,Sunrise Clinic,High Prescriber,Rep_001,205,69368.62,4449.07,26390.93,38528.62,5343.59,320,Online Pharmacy,Q2,June
TXN000177,2024-07-26,East,India,Keytruda,Oncology,Mercy General,Low Prescriber,Rep_040,89,7497.05,298.4,2289.32,4909.33,586.96,199,Retail Pharmacy,Q3,July
TXN000178,2024-10-14,East,India,Avastin,Oncology,Metro Health,Medium Prescriber,Rep_009,329,222070.99,19780.91,68171.71,134118.37,10608.58,247,Online Pharmacy,Q4,October
TXN000179,2025-03-29,North,USA,Aduhelm,Neurology,City Medical Center,High Prescriber,Rep_001,294,141438.89,25459.0,36198.97,79780.92,8560.62,70,Online Pharmacy,Q1,March
TXN000180,2024-03-20,South,Brazil,Eliquis,Cardiology,Sunrise Clinic,High Prescriber,Rep_020,371,247048.42,7438.52,93206.5,146403.4,5698.94,165,Retail Pharmacy,Q1,March
TXN000181,2024-09-30,North,USA,Aduhelm,Neurology,Apollo Hospital,Medium Prescriber,Rep_015,150,17882.04,3218.77,6603.2,8060.07,947.3,455,Hospital,Q3,September
TXN000182,2023-07-21,Central,UAE,Aduhelm,Neurology,City Medical Center,High Prescriber,Rep_002,305,160756.97,15099.92,59884.33,85772.72,11642.33,375,Hospital,Q3,July
TXN000183,2023-09-25,North,USA,Entresto,Cardiology,Mercy General,Low Prescriber,Rep_031,68,28186.03,5073.49,10300.3,12812.24,637.69,105,Hospital,Q3,September
TXN000184,2024-02-24,West,Germany,Aduhelm,Neurology,Sunrise Clinic,High Prescriber,Rep_023,132,84709.53,5188.41,34703.47,44817.65,5874.21,435,Online Pharmacy,Q1,February
TXN000185,2024-11-09,Central,UAE,Herceptin,Oncology,City Medical Center,High Prescriber,Rep_010,320,55750.8,4192.56,14436.99,37121.25,3663.63,475,Online Pharmacy,Q4,November
TXN000186,2023-05-06,South,Brazil,Herceptin,Oncology,Mercy General,High Prescriber,Rep_005,136,60970.71,5421.55,22317.98,33231.18,3266.89,97,Retail Pharmacy,Q2,May
TXN000187,2024-07-10,North,USA,Brilinta,Cardiology,St. Luke's,Medium Prescriber,Rep_015,228,18068.32,3252.3,4628.94,10187.08,781.98,122,Hospital,Q3,July
TXN000188,2023-06-19,North,USA,Comirnaty,Vaccines,Metro Health,Non-Prescriber,Rep_017,157,124994.53,22499.02,44882.56,57612.95,3161.37,323,Hospital,Q2,June
TXN000189,2023-11-01,Central,UAE,Ozempic,Diabetes,Cleveland Partners,Low Prescriber,Rep_021,51,8988.89,425.03,3754.75,4809.11,371.88,33,Retail Pharmacy,Q4,November
TXN000190,2023-12-25,East,India,Herceptin,Oncology,City Medical Center,Non-Prescriber,Rep_018,111,88776.17,3598.68,36695.75,48481.74,2879.77,402,Online Pharmacy,Q4,December
TXN000191,2023-06-14,South,Brazil,Trulicity,Diabetes,City Medical Center,High Prescriber,Rep_034,213,34290.47,3075.14,13447.93,17767.4,2551.78,109,Government,Q2,June
TXN000192,2024-01-30,South,Brazil,Entresto,Cardiology,Apollo Hospital,Non-Prescriber,Rep_032,164,65614.2,2126.71,29127.56,34359.93,5048.8,280,Retail Pharmacy,Q1,January
TXN000193,2024-02-11,East,India,Entresto,Cardiology,St. Luke's,Non-Prescriber,Rep_004,250,108364.15,6985.45,39602.31,61776.39,7795.13,491,Government,Q1,February
TXN000194,2023-04-26,Central,UAE,Keytruda,Oncology,St. Luke's,Non-Prescriber,Rep_022,131,31706.67,1019.54,14087.48,16599.65,1054.08,380,Hospital,Q2,April
TXN000195,2023-11-16,North,USA,Jardiance,Diabetes,Mercy General,Medium Prescriber,Rep_035,130,41474.76,7465.46,17041.46,16967.84,1523.19,144,Government,Q4,November
TXN000196,2024-06-25,North,USA,Prevnar,Vaccines,Apollo Hospital,Low Prescriber,Rep_002,281,172834.93,31110.29,69788.08,71936.56,10285.83,394,Government,Q2,June
TXN000197,2024-02-18,North,USA,Entresto,Cardiology,St. Luke's,High Prescriber,Rep_019,332,92828.2,16709.08,33402.01,42717.11,5377.11,309,Government,Q1,February
TXN000198,2024-01-10,Central,UAE,Aduhelm,Neurology,City Medical Center,Non-Prescriber,Rep_023,181,28760.43,2292.43,11025.91,15442.09,939.51,438,Retail Pharmacy,Q1,January
TXN000199,2025-01-02,North,USA,Opdivo,Oncology,City Medical Center,High Prescriber,Rep_019,335,228360.48,41104.89,82163.21,105092.38,7571.62,65,Hospital,Q1,January
TXN000200,2025-11-12,West,Germany,Herceptin,Oncology,Cleveland Partners,Non-Prescriber,Rep_015,223,103916.44,7751.79,36916.91,59247.74,4966.2,155,Retail Pharmacy,Q4,November
TXN000201,2025-02-14,East,India,Herceptin,Oncology,Apollo Hospital,High Prescriber,Rep_015,431,182106.8,9086.98,50400.91,122618.91,10520.94,74,Hospital,Q1,February
TXN000202,2023-10-21,North,USA,Entresto,Cardiology,Mercy General,High Prescriber,Rep_019,196,59834.5,10770.21,26212.88,22851.41,1493.64,468,Hospital,Q4,October
TXN000203,2025-06-29,West,Germany,Avastin,Oncology,Sunrise Clinic,Medium Prescriber,Rep_029,367,134611.34,7593.69,58860.72,68156.93,8145.12,102,Hospital,Q2,June
TXN000204,2025-06-24,Central,UAE,Trulicity,Diabetes,Mercy General,High Prescriber,Rep_020,203,37982.4,1879.78,10480.11,25622.51,2300.46,474,Government,Q2,June
TXN000205,2025-05-20,East,India,Comirnaty,Vaccines,Apollo Hospital,Low Prescriber,Rep_013,196,73411.18,4554.35,21419.66,47437.17,3092.26,216,Retail Pharmacy,Q2,May
TXN000206,2024-10-10,East,India,Entresto,Cardiology,Sunrise Clinic,Non-Prescriber,Rep_018,168,35583.33,2755.82,13221.0,19606.51,1342.14,111,Government,Q4,October
TXN000207,2024-06-23,South,Brazil,Aduhelm,Neurology,Metro Health,Medium Prescriber,Rep_010,519,103494.55,9554.1,31822.7,62117.75,4353.72,76,Hospital,Q2,June
TXN000208,2025-05-17,North,USA,Jardiance,Diabetes,St. Luke's,Medium Prescriber,Rep_001,172,43001.1,7740.2,16984.2,18276.7,3124.41,68,Online Pharmacy,Q2,May
TXN000209,2023-04-14,South,Brazil,Keytruda,Oncology,Cleveland Partners,Medium Prescriber,Rep_007,363,251503.52,17674.38,66718.1,167111.04,10803.29,215,Online Pharmacy,Q2,April
TXN000210,2024-06-02,South,Brazil,Herceptin,Oncology,City Medical Center,Non-Prescriber,Rep_033,117,32157.5,2419.92,14304.91,15432.67,2277.51,60,Government,Q2,June
TXN000211,2025-12-18,West,Germany,Entresto,Cardiology,Sunrise Clinic,Non-Prescriber,Rep_026,120,11912.54,547.7,3565.67,7799.17,584.25,386,Online Pharmacy,Q4,December
TXN000212,2024-08-30,Central,UAE,Comirnaty,Vaccines,Mercy General,Medium Prescriber,Rep_019,342,216382.03,9596.26,85498.04,121287.73,12373.61,453,Government,Q3,August
TXN000213,2025-05-12,Central,UAE,Brilinta,Cardiology,Sunrise Clinic,Low Prescriber,Rep_026,465,113891.86,6168.78,49371.8,58351.28,4263.0,261,Hospital,Q2,May
TXN000214,2024-04-03,Central,UAE,Eliquis,Cardiology,Metro Health,Medium Prescriber,Rep_018,234,145271.0,7960.67,63892.25,73418.08,11293.17,329,Retail Pharmacy,Q2,April
TXN000215,2023-01-03,East,India,Entresto,Cardiology,Cleveland Partners,Medium Prescriber,Rep_011,154,59160.06,2641.08,15381.37,41137.61,4177.82,491,Government,Q1,January
TXN000216,2024-07-13,North,USA,Prevnar,Vaccines,Metro Health,Medium Prescriber,Rep_018,265,56799.6,10223.93,19413.69,27161.98,4269.24,129,Retail Pharmacy,Q3,July
TXN000217,2023-05-05,North,USA,Ozempic,Diabetes,Cleveland Partners,Medium Prescriber,Rep_008,199,153250.24,27585.04,54295.32,71369.88,12051.37,31,Retail Pharmacy,Q2,May
TXN000218,2025-11-28,West,Germany,Keytruda,Oncology,Cleveland Partners,Non-Prescriber,Rep_040,307,207702.65,17635.92,67585.84,122480.89,11033.04,412,Retail Pharmacy,Q4,November
TXN000219,2024-09-04,East,India,Jardiance,Diabetes,Sunrise Clinic,Low Prescriber,Rep_034,234,82385.15,7630.92,20603.58,54150.65,6103.34,119,Government,Q3,September
TXN000220,2025-09-06,South,Brazil,Brilinta,Cardiology,Mercy General,Medium Prescriber,Rep_001,207,106921.64,10635.6,34991.67,61294.37,5819.8,237,Retail Pharmacy,Q3,September
TXN000221,2023-11-11,Central,UAE,Prevnar,Vaccines,Cleveland Partners,Non-Prescriber,Rep_005,138,10929.25,355.43,3115.32,7458.5,786.97,177,Online Pharmacy,Q4,November
TXN000222,2024-08-10,South,Brazil,Brilinta,Cardiology,St. Luke's,Non-Prescriber,Rep_015,132,95115.34,9155.04,40758.03,45202.27,4296.06,401,Retail Pharmacy,Q3,August
TXN000223,2023-04-22,North,USA,Eliquis,Cardiology,Cleveland Partners,High Prescriber,Rep_003,331,67956.57,12232.18,17956.28,37768.11,1640.5,473,Government,Q2,April
TXN000224,2025-09-20,West,Germany,Ozempic,Diabetes,Sunrise Clinic,Medium Prescriber,Rep_006,157,68568.9,4280.79,17764.88,46523.23,2564.6,37,Hospital,Q3,September
TXN000225,2023-07-31,West,Germany,Herceptin,Oncology,Sunrise Clinic,High Prescriber,Rep_005,311,15893.77,1288.26,7046.81,7558.7,531.77,348,Hospital,Q3,July
TXN000226,2025-05-18,South,Brazil,Opdivo,Oncology,Cleveland Partners,Medium Prescriber,Rep_021,384,126031.01,11738.0,51841.43,62451.58,9967.98,389,Online Pharmacy,Q2,May
TXN000227,2025-07-26,East,India,Herceptin,Oncology,Mercy General,High Prescriber,Rep_004,299,52471.8,4441.43,19244.27,28786.1,4047.32,69,Online Pharmacy,Q3,July
TXN000228,2025-05-18,North,USA,Aduhelm,Neurology,Sunrise Clinic,Low Prescriber,Rep_006,268,87625.43,15772.58,38255.95,33596.9,6103.14,363,Hospital,Q2,May
TXN000229,2023-11-09,North,USA,Keytruda,Oncology,Apollo Hospital,High Prescriber,Rep_003,119,77981.08,14036.59,22540.28,41404.21,3175.43,201,Hospital,Q4,November
TXN000230,2023-04-19,West,Germany,Nurtec,Neurology,Apollo Hospital,Low Prescriber,Rep_040,218,37556.28,3193.58,14905.67,19457.03,1617.22,61,Retail Pharmacy,Q2,April
TXN000231,2025-01-28,West,Germany,Comirnaty,Vaccines,Mercy General,High Prescriber,Rep_027,344,199056.72,17357.54,71518.31,110180.87,15530.83,73,Online Pharmacy,Q1,January
TXN000232,2024-10-20,Central,UAE,Avastin,Oncology,Cleveland Partners,Non-Prescriber,Rep_007,122,20490.5,1059.05,6311.26,13120.19,1481.15,352,Retail Pharmacy,Q4,October
TXN000233,2024-08-17,East,India,Brilinta,Cardiology,Cleveland Partners,Low Prescriber,Rep_012,173,40764.43,1687.53,11715.0,27361.9,863.71,225,Hospital,Q3,August
TXN000234,2025-12-28,Central,UAE,Entresto,Cardiology,Metro Health,Low Prescriber,Rep_015,201,60167.77,2043.36,19541.54,38582.87,4612.88,338,Government,Q4,December
TXN000235,2025-01-29,North,USA,Entresto,Cardiology,St. Luke's,High Prescriber,Rep_028,310,18169.25,3270.46,6177.97,8720.82,1428.58,96,Retail Pharmacy,Q1,January
TXN000236,2024-02-29,East,India,Avastin,Oncology,St. Luke's,Non-Prescriber,Rep_024,225,98950.09,3481.36,36720.04,58748.69,5047.19,383,Retail Pharmacy,Q1,February
TXN000237,2023-08-07,East,India,Herceptin,Oncology,Sunrise Clinic,Low Prescriber,Rep_010,134,69376.7,5230.68,21054.47,43091.55,1450.43,484,Hospital,Q3,August
TXN000238,2023-04-10,West,Germany,Aduhelm,Neurology,City Medical Center,Medium Prescriber,Rep_021,192,9890.67,417.25,2704.24,6769.18,464.32,325,Government,Q2,April
TXN000239,2023-01-25,West,Germany,Vyepti,Neurology,Metro Health,Medium Prescriber,Rep_032,216,162475.28,11038.46,71152.85,80283.97,5398.89,376,Online Pharmacy,Q1,January
TXN000240,2024-01-05,North,USA,Vyepti,Neurology,Sunrise Clinic,Low Prescriber,Rep_004,178,52560.46,9460.88,22496.48,20603.1,1317.06,413,Hospital,Q1,January
TXN000241,2025-05-09,East,India,Brilinta,Cardiology,Sunrise Clinic,Non-Prescriber,Rep_033,505,295697.47,10762.62,85709.11,199225.74,21481.89,382,Hospital,Q2,May
TXN000242,2023-10-23,North,USA,Opdivo,Oncology,Metro Health,Non-Prescriber,Rep_010,310,114259.38,20566.69,33485.87,60206.82,6378.62,317,Retail Pharmacy,Q4,October
TXN000243,2023-11-15,West,Germany,Trulicity,Diabetes,Mercy General,High Prescriber,Rep_006,92,55858.82,4561.11,19790.21,31507.5,1346.62,217,Government,Q4,November
TXN000244,2025-05-14,East,India,Avastin,Oncology,Apollo Hospital,Medium Prescriber,Rep_040,290,159455.71,13572.41,54353.52,91529.78,9218.91,161,Online Pharmacy,Q2,May
TXN000245,2023-04-02,East,India,Herceptin,Oncology,Apollo Hospital,Non-Prescriber,Rep_015,218,108811.22,4796.06,40047.59,63967.57,4837.53,261,Hospital,Q2,April
TXN000246,2023-05-01,West,Germany,Entresto,Cardiology,Sunrise Clinic,Low Prescriber,Rep_020,41,6954.39,286.75,1836.64,4831.0,216.55,348,Government,Q2,May
TXN000247,2023-05-20,North,USA,Avastin,Oncology,Sunrise Clinic,Medium Prescriber,Rep_032,220,69886.19,12579.51,22416.54,34890.14,4872.0,405,Government,Q2,May
TXN000248,2023-11-10,Central,UAE,Opdivo,Oncology,Metro Health,High Prescriber,Rep_005,79,55871.93,2077.3,18356.51,35438.12,2972.51,276,Retail Pharmacy,Q4,November
TXN000249,2024-02-18,Central,UAE,Avastin,Oncology,Mercy General,Low Prescriber,Rep_040,554,307599.67,13087.67,119591.65,174920.35,10389.45,102,Hospital,Q1,February
TXN000250,2024-10-23,West,Germany,Vyepti,Neurology,Sunrise Clinic,Non-Prescriber,Rep_036,113,34908.24,2059.38,13840.52,19008.34,2544.8,104,Retail Pharmacy,Q4,October
TXN000251,2023-09-04,East,India,Vyepti,Neurology,Mercy General,Low Prescriber,Rep_003,115,70384.93,4929.33,31479.61,33975.99,3159.17,389,Retail Pharmacy,Q3,September
TXN000252,2025-08-03,South,Brazil,Ozempic,Diabetes,Cleveland Partners,Non-Prescriber,Rep_029,139,63941.94,4493.75,16268.64,43179.55,4904.78,29,Government,Q3,August
TXN000253,2023-11-01,North,USA,Nurtec,Neurology,City Medical Center,Low Prescriber,Rep_029,306,193504.29,34830.77,72035.32,86638.2,13823.66,352,Hospital,Q4,November
TXN000254,2024-10-29,North,USA,Aduhelm,Neurology,Apollo Hospital,Low Prescriber,Rep_007,276,169596.13,30527.3,58173.35,80895.48,12287.28,141,Retail Pharmacy,Q4,October
TXN000255,2024-03-04,East,India,Ozempic,Diabetes,Metro Health,Non-Prescriber,Rep_040,212,113596.1,3531.2,34780.44,75284.46,3689.3,6,Online Pharmacy,Q1,March
TXN000256,2024-11-15,West,Germany,Eliquis,Cardiology,City Medical Center,Low Prescriber,Rep_003,214,93095.6,9239.3,27585.13,56271.17,7126.72,69,Retail Pharmacy,Q4,November
TXN000257,2024-07-27,West,Germany,Nurtec,Neurology,Mercy General,Non-Prescriber,Rep_031,97,30308.49,2880.83,9875.88,17551.78,2118.02,429,Online Pharmacy,Q3,July
TXN000258,2023-09-07,North,USA,Avastin,Oncology,City Medical Center,High Prescriber,Rep_019,83,36586.81,6585.63,11709.26,18291.92,2218.93,391,Online Pharmacy,Q3,September
TXN000259,2025-06-13,West,Germany,Eliquis,Cardiology,Metro Health,Medium Prescriber,Rep_012,283,175187.33,12578.6,66715.99,95892.74,12849.58,310,Retail Pharmacy,Q2,June
TXN000260,2025-11-29,South,Brazil,Nurtec,Neurology,St. Luke's,Medium Prescriber,Rep_012,294,204663.77,18584.45,80815.35,105263.97,13251.0,301,Government,Q4,November
TXN000261,2024-01-19,West,Germany,Aduhelm,Neurology,Metro Health,High Prescriber,Rep_027,448,273806.23,12527.44,97405.17,163873.62,19044.61,258,Online Pharmacy,Q1,January
TXN000262,2025-09-01,West,Germany,Keytruda,Oncology,Mercy General,Non-Prescriber,Rep_008,557,220651.2,21807.27,89880.43,108963.5,14655.6,386,Hospital,Q3,September
TXN000263,2024-02-09,South,Brazil,Keytruda,Oncology,Cleveland Partners,Medium Prescriber,Rep_018,369,137171.58,6045.78,48399.65,82726.15,8802.81,246,Retail Pharmacy,Q1,February
TXN000264,2024-11-18,West,Germany,Ozempic,Diabetes,City Medical Center,Low Prescriber,Rep_031,253,184012.03,17545.54,75494.54,90971.95,11124.54,5,Government,Q4,November
TXN000265,2025-10-08,South,Brazil,Herceptin,Oncology,Apollo Hospital,Non-Prescriber,Rep_015,203,57681.9,1794.02,14618.32,41269.56,4325.92,367,Online Pharmacy,Q4,October
TXN000266,2023-05-18,East,India,Eliquis,Cardiology,Mercy General,Non-Prescriber,Rep_019,207,21113.22,1576.79,8373.52,11162.91,1278.78,112,Government,Q2,May
TXN000267,2024-06-23,Central,UAE,Prevnar,Vaccines,City Medical Center,High Prescriber,Rep_018,238,127837.34,11033.51,50242.64,66561.19,7106.41,74,Government,Q2,June
TXN000268,2023-10-04,East,India,Brilinta,Cardiology,Mercy General,Low Prescriber,Rep_040,139,108515.32,3785.67,39167.25,65562.4,7039.13,414,Online Pharmacy,Q4,October
TXN000269,2023-04-03,North,USA,Eliquis,Cardiology,Sunrise Clinic,Non-Prescriber,Rep_040,233,22240.71,4003.33,8608.91,9628.47,478.13,127,Retail Pharmacy,Q2,April
TXN000270,2023-01-13,East,India,Shingrix,Vaccines,Cleveland Partners,Non-Prescriber,Rep_026,224,165979.66,11755.24,61174.8,93049.62,6854.21,73,Retail Pharmacy,Q1,January
TXN000271,2025-07-30,Central,UAE,Nurtec,Neurology,Sunrise Clinic,High Prescriber,Rep_035,129,26886.68,2430.82,11486.49,12969.37,854.98,381,Government,Q3,July
TXN000272,2024-09-22,North,USA,Trulicity,Diabetes,Mercy General,Non-Prescriber,Rep_030,252,36780.08,6620.41,11751.29,18408.38,1696.43,228,Hospital,Q3,September
TXN000273,2025-12-30,North,USA,Entresto,Cardiology,Apollo Hospital,Low Prescriber,Rep_037,280,62166.81,11190.03,21374.28,29602.5,2245.08,95,Online Pharmacy,Q4,December
TXN000274,2023-12-26,Central,UAE,Trulicity,Diabetes,Apollo Hospital,High Prescriber,Rep_026,268,17524.68,1539.78,5662.56,10322.34,722.4,186,Retail Pharmacy,Q4,December
TXN000275,2024-01-18,Central,UAE,Jardiance,Diabetes,Metro Health,High Prescriber,Rep_038,122,30929.99,1141.34,12862.63,16926.02,1930.05,327,Retail Pharmacy,Q1,January
TXN000276,2025-12-24,East,India,Herceptin,Oncology,City Medical Center,Non-Prescriber,Rep_040,92,8531.53,505.94,2915.11,5110.48,541.76,308,Hospital,Q4,December
TXN000277,2024-11-09,Central,UAE,Herceptin,Oncology,Mercy General,Low Prescriber,Rep_012,178,111048.9,10641.74,28113.65,72293.51,5704.09,261,Online Pharmacy,Q4,November
TXN000278,2023-08-15,East,India,Aduhelm,Neurology,Metro Health,Low Prescriber,Rep_013,152,55040.57,3631.0,23703.75,27705.82,4039.59,418,Hospital,Q3,August
TXN000279,2025-04-24,East,India,Jardiance,Diabetes,Cleveland Partners,Medium Prescriber,Rep_034,308,48022.64,3359.73,13785.09,30877.82,1763.32,148,Online Pharmacy,Q2,April
TXN000280,2023-03-13,North,USA,Prevnar,Vaccines,Cleveland Partners,Low Prescriber,Rep_005,373,281305.87,50635.06,120623.12,110047.69,11322.23,378,Retail Pharmacy,Q1,March
TXN000281,2025-02-04,Central,UAE,Herceptin,Oncology,Mercy General,Non-Prescriber,Rep_013,205,90500.27,6445.91,36230.45,47823.91,5195.5,320,Hospital,Q1,February
TXN000282,2025-12-17,North,USA,Brilinta,Cardiology,Cleveland Partners,Non-Prescriber,Rep_002,277,177102.58,31878.46,65171.9,80052.22,3610.43,397,Retail Pharmacy,Q4,December
TXN000283,2023-01-13,South,Brazil,Brilinta,Cardiology,Sunrise Clinic,High Prescriber,Rep_040,260,90583.81,7964.92,25738.64,56880.25,1977.25,142,Government,Q1,January
TXN000284,2024-04-23,East,India,Shingrix,Vaccines,Mercy General,Non-Prescriber,Rep_015,284,195885.17,18606.51,88007.22,89271.44,13273.27,389,Online Pharmacy,Q2,April
TXN000285,2025-06-22,West,Germany,Keytruda,Oncology,City Medical Center,Low Prescriber,Rep_017,157,28279.16,1600.11,11602.63,15076.42,1230.87,387,Hospital,Q2,June
TXN000286,2024-02-28,North,USA,Aduhelm,Neurology,City Medical Center,Low Prescriber,Rep_011,224,14418.12,2595.26,5988.88,5833.98,742.3,398,Online Pharmacy,Q1,February
TXN000287,2023-04-14,North,USA,Prevnar,Vaccines,St. Luke's,Medium Prescriber,Rep_037,293,72992.84,13138.71,27174.7,32679.43,4431.4,192,Government,Q2,April
TXN000288,2023-02-27,East,India,Eliquis,Cardiology,City Medical Center,Non-Prescriber,Rep_001,472,146397.64,8856.35,59861.43,77679.86,5371.0,114,Retail Pharmacy,Q1,February
TXN000289,2024-04-04,South,Brazil,Trulicity,Diabetes,Apollo Hospital,Low Prescriber,Rep_024,195,64229.43,6102.06,16851.34,41276.03,1640.52,123,Government,Q2,April
TXN000290,2025-07-08,Central,UAE,Entresto,Cardiology,Mercy General,Low Prescriber,Rep_035,530,326162.56,22978.93,140534.3,162649.33,22519.72,390,Online Pharmacy,Q3,July
TXN000291,2023-06-11,Central,UAE,Herceptin,Oncology,Metro Health,High Prescriber,Rep_002,165,52400.13,4350.39,16192.4,31857.34,1987.61,98,Retail Pharmacy,Q2,June
TXN000292,2024-09-19,Central,UAE,Aduhelm,Neurology,Cleveland Partners,Non-Prescriber,Rep_005,228,60638.65,3911.03,18797.28,37930.34,3381.51,245,Retail Pharmacy,Q3,September
TXN000293,2024-04-15,Central,UAE,Herceptin,Oncology,St. Luke's,Medium Prescriber,Rep_025,187,140000.58,12245.66,50865.16,76889.76,8319.09,454,Online Pharmacy,Q2,April
TXN000294,2023-07-11,North,USA,Ozempic,Diabetes,St. Luke's,High Prescriber,Rep_040,200,27806.36,5005.14,12404.8,10396.42,914.32,7,Online Pharmacy,Q3,July
TXN000295,2024-12-17,East,India,Trulicity,Diabetes,Sunrise Clinic,Medium Prescriber,Rep_021,149,40567.96,3881.63,16784.91,19901.42,3205.44,166,Online Pharmacy,Q4,December
TXN000296,2025-05-06,South,Brazil,Avastin,Oncology,Mercy General,Medium Prescriber,Rep_038,216,110263.19,5259.56,40304.1,64699.53,4581.71,420,Government,Q2,May
TXN000297,2024-06-12,South,Brazil,Brilinta,Cardiology,Metro Health,Low Prescriber,Rep_008,479,80005.87,7074.23,25735.24,47196.4,5982.32,304,Hospital,Q2,June
TXN000298,2024-02-19,East,India,Ozempic,Diabetes,Apollo Hospital,Medium Prescriber,Rep_006,291,218340.81,17002.34,77797.98,123540.49,4794.66,21,Government,Q1,February
TXN000299,2024-06-09,East,India,Comirnaty,Vaccines,City Medical Center,High Prescriber,Rep_035,203,44251.34,2068.31,15596.83,26586.2,2938.92,69,Government,Q2,June
TXN000300,2024-03-07,North,USA,Vyepti,Neurology,Metro Health,Medium Prescriber,Rep_014,235,170244.64,30644.04,75325.13,64275.47,7941.39,387,Hospital,Q1,March
TXN000301,2025-01-01,North,USA,Brilinta,Cardiology,City Medical Center,Medium Prescriber,Rep_008,221,36954.02,6651.72,10865.14,19437.16,1888.22,369,Online Pharmacy,Q1,January
TXN000302,2025-08-19,Central,UAE,Herceptin,Oncology,Apollo Hospital,Medium Prescriber,Rep_023,243,85635.14,7079.27,30508.27,48047.6,5193.45,242,Hospital,Q3,August
TXN000303,2024-05-08,North,USA,Comirnaty,Vaccines,St. Luke's,Non-Prescriber,Rep_009,321,200976.86,36175.83,70361.09,94439.94,9250.21,162,Hospital,Q2,May
TXN000304,2024-03-22,Central,UAE,Avastin,Oncology,City Medical Center,High Prescriber,Rep_003,467,258400.38,22320.65,113528.53,122551.2,11372.91,402,Hospital,Q1,March
TXN000305,2023-04-23,East,India,Aduhelm,Neurology,Sunrise Clinic,Medium Prescriber,Rep_025,156,30977.18,1071.76,13240.39,16665.03,1399.89,273,Online Pharmacy,Q2,April
TXN000306,2025-11-14,North,USA,Brilinta,Cardiology,St. Luke's,Medium Prescriber,Rep_035,318,97119.94,17481.59,39915.59,39722.76,2247.69,121,Government,Q4,November
TXN000307,2025-06-21,North,USA,Ozempic,Diabetes,Metro Health,Low Prescriber,Rep_011,361,80721.91,14529.94,34200.41,31991.56,6101.59,19,Online Pharmacy,Q2,June
TXN000308,2023-07-06,East,India,Eliquis,Cardiology,St. Luke's,Medium Prescriber,Rep_027,169,47290.36,1551.98,17387.27,28351.11,2074.21,488,Government,Q3,July
TXN000309,2024-07-28,East,India,Trulicity,Diabetes,Cleveland Partners,Non-Prescriber,Rep_005,211,77983.69,6883.27,32061.42,39039.0,2609.27,151,Retail Pharmacy,Q3,July
TXN000310,2023-03-17,North,USA,Eliquis,Cardiology,Sunrise Clinic,Non-Prescriber,Rep_019,132,72216.83,12999.03,30629.09,28588.71,4733.47,377,Hospital,Q1,March
TXN000311,2025-10-08,East,India,Trulicity,Diabetes,Metro Health,Non-Prescriber,Rep_030,136,81658.35,4430.71,27073.27,50154.37,2248.38,127,Hospital,Q4,October
TXN000312,2025-04-09,South,Brazil,Trulicity,Diabetes,Apollo Hospital,Medium Prescriber,Rep_018,143,19069.46,1437.21,8104.97,9527.28,1285.88,113,Hospital,Q2,April
TXN000313,2023-10-05,North,USA,Aduhelm,Neurology,Sunrise Clinic,Non-Prescriber,Rep_019,102,25804.26,4644.77,6870.28,14289.21,2052.86,120,Retail Pharmacy,Q4,October
TXN000314,2024-02-19,West,Germany,Aduhelm,Neurology,Metro Health,Low Prescriber,Rep_031,212,75979.29,4552.99,24013.78,47412.52,4091.78,432,Government,Q1,February
TXN000315,2023-01-04,North,USA,Keytruda,Oncology,Mercy General,Low Prescriber,Rep_028,74,32759.83,5896.77,9851.43,17011.63,1580.89,271,Hospital,Q1,January
TXN000316,2024-06-14,West,Germany,Avastin,Oncology,Metro Health,Non-Prescriber,Rep_038,329,183372.37,13128.9,67963.31,102280.16,11176.9,308,Online Pharmacy,Q2,June
TXN000317,2023-10-25,West,Germany,Avastin,Oncology,Metro Health,High Prescriber,Rep_020,220,114179.48,9396.45,33539.4,71243.63,2694.25,108,Retail Pharmacy,Q4,October
TXN000318,2023-01-12,North,USA,Vyepti,Neurology,Mercy General,Low Prescriber,Rep_036,164,18236.64,3282.6,5502.33,9451.71,395.21,334,Online Pharmacy,Q1,January
TXN000319,2024-06-10,South,Brazil,Aduhelm,Neurology,St. Luke's,Non-Prescriber,Rep_014,72,34751.58,2414.34,12164.99,20172.25,839.72,90,Retail Pharmacy,Q2,June
TXN000320,2023-02-05,Central,UAE,Entresto,Cardiology,Cleveland Partners,Non-Prescriber,Rep_021,91,46488.65,3285.99,13980.4,29222.26,3039.43,86,Online Pharmacy,Q1,February
TXN000321,2024-12-10,North,USA,Entresto,Cardiology,Sunrise Clinic,Non-Prescriber,Rep_017,343,249370.99,44886.78,104100.57,100383.64,6893.15,106,Hospital,Q4,December
TXN000322,2023-04-19,South,Brazil,Eliquis,Cardiology,Metro Health,Medium Prescriber,Rep_023,249,68247.7,6305.0,17248.02,44694.68,2686.47,299,Online Pharmacy,Q2,April
TXN000323,2023-11-22,Central,UAE,Prevnar,Vaccines,Mercy General,Non-Prescriber,Rep_023,272,91944.7,7046.53,41169.81,43728.36,3084.16,225,Online Pharmacy,Q4,November
TXN000324,2023-02-23,North,USA,Prevnar,Vaccines,Cleveland Partners,Non-Prescriber,Rep_033,368,102785.33,18501.36,33974.74,50309.23,6203.14,356,Government,Q1,February
TXN000325,2023-10-03,West,Germany,Aduhelm,Neurology,Apollo Hospital,High Prescriber,Rep_022,208,146566.07,9526.37,58047.47,78992.23,8376.3,133,Online Pharmacy,Q4,October
TXN000326,2025-12-02,South,Brazil,Vyepti,Neurology,City Medical Center,Non-Prescriber,Rep_039,225,29482.52,1871.97,10823.41,16787.14,1547.32,88,Government,Q4,December
TXN000327,2024-10-27,East,India,Entresto,Cardiology,Mercy General,Medium Prescriber,Rep_028,180,134893.52,8987.27,41055.83,84850.42,5928.57,319,Hospital,Q4,October
TXN000328,2024-01-11,Central,UAE,Entresto,Cardiology,Metro Health,High Prescriber,Rep_004,161,72012.96,5852.29,31312.79,34847.88,5653.79,424,Government,Q1,January
TXN000329,2024-06-06,Central,UAE,Vyepti,Neurology,Mercy General,Medium Prescriber,Rep_029,364,168478.8,14371.42,52834.36,101273.02,9229.92,205,Government,Q2,June
TXN000330,2025-03-08,North,USA,Herceptin,Oncology,Metro Health,Medium Prescriber,Rep_038,169,127727.87,22991.02,54224.44,50512.41,6019.2,493,Online Pharmacy,Q1,March
TXN000331,2025-10-05,West,Germany,Shingrix,Vaccines,Mercy General,Non-Prescriber,Rep_034,222,90589.8,6533.92,33187.33,50868.55,3993.9,202,Online Pharmacy,Q4,October
TXN000332,2023-03-12,West,Germany,Opdivo,Oncology,Metro Health,High Prescriber,Rep_018,338,104479.4,9007.26,37409.45,58062.69,2586.58,304,Online Pharmacy,Q1,March
TXN000333,2025-11-20,North,USA,Herceptin,Oncology,Apollo Hospital,Medium Prescriber,Rep_030,268,29603.7,5328.67,12963.87,11311.16,1933.36,313,Retail Pharmacy,Q4,November
TXN000334,2024-11-23,South,Brazil,Vyepti,Neurology,City Medical Center,High Prescriber,Rep_018,281,222218.22,11732.66,73071.4,137414.16,12488.68,410,Government,Q4,November
TXN000335,2023-02-02,Central,UAE,Opdivo,Oncology,Cleveland Partners,High Prescriber,Rep_015,127,81209.38,5949.01,25854.59,49405.78,5882.2,55,Retail Pharmacy,Q1,February
TXN000336,2023-10-01,East,India,Entresto,Cardiology,St. Luke's,Non-Prescriber,Rep_034,257,54548.14,3326.37,14164.65,37057.12,3776.33,421,Hospital,Q4,October
TXN000337,2023-05-14,North,USA,Herceptin,Oncology,Sunrise Clinic,Non-Prescriber,Rep_032,231,88713.22,15968.38,22436.76,50308.08,3091.12,439,Online Pharmacy,Q2,May
TXN000338,2024-03-04,North,USA,Entresto,Cardiology,Sunrise Clinic,High Prescriber,Rep_003,301,79019.44,14223.5,32986.46,31809.48,4154.83,218,Government,Q1,March
TXN000339,2024-09-14,West,Germany,Herceptin,Oncology,City Medical Center,High Prescriber,Rep_003,235,179613.2,16497.39,54624.68,108491.13,5684.72,263,Hospital,Q3,September
TXN000340,2023-01-09,East,India,Brilinta,Cardiology,Mercy General,Medium Prescriber,Rep_016,256,31617.48,1046.05,9075.97,21495.46,1659.17,340,Retail Pharmacy,Q1,January
TXN000341,2023-01-12,South,Brazil,Entresto,Cardiology,Metro Health,Low Prescriber,Rep_005,207,134004.2,11118.74,51740.58,71144.88,4015.37,76,Government,Q1,January
TXN000342,2024-10-19,North,USA,Prevnar,Vaccines,Apollo Hospital,High Prescriber,Rep_004,124,36996.62,6659.39,14916.83,15420.4,1658.22,343,Retail Pharmacy,Q4,October
TXN000343,2025-06-22,Central,UAE,Opdivo,Oncology,St. Luke's,Low Prescriber,Rep_018,310,239434.47,9106.35,83342.76,146985.36,7223.8,72,Retail Pharmacy,Q2,June
TXN000344,2024-08-10,East,India,Herceptin,Oncology,Apollo Hospital,Non-Prescriber,Rep_001,180,114627.48,11402.69,34174.36,69050.43,8305.73,423,Government,Q3,August
TXN000345,2023-03-17,West,Germany,Vyepti,Neurology,Mercy General,High Prescriber,Rep_026,186,67891.54,4785.35,28278.34,34827.85,4633.59,439,Government,Q1,March
TXN000346,2025-10-16,North,USA,Entresto,Cardiology,Mercy General,High Prescriber,Rep_001,137,23160.2,4168.84,10187.12,8804.24,1685.51,458,Retail Pharmacy,Q4,October
TXN000347,2025-07-07,South,Brazil,Nurtec,Neurology,City Medical Center,High Prescriber,Rep_018,451,340053.37,18529.44,101594.48,219929.45,20183.6,139,Online Pharmacy,Q3,July
TXN000348,2025-12-09,West,Germany,Opdivo,Oncology,Mercy General,Low Prescriber,Rep_020,265,161266.42,9493.47,46630.37,105142.58,8190.8,108,Hospital,Q4,December
TXN000349,2025-07-25,Central,UAE,Avastin,Oncology,City Medical Center,Medium Prescriber,Rep_002,220,63642.44,3760.38,27468.27,32413.79,2199.15,91,Online Pharmacy,Q3,July
TXN000350,2023-05-26,North,USA,Eliquis,Cardiology,Metro Health,Low Prescriber,Rep_034,135,32428.29,5837.09,12271.43,14319.77,1184.68,272,Hospital,Q2,May
TXN000351,2024-12-23,South,Brazil,Nurtec,Neurology,Sunrise Clinic,Medium Prescriber,Rep_034,420,114160.48,5468.52,36015.83,72676.13,3410.8,131,Hospital,Q4,December
TXN000352,2025-12-29,East,India,Entresto,Cardiology,Mercy General,Low Prescriber,Rep_015,182,32554.72,2157.25,9531.99,20865.48,1204.43,230,Online Pharmacy,Q4,December
TXN000353,2023-06-03,East,India,Aduhelm,Neurology,St. Luke's,Low Prescriber,Rep_002,215,13997.23,570.6,5980.1,7446.53,665.02,304,Hospital,Q2,June
TXN000354,2024-09-08,Central,UAE,Shingrix,Vaccines,St. Luke's,Non-Prescriber,Rep_009,226,48700.35,1931.88,20542.9,26225.57,2435.19,353,Online Pharmacy,Q3,September
TXN000355,2023-06-28,East,India,Nurtec,Neurology,Mercy General,High Prescriber,Rep_039,178,29108.05,1182.72,9189.75,18735.58,677.29,132,Online Pharmacy,Q2,June
TXN000356,2024-08-16,North,USA,Entresto,Cardiology,Mercy General,Non-Prescriber,Rep_015,144,50214.3,9038.57,12622.01,28553.72,2581.24,464,Hospital,Q3,August
TXN000357,2025-08-02,South,Brazil,Jardiance,Diabetes,City Medical Center,Non-Prescriber,Rep_018,130,69052.94,2195.19,28145.57,38712.18,5123.38,170,Online Pharmacy,Q3,August
TXN000358,2023-06-22,East,India,Eliquis,Cardiology,St. Luke's,Low Prescriber,Rep_034,150,113815.21,8852.3,36002.41,68960.5,5694.72,340,Online Pharmacy,Q2,June
TXN000359,2025-08-04,West,Germany,Jardiance,Diabetes,Metro Health,Low Prescriber,Rep_007,264,78306.88,5979.67,31351.34,40975.87,5381.0,475,Hospital,Q3,August
TXN000360,2024-12-08,Central,UAE,Entresto,Cardiology,City Medical Center,Low Prescriber,Rep_033,434,301525.7,29297.16,88510.61,183717.93,7625.32,137,Retail Pharmacy,Q4,December
TXN000361,2024-01-18,South,Brazil,Brilinta,Cardiology,Metro Health,Low Prescriber,Rep_031,400,257918.91,25453.22,112581.03,119884.66,19610.08,231,Government,Q1,January
TXN000362,2025-12-09,Central,UAE,Nurtec,Neurology,Cleveland Partners,High Prescriber,Rep_034,150,46852.06,4234.24,13897.0,28720.82,2891.3,333,Online Pharmacy,Q4,December
TXN000363,2025-01-22,Central,UAE,Entresto,Cardiology,Sunrise Clinic,High Prescriber,Rep_031,138,12712.77,608.87,4519.55,7584.35,385.14,125,Online Pharmacy,Q1,January
TXN000364,2023-11-06,East,India,Avastin,Oncology,St. Luke's,Medium Prescriber,Rep_017,40,17901.87,1123.5,5945.96,10832.41,1236.26,452,Online Pharmacy,Q4,November
TXN000365,2025-05-11,North,USA,Ozempic,Diabetes,Mercy General,High Prescriber,Rep_040,127,101193.71,18214.87,34107.59,48871.25,7613.96,17,Hospital,Q2,May
TXN000366,2024-09-03,South,Brazil,Keytruda,Oncology,Mercy General,Non-Prescriber,Rep_004,72,44253.83,3597.84,18818.43,21837.56,2804.24,154,Online Pharmacy,Q3,September
TXN000367,2023-06-10,North,USA,Herceptin,Oncology,Sunrise Clinic,Medium Prescriber,Rep_024,207,27521.21,4953.82,7076.2,15491.19,2192.33,154,Online Pharmacy,Q2,June
TXN000368,2025-08-30,East,India,Opdivo,Oncology,Apollo Hospital,Low Prescriber,Rep_007,321,227296.6,19120.84,87354.07,120821.69,4978.56,290,Online Pharmacy,Q3,August
TXN000369,2024-04-14,South,Brazil,Entresto,Cardiology,Mercy General,Low Prescriber,Rep_012,397,283806.13,16433.79,119932.07,147440.27,10223.97,290,Retail Pharmacy,Q2,April
TXN000370,2025-04-19,North,USA,Trulicity,Diabetes,City Medical Center,Medium Prescriber,Rep_030,160,16182.39,2912.83,4651.22,8618.34,863.05,181,Hospital,Q2,April
TXN000371,2024-02-29,Central,UAE,Comirnaty,Vaccines,Sunrise Clinic,High Prescriber,Rep_015,164,111519.72,5994.47,43691.18,61834.07,8879.99,191,Retail Pharmacy,Q1,February
TXN000372,2024-07-22,Central,UAE,Nurtec,Neurology,Cleveland Partners,Medium Prescriber,Rep_040,258,27965.24,2709.31,8372.58,16883.35,2001.72,125,Retail Pharmacy,Q3,July
TXN000373,2023-06-20,East,India,Jardiance,Diabetes,Cleveland Partners,Non-Prescriber,Rep_014,158,103053.28,10166.78,38251.86,54634.64,5175.59,445,Retail Pharmacy,Q2,June
TXN000374,2025-10-30,South,Brazil,Entresto,Cardiology,City Medical Center,Medium Prescriber,Rep_006,200,108208.8,6360.98,41408.53,60439.29,2931.74,230,Hospital,Q4,October
TXN000375,2024-01-26,North,USA,Comirnaty,Vaccines,City Medical Center,High Prescriber,Rep_005,112,87047.74,15668.59,34552.88,36826.27,5394.85,433,Hospital,Q1,January
TXN000376,2025-03-16,East,India,Trulicity,Diabetes,City Medical Center,Medium Prescriber,Rep_032,483,251523.05,10926.44,70226.29,170370.32,19187.15,462,Government,Q1,March
TXN000377,2023-09-27,West,Germany,Keytruda,Oncology,Apollo Hospital,High Prescriber,Rep_033,132,98304.52,7209.83,40792.58,50302.11,6028.88,298,Retail Pharmacy,Q3,September
TXN000378,2023-02-25,Central,UAE,Nurtec,Neurology,St. Luke's,Low Prescriber,Rep_013,299,174765.27,7605.99,60164.98,106994.3,8450.06,220,Government,Q1,February
TXN000379,2025-09-12,North,USA,Brilinta,Cardiology,Cleveland Partners,Non-Prescriber,Rep_040,575,52788.24,9501.88,19635.25,23651.11,1818.46,224,Retail Pharmacy,Q3,September
TXN000380,2025-04-04,North,USA,Keytruda,Oncology,St. Luke's,Low Prescriber,Rep_021,273,76647.29,13796.51,33357.81,29492.97,2276.55,484,Hospital,Q2,April
TXN000381,2025-07-01,South,Brazil,Opdivo,Oncology,Sunrise Clinic,Non-Prescriber,Rep_018,207,36157.11,3404.35,11410.01,21342.75,1530.35,391,Government,Q3,July
TXN000382,2023-09-22,West,Germany,Brilinta,Cardiology,Mercy General,Medium Prescriber,Rep_032,173,121873.21,4399.34,42348.12,75125.75,7493.37,167,Hospital,Q3,September
TXN000383,2023-09-30,North,USA,Prevnar,Vaccines,St. Luke's,Low Prescriber,Rep_008,58,21642.33,3895.62,6761.89,10984.82,1374.43,408,Online Pharmacy,Q3,September
TXN000384,2023-10-29,West,Germany,Vyepti,Neurology,Sunrise Clinic,Non-Prescriber,Rep_006,137,52671.93,1653.98,13826.45,37191.5,2277.95,312,Online Pharmacy,Q4,October
TXN000385,2025-03-21,South,Brazil,Vyepti,Neurology,Apollo Hospital,High Prescriber,Rep_026,285,141737.76,9061.05,36196.07,96480.64,6070.47,97,Government,Q1,March
TXN000386,2024-12-30,East,India,Ozempic,Diabetes,Mercy General,Low Prescriber,Rep_015,503,193677.56,7483.99,56398.13,129795.44,3884.51,6,Hospital,Q4,December
TXN000387,2024-08-18,East,India,Jardiance,Diabetes,City Medical Center,Medium Prescriber,Rep_006,218,164379.84,10596.81,64136.6,89646.43,11725.72,238,Hospital,Q3,August
TXN000388,2023-06-29,Central,UAE,Avastin,Oncology,Sunrise Clinic,Low Prescriber,Rep_005,235,95193.03,8550.08,30271.47,56371.48,6870.94,89,Government,Q2,June
TXN000389,2024-06-18,North,USA,Ozempic,Diabetes,Cleveland Partners,High Prescriber,Rep_011,375,52248.71,9404.77,14530.86,28313.08,1943.05,23,Retail Pharmacy,Q2,June
TXN000390,2024-09-22,Central,UAE,Nurtec,Neurology,Apollo Hospital,Low Prescriber,Rep_004,199,17834.38,1441.48,4891.27,11501.63,680.68,289,Retail Pharmacy,Q3,September
TXN000391,2025-04-29,North,USA,Entresto,Cardiology,City Medical Center,Low Prescriber,Rep_012,386,286393.79,51550.88,115257.01,119585.9,15895.72,136,Hospital,Q2,April
TXN000392,2025-01-09,South,Brazil,Avastin,Oncology,Cleveland Partners,Non-Prescriber,Rep_030,325,36960.53,2237.49,14106.41,20616.63,1709.91,174,Government,Q1,January
TXN000393,2024-02-14,Central,UAE,Eliquis,Cardiology,Mercy General,Low Prescriber,Rep_038,185,14343.92,907.02,4550.82,8886.08,1079.12,55,Online Pharmacy,Q1,February
TXN000394,2023-03-11,South,Brazil,Aduhelm,Neurology,City Medical Center,Medium Prescriber,Rep_032,108,40161.11,1415.39,10892.98,27852.74,2821.25,157,Retail Pharmacy,Q1,March
TXN000395,2023-02-26,East,India,Opdivo,Oncology,St. Luke's,Low Prescriber,Rep_033,279,188498.84,7211.6,48826.91,132460.33,8722.59,429,Hospital,Q1,February
TXN000396,2025-10-17,North,USA,Entresto,Cardiology,City Medical Center,Medium Prescriber,Rep_026,81,10527.38,1894.93,3404.13,5228.32,273.39,394,Online Pharmacy,Q4,October
TXN000397,2025-12-01,East,India,Keytruda,Oncology,St. Luke's,High Prescriber,Rep_008,365,142984.06,9113.98,57416.01,76454.07,5278.27,193,Retail Pharmacy,Q4,December
TXN000398,2025-11-02,Central,UAE,Vyepti,Neurology,Cleveland Partners,Medium Prescriber,Rep_012,139,17621.77,1455.98,7599.33,8566.46,1138.47,289,Retail Pharmacy,Q4,November
TXN000399,2023-01-16,North,USA,Entresto,Cardiology,City Medical Center,Medium Prescriber,Rep_013,143,87177.77,15692.0,35778.42,35707.35,2583.57,291,Hospital,Q1,January
TXN000400,2025-01-29,North,USA,Opdivo,Oncology,City Medical Center,Non-Prescriber,Rep_026,279,76927.2,13846.9,22063.41,41016.89,5030.04,263,Hospital,Q1,January
TXN000401,2023-08-25,North,USA,Avastin,Oncology,Sunrise Clinic,Non-Prescriber,Rep_040,201,137775.86,24799.65,40120.49,72855.72,10626.07,203,Online Pharmacy,Q3,August
TXN000402,2023-12-23,West,Germany,Avastin,Oncology,Cleveland Partners,Non-Prescriber,Rep_014,46,23730.93,912.51,10569.59,12248.83,740.78,250,Government,Q4,December
TXN000403,2023-03-12,Central,UAE,Keytruda,Oncology,Cleveland Partners,High Prescriber,Rep_019,234,146013.01,13879.74,42484.02,89649.25,9911.35,382,Retail Pharmacy,Q1,March
TXN000404,2025-05-12,North,USA,Avastin,Oncology,St. Luke's,Low Prescriber,Rep_035,465,154799.12,27863.84,63524.61,63410.67,7131.88,441,Retail Pharmacy,Q2,May
TXN000405,2025-02-10,North,USA,Keytruda,Oncology,Apollo Hospital,High Prescriber,Rep_034,397,59553.32,10719.6,17777.19,31056.53,2233.35,465,Retail Pharmacy,Q1,February
TXN000406,2024-01-03,South,Brazil,Aduhelm,Neurology,Sunrise Clinic,Medium Prescriber,Rep_024,474,144194.87,12356.95,38283.25,93554.67,5326.39,313,Online Pharmacy,Q1,January
TXN000407,2024-07-13,East,India,Herceptin,Oncology,Sunrise Clinic,Low Prescriber,Rep_004,294,125378.96,11747.4,49330.65,64300.91,6886.34,409,Online Pharmacy,Q3,July
TXN000408,2025-05-03,South,Brazil,Brilinta,Cardiology,Sunrise Clinic,Non-Prescriber,Rep_016,163,97010.7,8845.53,28534.97,59630.2,2862.48,77,Hospital,Q2,May
TXN000409,2023-11-29,South,Brazil,Eliquis,Cardiology,Apollo Hospital,Low Prescriber,Rep_004,178,91011.13,3849.5,32093.98,55067.65,5726.68,487,Government,Q4,November
TXN000410,2025-09-18,Central,UAE,Opdivo,Oncology,Apollo Hospital,High Prescriber,Rep_039,108,42688.79,3401.31,19070.89,20216.59,982.29,93,Retail Pharmacy,Q3,September
TXN000411,2023-03-10,North,USA,Keytruda,Oncology,City Medical Center,Non-Prescriber,Rep_033,213,40809.85,7345.77,13584.85,19879.23,3107.65,255,Hospital,Q1,March
TXN000412,2023-04-05,West,Germany,Ozempic,Diabetes,Cleveland Partners,Medium Prescriber,Rep_006,348,268497.27,17620.71,91440.76,159435.8,9859.67,38,Hospital,Q2,April
TXN000413,2023-08-25,North,USA,Eliquis,Cardiology,Metro Health,High Prescriber,Rep_020,76,36776.88,6619.84,9801.57,20355.47,1076.51,247,Online Pharmacy,Q3,August
TXN000414,2024-01-08,North,USA,Trulicity,Diabetes,St. Luke's,Low Prescriber,Rep_020,329,216486.17,38967.51,95183.32,82335.34,5515.97,122,Hospital,Q1,January
TXN000415,2024-07-27,North,USA,Herceptin,Oncology,Mercy General,Low Prescriber,Rep_036,223,133771.07,24078.79,60074.49,49617.79,4983.06,292,Online Pharmacy,Q3,July
TXN000416,2023-07-23,North,USA,Comirnaty,Vaccines,City Medical Center,Low Prescriber,Rep_023,144,16980.42,3056.48,6513.7,7410.24,475.45,433,Hospital,Q3,July
TXN000417,2023-09-28,Central,UAE,Keytruda,Oncology,Cleveland Partners,High Prescriber,Rep_001,151,45584.27,3007.22,18658.96,23918.09,1836.08,367,Retail Pharmacy,Q3,September
TXN000418,2023-04-13,North,USA,Opdivo,Oncology,Metro Health,Low Prescriber,Rep_034,284,198110.93,35659.97,55053.06,107397.9,10728.18,440,Government,Q2,April
TXN000419,2024-05-25,South,Brazil,Herceptin,Oncology,Mercy General,Non-Prescriber,Rep_012,468,233858.64,16025.07,82503.24,135330.33,14360.65,426,Retail Pharmacy,Q2,May
TXN000420,2025-03-26,East,India,Nurtec,Neurology,Apollo Hospital,Medium Prescriber,Rep_005,364,32302.46,1080.54,10571.22,20650.7,1331.13,192,Online Pharmacy,Q1,March
TXN000421,2024-10-19,North,USA,Avastin,Oncology,City Medical Center,Low Prescriber,Rep_039,213,136266.48,24527.97,45107.15,66631.36,2747.47,432,Government,Q4,October
TXN000422,2023-11-10,North,USA,Eliquis,Cardiology,City Medical Center,Low Prescriber,Rep_022,361,125109.5,22519.71,48472.17,54117.62,8618.5,237,Retail Pharmacy,Q4,November
TXN000423,2024-11-18,Central,UAE,Avastin,Oncology,Mercy General,Low Prescriber,Rep_013,152,17810.53,1426.19,5418.47,10965.87,1168.72,375,Government,Q4,November
TXN000424,2023-09-16,North,USA,Trulicity,Diabetes,Mercy General,Non-Prescriber,Rep_013,116,32185.62,5793.41,12659.29,13732.92,1336.34,170,Online Pharmacy,Q3,September
TXN000425,2023-12-21,West,Germany,Opdivo,Oncology,Apollo Hospital,Non-Prescriber,Rep_005,149,104251.52,6369.03,28920.47,68962.02,7478.24,417,Online Pharmacy,Q4,December
TXN000426,2024-11-23,Central,UAE,Keytruda,Oncology,City Medical Center,Low Prescriber,Rep_005,295,132339.78,8212.67,43587.15,80539.96,6070.77,306,Retail Pharmacy,Q4,November
TXN000427,2023-06-11,East,India,Jardiance,Diabetes,Mercy General,Non-Prescriber,Rep_007,160,43573.39,4142.76,11979.31,27451.32,2577.3,73,Government,Q2,June
TXN000428,2025-01-19,Central,UAE,Ozempic,Diabetes,Cleveland Partners,High Prescriber,Rep_033,249,163336.03,13678.33,44556.95,105100.75,9577.12,34,Retail Pharmacy,Q1,January
TXN000429,2024-01-08,West,Germany,Opdivo,Oncology,Metro Health,Low Prescriber,Rep_034,227,56485.53,3402.73,25407.75,27675.05,1876.43,96,Online Pharmacy,Q1,January
TXN000430,2023-06-30,East,India,Nurtec,Neurology,Sunrise Clinic,Medium Prescriber,Rep_038,320,194151.7,14564.74,60798.35,118788.61,11123.17,148,Hospital,Q2,June
TXN000431,2023-08-12,Central,UAE,Nurtec,Neurology,Cleveland Partners,Non-Prescriber,Rep_011,129,33065.82,2471.26,10521.29,20073.27,2640.65,168,Hospital,Q3,August
TXN000432,2023-01-21,Central,UAE,Keytruda,Oncology,Sunrise Clinic,Low Prescriber,Rep_035,235,73046.65,2302.08,19602.47,51142.1,4445.41,445,Government,Q1,January
TXN000433,2024-08-18,North,USA,Trulicity,Diabetes,Apollo Hospital,Medium Prescriber,Rep_031,187,107735.25,19392.34,36831.31,51511.6,2510.89,242,Retail Pharmacy,Q3,August
TXN000434,2023-02-18,North,USA,Eliquis,Cardiology,Cleveland Partners,High Prescriber,Rep_026,178,130902.48,23562.45,58409.86,48930.17,7816.01,417,Retail Pharmacy,Q1,February
TXN000435,2023-09-28,South,Brazil,Keytruda,Oncology,Metro Health,Low Prescriber,Rep_038,149,104638.52,9664.23,35556.96,59417.33,4976.42,84,Retail Pharmacy,Q3,September
TXN000436,2024-03-31,North,USA,Entresto,Cardiology,Sunrise Clinic,High Prescriber,Rep_020,263,121750.06,21915.01,35124.73,64710.32,3179.23,460,Online Pharmacy,Q1,March
TXN000437,2024-08-27,West,Germany,Eliquis,Cardiology,Sunrise Clinic,High Prescriber,Rep_040,128,62313.77,2683.31,17924.33,41706.13,1935.15,75,Hospital,Q3,August
TXN000438,2023-06-08,North,USA,Opdivo,Oncology,St. Luke's,High Prescriber,Rep_028,206,60781.16,10940.61,19445.28,30395.27,3390.42,173,Online Pharmacy,Q2,June
TXN000439,2025-12-01,West,Germany,Vyepti,Neurology,Metro Health,High Prescriber,Rep_003,168,93600.66,8433.61,41422.65,43744.4,5400.84,132,Retail Pharmacy,Q4,December
TXN000440,2025-04-05,East,India,Vyepti,Neurology,Mercy General,High Prescriber,Rep_017,233,157471.58,5343.79,62910.55,89217.24,11188.54,178,Government,Q2,April
TXN000441,2023-04-15,Central,UAE,Opdivo,Oncology,City Medical Center,Non-Prescriber,Rep_028,276,62524.34,4039.44,27070.98,31413.92,2044.72,114,Online Pharmacy,Q2,April
TXN000442,2023-08-31,Central,UAE,Keytruda,Oncology,City Medical Center,High Prescriber,Rep_035,117,19605.73,1526.11,7229.36,10850.26,1280.05,189,Hospital,Q3,August
TXN000443,2023-10-24,Central,UAE,Herceptin,Oncology,Mercy General,Low Prescriber,Rep_007,262,192954.47,9377.2,82808.95,100768.32,5057.05,345,Online Pharmacy,Q4,October
TXN000444,2025-10-21,Central,UAE,Eliquis,Cardiology,City Medical Center,High Prescriber,Rep_005,75,7745.85,676.07,2456.49,4613.29,421.95,281,Online Pharmacy,Q4,October
TXN000445,2023-12-23,South,Brazil,Eliquis,Cardiology,Cleveland Partners,High Prescriber,Rep_016,371,206959.83,16098.78,77764.49,113096.56,7443.53,67,Online Pharmacy,Q4,December
TXN000446,2024-07-14,East,India,Jardiance,Diabetes,Sunrise Clinic,Low Prescriber,Rep_020,108,61433.99,4742.74,27399.01,29292.24,4861.64,359,Retail Pharmacy,Q3,July
TXN000447,2023-05-20,North,USA,Ozempic,Diabetes,Cleveland Partners,High Prescriber,Rep_009,95,45607.02,8209.26,12298.8,25098.96,2141.54,37,Hospital,Q2,May
TXN000448,2024-11-27,North,USA,Keytruda,Oncology,Sunrise Clinic,High Prescriber,Rep_004,210,36103.39,6498.61,11549.64,18055.14,1405.98,406,Retail Pharmacy,Q4,November
TXN000449,2024-12-20,South,Brazil,Herceptin,Oncology,Cleveland Partners,Non-Prescriber,Rep_014,217,105179.37,9874.49,30025.58,65279.3,2148.03,412,Hospital,Q4,December
TXN000450,2023-08-24,Central,UAE,Shingrix,Vaccines,St. Luke's,Non-Prescriber,Rep_029,192,151942.63,8220.33,39862.53,103859.77,9733.6,284,Government,Q3,August
TXN000451,2024-01-21,North,USA,Keytruda,Oncology,Cleveland Partners,Medium Prescriber,Rep_031,231,40402.8,7272.5,18069.56,15060.74,2797.93,176,Online Pharmacy,Q1,January
TXN000452,2023-02-27,West,Germany,Keytruda,Oncology,Sunrise Clinic,Medium Prescriber,Rep_003,225,114380.13,11307.79,36848.85,66223.49,7454.25,275,Hospital,Q1,February
TXN000453,2025-03-21,North,USA,Aduhelm,Neurology,Apollo Hospital,Non-Prescriber,Rep_022,407,238589.35,42946.08,71519.4,124123.87,17801.87,119,Hospital,Q1,March
TXN000454,2024-01-16,North,USA,Herceptin,Oncology,Mercy General,Low Prescriber,Rep_005,203,87195.3,15695.15,24632.87,46867.28,6765.02,433,Government,Q1,January
TXN000455,2025-07-11,West,Germany,Herceptin,Oncology,City Medical Center,High Prescriber,Rep_016,236,103488.72,3158.73,34620.84,65709.15,6528.49,249,Government,Q3,July
TXN000456,2023-04-16,South,Brazil,Avastin,Oncology,Sunrise Clinic,High Prescriber,Rep_018,189,127093.94,7510.48,38339.17,81244.29,9153.39,351,Retail Pharmacy,Q2,April
TXN000457,2024-07-04,North,USA,Comirnaty,Vaccines,St. Luke's,Low Prescriber,Rep_008,34,9120.48,1641.69,3865.18,3613.61,677.35,50,Online Pharmacy,Q3,July
TXN000458,2023-03-11,North,USA,Eliquis,Cardiology,City Medical Center,Low Prescriber,Rep_007,259,102926.49,18526.77,35753.13,48646.59,7832.05,336,Online Pharmacy,Q1,March
TXN000459,2023-09-08,North,USA,Aduhelm,Neurology,St. Luke's,Non-Prescriber,Rep_006,169,126781.32,22820.64,55342.64,48618.04,3488.24,221,Government,Q3,September
TXN000460,2024-09-06,North,USA,Brilinta,Cardiology,Mercy General,Low Prescriber,Rep_028,141,108804.02,19584.72,48189.04,41030.26,4065.59,265,Government,Q3,September
TXN000461,2025-08-01,South,Brazil,Keytruda,Oncology,Mercy General,Low Prescriber,Rep_016,237,154145.29,13748.98,58120.94,82275.37,3467.28,143,Retail Pharmacy,Q3,August
TXN000462,2025-02-08,North,USA,Nurtec,Neurology,St. Luke's,Medium Prescriber,Rep_025,122,97414.94,17534.69,41072.85,38807.4,4332.65,491,Online Pharmacy,Q1,February
TXN000463,2025-03-16,North,USA,Vyepti,Neurology,Cleveland Partners,High Prescriber,Rep_040,372,282855.67,50914.02,93707.97,138233.68,18756.21,267,Retail Pharmacy,Q1,March
TXN000464,2023-10-29,Central,UAE,Jardiance,Diabetes,Sunrise Clinic,High Prescriber,Rep_039,232,159523.1,8014.52,70262.27,81246.31,3667.69,117,Retail Pharmacy,Q4,October
TXN000465,2024-09-08,South,Brazil,Prevnar,Vaccines,Mercy General,Non-Prescriber,Rep_026,78,56736.66,4536.63,23467.93,28732.1,3406.46,106,Retail Pharmacy,Q3,September
TXN000466,2025-03-29,South,Brazil,Ozempic,Diabetes,St. Luke's,Medium Prescriber,Rep_039,438,91882.1,6665.54,24510.3,60706.26,5382.79,31,Hospital,Q1,March
TXN000467,2025-03-31,North,USA,Avastin,Oncology,St. Luke's,Low Prescriber,Rep_025,367,202565.41,36461.77,83660.13,82443.51,7219.53,183,Retail Pharmacy,Q1,March
TXN000468,2024-10-10,Central,UAE,Trulicity,Diabetes,Mercy General,Low Prescriber,Rep_005,240,14865.65,1087.17,6573.08,7205.4,1102.62,363,Retail Pharmacy,Q4,October
TXN000469,2023-05-26,South,Brazil,Jardiance,Diabetes,Mercy General,High Prescriber,Rep_025,237,87845.56,3624.53,34265.88,49955.15,5756.7,97,Hospital,Q2,May
TXN000470,2023-07-05,Central,UAE,Eliquis,Cardiology,Metro Health,High Prescriber,Rep_039,286,98853.86,8834.99,34460.11,55558.76,4776.04,270,Online Pharmacy,Q3,July
TXN000471,2023-01-17,South,Brazil,Keytruda,Oncology,Metro Health,Low Prescriber,Rep_016,267,209260.74,17603.38,56762.64,134894.72,13958.89,126,Government,Q1,January
TXN000472,2024-06-07,South,Brazil,Entresto,Cardiology,City Medical Center,Non-Prescriber,Rep_025,570,315934.69,16748.71,96556.73,202629.25,9814.86,273,Retail Pharmacy,Q2,June
TXN000473,2023-09-16,North,USA,Vyepti,Neurology,Mercy General,Medium Prescriber,Rep_007,63,47815.76,8606.84,20724.08,18484.84,2630.13,258,Retail Pharmacy,Q3,September
TXN000474,2025-09-17,West,Germany,Brilinta,Cardiology,Sunrise Clinic,Medium Prescriber,Rep_027,206,51632.93,3425.56,15328.48,32878.89,1415.46,105,Hospital,Q3,September
TXN000475,2025-11-26,South,Brazil,Opdivo,Oncology,Sunrise Clinic,Low Prescriber,Rep_031,369,91801.84,7072.8,23905.64,60823.4,2462.01,51,Hospital,Q4,November
TXN000476,2024-02-07,West,Germany,Brilinta,Cardiology,St. Luke's,Non-Prescriber,Rep_015,415,109355.01,6158.65,43880.01,59316.35,5727.98,84,Online Pharmacy,Q1,February
TXN000477,2023-02-28,South,Brazil,Prevnar,Vaccines,Metro Health,Medium Prescriber,Rep_035,200,26260.06,2397.95,10678.18,13183.93,790.09,280,Hospital,Q1,February
TXN000478,2025-07-23,Central,UAE,Brilinta,Cardiology,Metro Health,High Prescriber,Rep_032,416,79252.2,2557.7,31595.52,45098.98,5024.58,111,Retail Pharmacy,Q3,July
TXN000479,2024-06-04,West,Germany,Jardiance,Diabetes,Metro Health,Medium Prescriber,Rep_014,255,70626.68,4392.89,21602.43,44631.36,2977.87,121,Government,Q2,June
TXN000480,2025-02-08,Central,UAE,Entresto,Cardiology,Metro Health,Medium Prescriber,Rep_024,131,56436.65,3664.86,15352.37,37419.42,2447.71,158,Retail Pharmacy,Q1,February
TXN000481,2023-10-07,North,USA,Avastin,Oncology,Apollo Hospital,Non-Prescriber,Rep_008,183,114459.07,20602.63,49827.82,44028.62,5610.95,191,Retail Pharmacy,Q4,October
TXN000482,2023-04-10,Central,UAE,Nurtec,Neurology,St. Luke's,Low Prescriber,Rep_040,332,216589.46,8823.62,70025.59,137740.25,9183.65,118,Online Pharmacy,Q2,April
TXN000483,2023-02-22,West,Germany,Brilinta,Cardiology,Apollo Hospital,Low Prescriber,Rep_040,167,122495.56,8426.1,34898.95,79170.51,5233.28,429,Government,Q1,February
TXN000484,2024-01-01,South,Brazil,Nurtec,Neurology,Mercy General,Non-Prescriber,Rep_014,397,236972.56,15408.04,78919.24,142645.28,7145.24,134,Online Pharmacy,Q1,January
TXN000485,2023-11-20,East,India,Trulicity,Diabetes,Mercy General,Medium Prescriber,Rep_011,455,308134.41,13891.44,84458.52,209784.45,21905.96,120,Online Pharmacy,Q4,November
TXN000486,2025-02-01,East,India,Prevnar,Vaccines,St. Luke's,Non-Prescriber,Rep_008,397,209881.32,11438.63,91439.94,107002.75,5024.05,297,Hospital,Q1,February
TXN000487,2025-01-18,East,India,Vyepti,Neurology,St. Luke's,High Prescriber,Rep_023,482,99115.41,6919.93,41979.8,50215.68,4552.07,484,Government,Q1,January
TXN000488,2025-02-02,Central,UAE,Vyepti,Neurology,City Medical Center,High Prescriber,Rep_038,317,182787.77,10239.93,46344.52,126203.32,11367.93,59,Online Pharmacy,Q1,February
TXN000489,2025-01-17,South,Brazil,Entresto,Cardiology,Metro Health,Non-Prescriber,Rep_013,525,160985.9,7020.99,58339.62,95625.29,6258.14,87,Hospital,Q1,January
TXN000490,2025-08-26,North,USA,Entresto,Cardiology,City Medical Center,Medium Prescriber,Rep_036,207,73800.61,13284.11,25338.45,35178.05,1709.41,66,Government,Q3,August
TXN000491,2024-01-20,South,Brazil,Avastin,Oncology,Sunrise Clinic,Medium Prescriber,Rep_029,211,49711.02,3736.61,18899.85,27074.56,3453.48,237,Government,Q1,January
TXN000492,2025-10-15,East,India,Avastin,Oncology,Mercy General,High Prescriber,Rep_034,109,6276.85,253.69,2543.22,3479.94,293.8,251,Hospital,Q4,October
TXN000493,2024-10-25,South,Brazil,Keytruda,Oncology,St. Luke's,Non-Prescriber,Rep_037,210,50964.0,4385.77,19184.1,27394.13,2558.94,77,Hospital,Q4,October
TXN000494,2025-05-08,North,USA,Vyepti,Neurology,Metro Health,High Prescriber,Rep_013,388,228367.61,41106.17,83648.95,103612.49,17553.74,74,Online Pharmacy,Q2,May
TXN000495,2025-04-18,East,India,Nurtec,Neurology,Metro Health,High Prescriber,Rep_012,409,106268.51,7390.62,28440.48,70437.41,4762.95,387,Online Pharmacy,Q2,April
TXN000496,2025-05-30,East,India,Trulicity,Diabetes,Metro Health,Medium Prescriber,Rep_029,606,392211.84,27774.38,173374.74,191062.72,23383.73,285,Hospital,Q2,May
TXN000497,2024-05-17,West,Germany,Avastin,Oncology,City Medical Center,Non-Prescriber,Rep_035,123,41717.22,3924.72,16786.46,21006.04,2098.67,494,Retail Pharmacy,Q2,May
TXN000498,2023-07-29,North,USA,Entresto,Cardiology,St. Luke's,Non-Prescriber,Rep_012,150,95745.64,17234.22,33374.94,45136.48,2953.99,380,Hospital,Q3,July
TXN000499,2025-03-01,West,Germany,Eliquis,Cardiology,Mercy General,Low Prescriber,Rep_034,108,63949.98,2063.93,23601.08,38284.97,3347.89,485,Retail Pharmacy,Q1,March
TXN000500,2023-01-23,Central,UAE,Entresto,Cardiology,Apollo Hospital,Non-Prescriber,Rep_030,223,43135.25,3152.33,14283.93,25698.99,969.03,206,Hospital,Q1,January
TXN000501,2023-02-14,Central,UAE,Entresto,Cardiology,Metro Health,Low Prescriber,Rep_034,146,91215.47,6937.53,37834.29,46443.65,5368.14,486,Online Pharmacy,Q1,February
TXN000502,2023-07-23,East,India,Opdivo,Oncology,St. Luke's,Non-Prescriber,Rep_039,191,94424.69,6021.89,35363.47,53039.33,1945.41,137,Online Pharmacy,Q3,July
TXN000503,2025-04-18,West,Germany,Vyepti,Neurology,Metro Health,Low Prescriber,Rep_033,134,19828.76,1110.98,5059.66,13658.12,660.43,401,Government,Q2,April
TXN000504,2023-02-04,South,Brazil,Avastin,Oncology,Mercy General,Non-Prescriber,Rep_034,173,108748.67,10228.87,45772.65,52747.15,6632.64,73,Government,Q1,February
TXN000505,2025-06-27,North,USA,Jardiance,Diabetes,Sunrise Clinic,High Prescriber,Rep_037,168,101289.62,18232.13,38030.49,45027.0,4892.48,481,Hospital,Q2,June
TXN000506,2023-08-17,West,Germany,Nurtec,Neurology,Metro Health,Low Prescriber,Rep_029,236,171388.73,16253.39,43159.05,111976.29,4203.26,162,Government,Q3,August
TXN000507,2023-06-14,South,Brazil,Vyepti,Neurology,Mercy General,High Prescriber,Rep_037,220,125899.8,9699.11,37535.3,78665.39,8135.16,387,Online Pharmacy,Q2,June
TXN000508,2024-12-18,North,USA,Keytruda,Oncology,Mercy General,Medium Prescriber,Rep_025,73,33979.85,6116.37,8505.84,19357.64,1257.02,446,Retail Pharmacy,Q4,December
TXN000509,2025-10-26,East,India,Avastin,Oncology,Cleveland Partners,Medium Prescriber,Rep_016,285,104078.35,7217.6,26141.67,70719.08,2571.84,446,Retail Pharmacy,Q4,October
TXN000510,2024-06-03,Central,UAE,Avastin,Oncology,Metro Health,High Prescriber,Rep_027,463,329323.44,31593.11,131041.96,166688.37,8298.02,351,Hospital,Q2,June
TXN000511,2024-01-12,North,USA,Herceptin,Oncology,Apollo Hospital,Non-Prescriber,Rep_029,83,57336.37,10320.55,22923.07,24092.75,2083.54,102,Government,Q1,January
TXN000512,2024-03-23,East,India,Eliquis,Cardiology,City Medical Center,Low Prescriber,Rep_023,203,89820.33,3428.65,24773.62,61618.06,4689.66,471,Government,Q1,March
TXN000513,2023-11-17,West,Germany,Opdivo,Oncology,Metro Health,Low Prescriber,Rep_001,220,72259.7,4705.48,28549.35,39004.87,1936.12,232,Online Pharmacy,Q4,November
TXN000514,2025-02-17,Central,UAE,Opdivo,Oncology,Mercy General,Medium Prescriber,Rep_024,212,128783.82,7813.03,53259.54,67711.25,6820.34,468,Hospital,Q1,February
TXN000515,2024-11-30,Central,UAE,Eliquis,Cardiology,Metro Health,Low Prescriber,Rep_007,124,71062.65,2582.04,24836.81,43643.8,2542.96,375,Government,Q4,November
TXN000516,2024-05-28,Central,UAE,Avastin,Oncology,St. Luke's,Non-Prescriber,Rep_001,325,118129.82,5621.02,37106.17,75402.63,3319.3,183,Government,Q2,May
TXN000517,2023-05-29,South,Brazil,Nurtec,Neurology,Apollo Hospital,Low Prescriber,Rep_013,145,23777.84,930.24,7588.11,15259.49,1627.88,160,Online Pharmacy,Q2,May
TXN000518,2024-12-06,East,India,Opdivo,Oncology,St. Luke's,Medium Prescriber,Rep_039,386,209048.72,9683.79,88402.65,110962.28,8061.36,362,Retail Pharmacy,Q4,December
TXN000519,2025-06-28,South,Brazil,Entresto,Cardiology,Mercy General,Medium Prescriber,Rep_039,104,42818.72,3441.36,13777.94,25599.42,2423.65,222,Government,Q2,June
TXN000520,2023-04-20,South,Brazil,Opdivo,Oncology,Mercy General,Non-Prescriber,Rep_022,160,119590.61,8150.8,45718.68,65721.13,8873.19,94,Retail Pharmacy,Q2,April
TXN000521,2024-10-07,West,Germany,Ozempic,Diabetes,Mercy General,Non-Prescriber,Rep_026,188,50458.7,4241.49,13376.87,32840.34,3514.69,19,Retail Pharmacy,Q4,October
TXN000522,2025-03-08,South,Brazil,Keytruda,Oncology,Cleveland Partners,High Prescriber,Rep_013,181,9607.42,295.63,3202.41,6109.38,281.5,349,Retail Pharmacy,Q1,March
TXN000523,2024-06-23,Central,UAE,Eliquis,Cardiology,St. Luke's,Medium Prescriber,Rep_023,340,241962.46,14607.8,96668.7,130685.96,19353.39,376,Government,Q2,June
TXN000524,2025-10-29,North,USA,Prevnar,Vaccines,Mercy General,Medium Prescriber,Rep_029,265,68990.44,12418.28,19451.85,37120.31,2058.94,178,Retail Pharmacy,Q4,October
TXN000525,2025-11-17,Central,UAE,Herceptin,Oncology,Cleveland Partners,High Prescriber,Rep_015,405,24813.1,1287.55,9122.01,14403.54,702.14,241,Online Pharmacy,Q4,November
TXN000526,2023-04-15,North,USA,Brilinta,Cardiology,Apollo Hospital,High Prescriber,Rep_013,264,183852.31,33093.42,66712.04,84046.85,8203.04,199,Hospital,Q2,April
TXN000527,2025-01-04,East,India,Avastin,Oncology,Cleveland Partners,Low Prescriber,Rep_005,542,244745.52,20849.37,101231.85,122664.3,18961.59,420,Retail Pharmacy,Q1,January
TXN000528,2024-07-13,North,USA,Avastin,Oncology,Mercy General,Medium Prescriber,Rep_023,340,50374.69,9067.44,14966.98,26340.27,3825.97,436,Online Pharmacy,Q3,July
TXN000529,2023-12-16,East,India,Shingrix,Vaccines,Metro Health,High Prescriber,Rep_019,158,55892.63,5321.43,14968.16,35603.04,2833.28,463,Government,Q4,December
TXN000530,2025-02-27,North,USA,Nurtec,Neurology,Sunrise Clinic,Medium Prescriber,Rep_004,200,117879.95,21218.39,47039.79,49621.77,5996.22,198,Hospital,Q1,February
TXN000531,2023-05-25,East,India,Opdivo,Oncology,Metro Health,High Prescriber,Rep_019,308,132786.99,10819.95,59543.67,62423.37,7668.29,216,Government,Q2,May
TXN000532,2025-12-06,North,USA,Brilinta,Cardiology,Cleveland Partners,Low Prescriber,Rep_021,505,93292.9,16792.72,34109.23,42390.95,7228.22,276,Online Pharmacy,Q4,December
TXN000533,2025-08-07,South,Brazil,Ozempic,Diabetes,Metro Health,Non-Prescriber,Rep_017,150,30662.32,1610.33,10520.16,18531.83,2348.48,37,Online Pharmacy,Q3,August
TXN000534,2023-01-20,South,Brazil,Aduhelm,Neurology,Metro Health,High Prescriber,Rep_019,295,123547.02,11457.32,50820.02,61269.68,2498.04,194,Online Pharmacy,Q1,January
TXN000535,2025-05-03,North,USA,Nurtec,Neurology,City Medical Center,High Prescriber,Rep_011,356,146778.69,26420.16,48908.73,71449.8,11547.26,140,Online Pharmacy,Q2,May
TXN000536,2025-12-06,South,Brazil,Shingrix,Vaccines,Cleveland Partners,High Prescriber,Rep_004,192,134307.34,5647.87,56422.83,72236.64,9760.23,297,Online Pharmacy,Q4,December
TXN000537,2023-04-16,North,USA,Vyepti,Neurology,St. Luke's,Medium Prescriber,Rep_022,203,154425.7,27796.63,53282.14,73346.93,6028.09,394,Hospital,Q2,April
TXN000538,2023-12-18,West,Germany,Ozempic,Diabetes,Mercy General,Non-Prescriber,Rep_008,137,97499.65,3928.36,38237.3,55333.99,7644.17,32,Online Pharmacy,Q4,December
TXN000539,2025-12-18,North,USA,Jardiance,Diabetes,Sunrise Clinic,Non-Prescriber,Rep_023,430,192857.13,34714.28,63632.04,94510.81,14892.86,338,Retail Pharmacy,Q4,December
TXN000540,2025-01-15,Central,UAE,Trulicity,Diabetes,Mercy General,Non-Prescriber,Rep_024,398,38013.9,2240.31,13659.27,22114.32,1754.83,386,Hospital,Q1,January
TXN000541,2024-07-11,East,India,Eliquis,Cardiology,Mercy General,Medium Prescriber,Rep_003,178,14277.55,1232.7,4623.04,8421.81,1017.66,410,Retail Pharmacy,Q3,July
TXN000542,2023-12-04,North,USA,Trulicity,Diabetes,Mercy General,High Prescriber,Rep_007,68,21026.63,3784.79,7870.3,9371.54,469.48,134,Government,Q4,December
TXN000543,2023-04-21,South,Brazil,Brilinta,Cardiology,Apollo Hospital,Low Prescriber,Rep_017,158,41041.35,1781.46,14399.47,24860.42,2952.46,158,Retail Pharmacy,Q2,April
TXN000544,2024-10-14,West,Germany,Herceptin,Oncology,Mercy General,Medium Prescriber,Rep_036,136,57120.84,1873.84,25525.27,29721.73,2456.7,118,Online Pharmacy,Q4,October
TXN000545,2024-02-06,East,India,Brilinta,Cardiology,Mercy General,Medium Prescriber,Rep_001,198,85007.27,2657.26,37110.29,45239.72,2099.65,359,Hospital,Q1,February
TXN000546,2024-09-08,South,Brazil,Ozempic,Diabetes,Mercy General,Medium Prescriber,Rep_025,258,106514.7,6852.24,29179.63,70482.83,7259.98,13,Online Pharmacy,Q3,September
TXN000547,2023-09-27,North,USA,Avastin,Oncology,Apollo Hospital,Low Prescriber,Rep_004,118,40246.74,7244.41,12011.99,20990.34,3037.41,284,Retail Pharmacy,Q3,September
TXN000548,2023-11-20,North,USA,Eliquis,Cardiology,Apollo Hospital,Low Prescriber,Rep_013,447,236039.9,42487.18,85291.09,108261.63,15176.83,201,Online Pharmacy,Q4,November
TXN000549,2024-08-22,North,USA,Keytruda,Oncology,Sunrise Clinic,Non-Prescriber,Rep_010,74,58899.98,10602.0,20402.79,27895.19,3849.72,253,Government,Q3,August
TXN000550,2025-01-12,South,Brazil,Trulicity,Diabetes,Sunrise Clinic,Low Prescriber,Rep_010,279,15867.89,699.74,7010.51,8157.64,901.36,167,Retail Pharmacy,Q1,January
TXN000551,2024-07-02,Central,UAE,Entresto,Cardiology,Apollo Hospital,Low Prescriber,Rep_040,191,83627.14,7824.65,34360.29,41442.2,2002.85,361,Online Pharmacy,Q3,July
TXN000552,2024-11-03,West,Germany,Entresto,Cardiology,Metro Health,Medium Prescriber,Rep_039,301,77840.93,4103.42,34174.07,39563.44,2877.0,257,Government,Q4,November
TXN000553,2023-12-31,South,Brazil,Aduhelm,Neurology,City Medical Center,Low Prescriber,Rep_032,393,298417.62,11721.9,120839.62,165856.1,10709.9,470,Retail Pharmacy,Q4,December
TXN000554,2024-02-16,East,India,Avastin,Oncology,Apollo Hospital,High Prescriber,Rep_037,390,279889.55,13693.43,116028.79,150167.33,14302.2,257,Online Pharmacy,Q1,February
TXN000555,2025-10-11,West,Germany,Eliquis,Cardiology,City Medical Center,Low Prescriber,Rep_021,507,75556.38,6266.37,23058.72,46231.29,5613.67,418,Government,Q4,October
TXN000556,2024-01-11,South,Brazil,Keytruda,Oncology,Apollo Hospital,Medium Prescriber,Rep_025,128,44586.24,2351.0,19898.37,22336.87,1252.2,191,Government,Q1,January
TXN000557,2024-03-08,South,Brazil,Keytruda,Oncology,Cleveland Partners,Low Prescriber,Rep_015,288,178003.82,14779.37,73329.4,89895.05,13029.33,168,Online Pharmacy,Q1,March
TXN000558,2025-09-12,North,USA,Nurtec,Neurology,Sunrise Clinic,Low Prescriber,Rep_019,196,21962.53,3953.26,9510.14,8499.13,825.81,270,Government,Q3,September
TXN000559,2025-11-12,South,Brazil,Shingrix,Vaccines,Mercy General,Low Prescriber,Rep_013,246,125150.47,8710.76,49176.68,67263.03,9544.26,460,Government,Q4,November
TXN000560,2023-03-14,East,India,Comirnaty,Vaccines,St. Luke's,High Prescriber,Rep_031,85,40554.13,2190.82,14693.45,23669.86,989.06,394,Online Pharmacy,Q1,March
TXN000561,2025-02-20,South,Brazil,Nurtec,Neurology,City Medical Center,Low Prescriber,Rep_015,185,134899.52,5177.87,48076.38,81645.27,5000.82,71,Retail Pharmacy,Q1,February
TXN000562,2025-01-16,North,USA,Keytruda,Oncology,Sunrise Clinic,Medium Prescriber,Rep_021,551,401108.6,72199.55,126001.27,202907.78,21315.02,72,Hospital,Q1,January
TXN000563,2024-09-21,West,Germany,Keytruda,Oncology,St. Luke's,Non-Prescriber,Rep_032,77,8450.01,282.23,2869.55,5298.23,394.94,453,Retail Pharmacy,Q3,September
TXN000564,2024-05-12,North,USA,Opdivo,Oncology,Mercy General,Medium Prescriber,Rep_013,151,56426.93,10156.85,22724.29,23545.79,4489.09,346,Government,Q2,May
TXN000565,2024-07-22,Central,UAE,Eliquis,Cardiology,St. Luke's,Medium Prescriber,Rep_003,80,54547.85,4394.71,14487.84,35665.3,1438.31,271,Hospital,Q3,July
TXN000566,2025-10-22,East,India,Opdivo,Oncology,St. Luke's,Low Prescriber,Rep_004,263,137499.88,6944.4,44647.32,85908.16,8277.24,82,Hospital,Q4,October
TXN000567,2024-02-21,North,USA,Prevnar,Vaccines,Mercy General,Medium Prescriber,Rep_012,148,117217.8,21099.2,30225.59,65893.01,6950.36,249,Hospital,Q1,February
TXN000568,2024-06-22,East,India,Brilinta,Cardiology,City Medical Center,High Prescriber,Rep_035,107,58442.68,2720.13,15754.48,39968.07,3189.19,299,Hospital,Q2,June
TXN000569,2025-09-13,North,USA,Prevnar,Vaccines,Metro Health,Medium Prescriber,Rep_027,218,68092.85,12256.71,22808.77,33027.37,1885.57,105,Hospital,Q3,September
TXN000570,2023-12-02,East,India,Avastin,Oncology,Sunrise Clinic,Non-Prescriber,Rep_028,116,12411.44,962.07,3539.95,7909.42,781.96,367,Hospital,Q4,December
TXN000571,2024-11-10,East,India,Entresto,Cardiology,St. Luke's,High Prescriber,Rep_017,203,38937.07,3623.62,14984.44,20329.01,2258.2,94,Government,Q4,November
TXN000572,2023-01-07,North,USA,Eliquis,Cardiology,St. Luke's,Medium Prescriber,Rep_011,52,19408.34,3493.5,5530.55,10384.29,1537.65,302,Government,Q1,January
TXN000573,2025-02-04,North,USA,Comirnaty,Vaccines,City Medical Center,High Prescriber,Rep_026,575,378174.25,68071.36,135127.57,174975.32,13876.36,77,Retail Pharmacy,Q1,February
TXN000574,2024-08-29,East,India,Keytruda,Oncology,Sunrise Clinic,High Prescriber,Rep_017,123,49418.94,3227.54,18137.52,28053.88,2510.0,273,Government,Q3,August
TXN000575,2024-06-16,South,Brazil,Eliquis,Cardiology,Apollo Hospital,Medium Prescriber,Rep_028,354,97048.18,4222.46,26517.07,66308.65,5529.34,249,Hospital,Q2,June
TXN000576,2025-02-23,North,USA,Brilinta,Cardiology,Cleveland Partners,Medium Prescriber,Rep_031,152,13882.5,2498.85,5935.8,5447.85,863.21,147,Government,Q1,February
TXN000577,2024-04-11,North,USA,Ozempic,Diabetes,Metro Health,Non-Prescriber,Rep_003,170,90006.02,16201.08,23854.17,49950.77,2524.86,27,Government,Q2,April
TXN000578,2023-08-01,East,India,Keytruda,Oncology,City Medical Center,High Prescriber,Rep_019,110,43338.62,3353.91,15144.6,24840.11,1111.18,180,Retail Pharmacy,Q3,August
TXN000579,2025-06-09,South,Brazil,Eliquis,Cardiology,Metro Health,Low Prescriber,Rep_016,119,80618.35,6091.13,30057.24,44469.98,3228.65,418,Government,Q2,June
TXN000580,2024-04-16,East,India,Eliquis,Cardiology,Sunrise Clinic,High Prescriber,Rep_032,115,80921.35,4958.19,25781.0,50182.16,2289.65,247,Hospital,Q2,April
TXN000581,2023-03-08,East,India,Eliquis,Cardiology,Cleveland Partners,Non-Prescriber,Rep_015,266,67505.65,3030.39,25025.5,39449.76,3389.94,440,Online Pharmacy,Q1,March
TXN000582,2024-09-25,East,India,Comirnaty,Vaccines,Cleveland Partners,High Prescriber,Rep_026,276,99704.54,5272.97,37024.07,57407.5,7560.29,426,Government,Q3,September
TXN000583,2023-01-12,South,Brazil,Opdivo,Oncology,St. Luke's,High Prescriber,Rep_024,285,168397.79,12805.85,74401.93,81190.01,12775.57,405,Hospital,Q1,January
TXN000584,2025-11-10,East,India,Herceptin,Oncology,Apollo Hospital,Non-Prescriber,Rep_037,324,70773.52,4601.26,29589.6,36582.66,4393.45,405,Hospital,Q4,November
TXN000585,2025-11-09,North,USA,Trulicity,Diabetes,Sunrise Clinic,High Prescriber,Rep_033,324,245998.67,44279.76,81618.78,120100.13,14690.6,259,Government,Q4,November
TXN000586,2025-11-26,East,India,Entresto,Cardiology,Metro Health,Non-Prescriber,Rep_022,185,109235.51,7102.64,46842.36,55290.51,8213.66,74,Retail Pharmacy,Q4,November
TXN000587,2024-06-28,South,Brazil,Entresto,Cardiology,Mercy General,Low Prescriber,Rep_017,255,188057.99,14928.94,72281.19,100847.86,8210.7,50,Online Pharmacy,Q2,June
TXN000588,2025-11-22,East,India,Entresto,Cardiology,City Medical Center,Medium Prescriber,Rep_008,129,25027.57,2222.45,9885.45,12919.67,1844.17,102,Government,Q4,November
TXN000589,2024-11-10,North,USA,Nurtec,Neurology,Sunrise Clinic,Medium Prescriber,Rep_007,269,197938.62,35628.95,82763.39,79546.28,14025.62,397,Retail Pharmacy,Q4,November
TXN000590,2024-07-03,South,Brazil,Keytruda,Oncology,Cleveland Partners,Non-Prescriber,Rep_005,157,12451.52,930.1,3238.88,8282.54,941.05,482,Online Pharmacy,Q3,July
TXN000591,2024-01-28,North,USA,Aduhelm,Neurology,Metro Health,Low Prescriber,Rep_023,339,141177.8,25412.0,52326.76,63439.04,5581.45,492,Government,Q1,January
TXN000592,2024-04-17,South,Brazil,Nurtec,Neurology,Metro Health,Non-Prescriber,Rep_009,232,19649.57,1078.84,5749.05,12821.68,1284.26,338,Online Pharmacy,Q2,April
TXN000593,2023-05-03,East,India,Keytruda,Oncology,Cleveland Partners,High Prescriber,Rep_017,299,165059.68,10463.04,62467.77,92128.87,3681.11,329,Retail Pharmacy,Q2,May
TXN000594,2023-08-01,South,Brazil,Avastin,Oncology,City Medical Center,Medium Prescriber,Rep_036,249,175103.2,9449.16,70733.72,94920.32,9399.78,447,Retail Pharmacy,Q3,August
TXN000595,2025-02-07,Central,UAE,Eliquis,Cardiology,Mercy General,High Prescriber,Rep_010,676,81284.33,6808.88,32468.61,42006.84,3145.88,187,Online Pharmacy,Q1,February
TXN000596,2023-05-23,Central,UAE,Avastin,Oncology,Cleveland Partners,High Prescriber,Rep_014,275,109022.07,9717.73,46826.34,52478.0,3911.6,370,Government,Q2,May
TXN000597,2023-12-05,East,India,Nurtec,Neurology,Sunrise Clinic,High Prescriber,Rep_023,398,270874.34,8760.04,87587.33,174526.97,9270.46,251,Government,Q4,December
TXN000598,2023-01-19,East,India,Keytruda,Oncology,Mercy General,Low Prescriber,Rep_008,233,30808.94,2147.15,13422.44,15239.35,717.45,239,Retail Pharmacy,Q1,January
TXN000599,2025-06-16,North,USA,Opdivo,Oncology,Cleveland Partners,Non-Prescriber,Rep_026,275,56784.46,10221.2,21751.55,24811.71,1403.82,321,Government,Q2,June
TXN000600,2025-03-03,South,Brazil,Eliquis,Cardiology,Sunrise Clinic,Non-Prescriber,Rep_038,194,11698.18,1105.47,3225.48,7367.23,546.85,416,Hospital,Q1,March
TXN000601,2024-03-20,East,India,Aduhelm,Neurology,St. Luke's,Non-Prescriber,Rep_022,415,45945.59,3234.66,20089.62,22621.31,3308.15,492,Government,Q1,March
TXN000602,2025-04-09,West,Germany,Nurtec,Neurology,Cleveland Partners,Low Prescriber,Rep_035,632,438252.69,22306.34,190529.75,225416.6,14807.85,387,Hospital,Q2,April
TXN000603,2024-11-14,East,India,Eliquis,Cardiology,City Medical Center,Low Prescriber,Rep_035,64,4370.77,309.01,1572.54,2489.22,144.93,242,Online Pharmacy,Q4,November
TXN000604,2025-09-09,Central,UAE,Avastin,Oncology,Cleveland Partners,Low Prescriber,Rep_028,201,15751.39,608.22,7045.12,8098.05,612.93,101,Online Pharmacy,Q3,September
TXN000605,2025-07-10,Central,UAE,Herceptin,Oncology,St. Luke's,High Prescriber,Rep_034,214,93509.31,4464.56,40967.13,48077.62,6953.04,305,Government,Q3,July
TXN000606,2023-03-17,West,Germany,Brilinta,Cardiology,Apollo Hospital,Medium Prescriber,Rep_038,139,41972.39,2906.53,11291.05,27774.81,1344.3,236,Hospital,Q1,March
TXN000607,2023-11-16,North,USA,Eliquis,Cardiology,City Medical Center,Medium Prescriber,Rep_016,292,110852.2,19953.4,29203.8,61695.0,5307.75,419,Retail Pharmacy,Q4,November
TXN000608,2023-10-25,North,USA,Opdivo,Oncology,Sunrise Clinic,High Prescriber,Rep_040,155,99617.71,17931.19,30796.87,50889.65,4954.91,239,Hospital,Q4,October
TXN000609,2024-08-14,Central,UAE,Brilinta,Cardiology,St. Luke's,Non-Prescriber,Rep_007,201,66528.37,2847.78,22354.27,41326.32,5260.17,183,Hospital,Q3,August
TXN000610,2024-01-03,South,Brazil,Nurtec,Neurology,Apollo Hospital,Low Prescriber,Rep_031,200,107083.34,3548.08,27928.36,75606.9,5079.37,297,Hospital,Q1,January
TXN000611,2025-05-28,West,Germany,Herceptin,Oncology,Metro Health,High Prescriber,Rep_012,749,192063.88,6772.97,75203.92,110086.99,9407.43,453,Government,Q2,May
TXN000612,2023-11-03,South,Brazil,Eliquis,Cardiology,Sunrise Clinic,Low Prescriber,Rep_028,137,84836.81,5387.57,21966.99,57482.25,3272.46,181,Government,Q4,November
TXN000613,2023-07-14,West,Germany,Nurtec,Neurology,Sunrise Clinic,Non-Prescriber,Rep_031,389,243799.97,14938.57,84004.97,144856.43,14290.23,98,Online Pharmacy,Q3,July
TXN000614,2023-02-05,North,USA,Keytruda,Oncology,Apollo Hospital,High Prescriber,Rep_023,152,19661.24,3539.02,7386.9,8735.32,505.34,92,Hospital,Q1,February
TXN000615,2024-03-14,Central,UAE,Keytruda,Oncology,Mercy General,High Prescriber,Rep_030,214,153359.22,5119.55,55615.9,92623.77,9028.16,144,Online Pharmacy,Q1,March
TXN000616,2024-11-06,West,Germany,Comirnaty,Vaccines,Sunrise Clinic,Non-Prescriber,Rep_007,144,15729.9,1235.28,6401.2,8093.42,1094.6,461,Retail Pharmacy,Q4,November
TXN000617,2025-01-25,North,USA,Ozempic,Diabetes,St. Luke's,Low Prescriber,Rep_007,376,84789.49,15262.11,22628.41,46898.97,3014.51,5,Hospital,Q1,January
TXN000618,2023-12-28,South,Brazil,Eliquis,Cardiology,St. Luke's,High Prescriber,Rep_029,410,267953.24,19583.19,107383.9,140986.15,12549.01,189,Government,Q4,December
TXN000619,2024-07-06,North,USA,Nurtec,Neurology,Sunrise Clinic,High Prescriber,Rep_020,267,125461.04,22582.99,55481.84,47396.21,7232.05,166,Hospital,Q3,July
TXN000620,2023-09-30,West,Germany,Aduhelm,Neurology,City Medical Center,Medium Prescriber,Rep_014,196,93365.41,5178.12,37468.26,50719.03,3309.05,362,Online Pharmacy,Q3,September
TXN000621,2023-05-08,West,Germany,Entresto,Cardiology,Cleveland Partners,High Prescriber,Rep_034,195,76487.67,7081.72,26738.09,42667.86,5393.03,410,Hospital,Q2,May
TXN000622,2025-04-17,North,USA,Trulicity,Diabetes,Cleveland Partners,Medium Prescriber,Rep_003,523,265778.48,47840.13,86548.46,131389.89,17975.59,443,Retail Pharmacy,Q2,April
TXN000623,2023-01-12,North,USA,Trulicity,Diabetes,Sunrise Clinic,Low Prescriber,Rep_001,195,139599.43,25127.9,37755.06,76716.47,9024.77,412,Online Pharmacy,Q1,January
TXN000624,2025-11-14,West,Germany,Brilinta,Cardiology,Cleveland Partners,High Prescriber,Rep_022,173,126935.12,9605.68,51378.28,65951.16,5268.03,132,Online Pharmacy,Q4,November
TXN000625,2023-06-24,Central,UAE,Avastin,Oncology,Cleveland Partners,Low Prescriber,Rep_023,197,76207.98,5330.48,25691.07,45186.43,3421.04,379,Hospital,Q2,June
TXN000626,2025-02-21,North,USA,Nurtec,Neurology,Mercy General,Non-Prescriber,Rep_036,230,175623.86,31612.29,56602.35,87409.22,11707.23,382,Online Pharmacy,Q1,February
TXN000627,2023-03-15,East,India,Entresto,Cardiology,St. Luke's,High Prescriber,Rep_001,152,33859.08,2345.43,9375.51,22138.14,1327.65,461,Online Pharmacy,Q1,March
TXN000628,2025-01-16,West,Germany,Shingrix,Vaccines,Metro Health,Medium Prescriber,Rep_016,174,87571.68,3844.22,30559.51,53167.95,5651.75,396,Retail Pharmacy,Q1,January
TXN000629,2025-04-15,Central,UAE,Vyepti,Neurology,Mercy General,Non-Prescriber,Rep_025,418,74731.08,5013.59,23016.98,46700.51,4314.55,103,Government,Q2,April
TXN000630,2025-06-07,North,USA,Opdivo,Oncology,Cleveland Partners,Non-Prescriber,Rep_022,155,34907.05,6283.27,14160.9,14462.88,1972.75,486,Hospital,Q2,June
TXN000631,2023-05-18,South,Brazil,Aduhelm,Neurology,City Medical Center,Low Prescriber,Rep_025,189,14582.38,1000.06,5712.45,7869.87,391.77,187,Government,Q2,May
TXN000632,2024-11-21,East,India,Trulicity,Diabetes,St. Luke's,High Prescriber,Rep_031,332,193889.98,11041.47,64072.68,118775.83,12990.13,483,Hospital,Q4,November
TXN000633,2023-02-23,South,Brazil,Brilinta,Cardiology,Apollo Hospital,High Prescriber,Rep_006,228,44709.74,3895.22,18353.89,22460.63,2198.98,184,Hospital,Q1,February
TXN000634,2024-04-16,North,USA,Aduhelm,Neurology,Apollo Hospital,High Prescriber,Rep_007,211,11624.23,2092.36,3261.63,6270.24,280.6,498,Hospital,Q2,April
TXN000635,2025-04-17,Central,UAE,Entresto,Cardiology,City Medical Center,Non-Prescriber,Rep_006,115,38334.98,1999.86,14776.63,21558.49,1432.77,309,Government,Q2,April
TXN000636,2023-07-21,South,Brazil,Comirnaty,Vaccines,Apollo Hospital,Low Prescriber,Rep_016,109,26303.38,1023.0,6883.79,18396.59,1008.07,120,Hospital,Q3,July
TXN000637,2024-12-23,Central,UAE,Vyepti,Neurology,City Medical Center,High Prescriber,Rep_015,132,92856.42,4037.46,25027.01,63791.95,6859.09,207,Retail Pharmacy,Q4,December
TXN000638,2023-05-29,South,Brazil,Avastin,Oncology,Metro Health,Non-Prescriber,Rep_022,125,36648.52,1384.3,12407.47,22856.75,1289.85,459,Retail Pharmacy,Q2,May
TXN000639,2025-06-27,North,USA,Avastin,Oncology,Apollo Hospital,Non-Prescriber,Rep_030,538,296359.81,53344.77,76496.16,166518.88,12875.41,405,Retail Pharmacy,Q2,June
TXN000640,2025-03-26,North,USA,Avastin,Oncology,Sunrise Clinic,Low Prescriber,Rep_012,220,172869.87,31116.58,64435.79,77317.5,11688.12,88,Online Pharmacy,Q1,March
TXN000641,2023-06-16,North,USA,Opdivo,Oncology,Cleveland Partners,High Prescriber,Rep_036,158,15332.58,2759.86,6333.85,6238.87,761.8,110,Online Pharmacy,Q2,June
TXN000642,2024-10-10,North,USA,Keytruda,Oncology,Metro Health,Medium Prescriber,Rep_011,524,96663.42,17399.42,28530.46,50733.54,2079.07,375,Hospital,Q4,October
TXN000643,2023-09-12,South,Brazil,Keytruda,Oncology,Metro Health,Medium Prescriber,Rep_039,55,6598.54,438.55,2753.42,3406.57,460.65,480,Retail Pharmacy,Q3,September
TXN000644,2025-10-25,North,USA,Nurtec,Neurology,City Medical Center,Low Prescriber,Rep_018,88,17675.01,3181.5,5050.21,9443.3,711.68,238,Retail Pharmacy,Q4,October
TXN000645,2023-11-07,North,USA,Vyepti,Neurology,Cleveland Partners,Non-Prescriber,Rep_040,148,86396.71,15551.41,25243.86,45601.44,5214.16,366,Government,Q4,November
TXN000646,2023-06-19,North,USA,Keytruda,Oncology,Mercy General,Medium Prescriber,Rep_027,116,46033.74,8286.07,20171.67,17576.0,2264.05,258,Online Pharmacy,Q2,June
TXN000647,2024-01-03,South,Brazil,Prevnar,Vaccines,City Medical Center,High Prescriber,Rep_029,536,46608.01,4179.37,16763.98,25664.66,1483.94,192,Retail Pharmacy,Q1,January
TXN000648,2025-08-05,East,India,Comirnaty,Vaccines,Sunrise Clinic,Medium Prescriber,Rep_001,174,90415.72,7167.61,34372.49,48875.62,7058.91,438,Hospital,Q3,August
TXN000649,2024-04-10,South,Brazil,Brilinta,Cardiology,City Medical Center,Low Prescriber,Rep_012,90,19811.5,1392.45,6630.67,11788.38,1008.32,126,Hospital,Q2,April
TXN000650,2023-06-28,North,USA,Eliquis,Cardiology,City Medical Center,Non-Prescriber,Rep_038,347,216885.04,39039.31,96277.74,81567.99,14048.79,129,Online Pharmacy,Q2,June
TXN000651,2024-03-13,South,Brazil,Trulicity,Diabetes,Metro Health,Low Prescriber,Rep_001,264,103187.58,4607.34,25873.66,72706.58,3558.98,279,Online Pharmacy,Q1,March
TXN000652,2024-12-31,Central,UAE,Brilinta,Cardiology,Cleveland Partners,Non-Prescriber,Rep_014,322,27681.79,2332.98,10079.95,15268.86,1817.1,117,Online Pharmacy,Q4,December
TXN000653,2024-04-28,North,USA,Herceptin,Oncology,Mercy General,Non-Prescriber,Rep_032,368,258935.99,46608.48,66307.27,146020.24,16252.18,70,Online Pharmacy,Q2,April
TXN000654,2024-10-01,South,Brazil,Avastin,Oncology,St. Luke's,High Prescriber,Rep_033,116,64025.37,2242.62,25575.78,36206.97,1484.28,294,Retail Pharmacy,Q4,October
TXN000655,2024-08-14,Central,UAE,Keytruda,Oncology,Mercy General,Non-Prescriber,Rep_008,251,150101.28,14148.66,64899.97,71052.65,9657.03,139,Hospital,Q3,August
TXN000656,2024-05-17,Central,UAE,Comirnaty,Vaccines,Sunrise Clinic,High Prescriber,Rep_018,205,156822.96,5814.4,48892.61,102115.95,8888.95,483,Online Pharmacy,Q2,May
TXN000657,2025-08-12,South,Brazil,Avastin,Oncology,Sunrise Clinic,Non-Prescriber,Rep_013,172,92921.69,9007.41,23286.56,60627.72,3240.73,467,Government,Q3,August
TXN000658,2024-05-03,West,Germany,Keytruda,Oncology,City Medical Center,High Prescriber,Rep_034,264,49081.17,4256.38,13595.86,31228.93,2361.74,472,Online Pharmacy,Q2,May
TXN000659,2023-09-16,South,Brazil,Keytruda,Oncology,Metro Health,Non-Prescriber,Rep_017,67,52204.54,2126.58,20707.74,29370.22,1045.38,318,Hospital,Q3,September
TXN000660,2025-11-28,Central,UAE,Brilinta,Cardiology,City Medical Center,Non-Prescriber,Rep_021,170,40655.81,3940.13,17671.45,19044.23,1928.67,430,Hospital,Q4,November
TXN000661,2024-06-16,South,Brazil,Eliquis,Cardiology,Cleveland Partners,Medium Prescriber,Rep_004,352,22360.45,1542.72,9111.21,11706.52,1173.48,195,Hospital,Q2,June
TXN000662,2024-04-30,South,Brazil,Ozempic,Diabetes,Apollo Hospital,High Prescriber,Rep_015,451,245509.36,14206.11,86597.7,144705.55,16739.5,18,Hospital,Q2,April
TXN000663,2023-09-28,North,USA,Aduhelm,Neurology,Sunrise Clinic,High Prescriber,Rep_007,348,172357.21,31024.3,69702.35,71630.56,12012.05,126,Hospital,Q3,September
TXN000664,2023-09-12,Central,UAE,Trulicity,Diabetes,Cleveland Partners,Medium Prescriber,Rep_018,111,38281.44,2187.54,11766.7,24327.2,1382.53,437,Online Pharmacy,Q3,September
TXN000665,2024-08-16,South,Brazil,Opdivo,Oncology,Sunrise Clinic,Low Prescriber,Rep_019,237,94245.63,5930.19,40027.54,48287.9,6198.34,280,Online Pharmacy,Q3,August
TXN000666,2025-12-04,North,USA,Brilinta,Cardiology,City Medical Center,Low Prescriber,Rep_026,295,134853.65,24273.66,47998.31,62581.68,5510.96,284,Hospital,Q4,December
TXN000667,2023-11-24,West,Germany,Jardiance,Diabetes,Mercy General,Medium Prescriber,Rep_019,55,13057.03,976.9,5555.74,6524.39,588.71,459,Retail Pharmacy,Q4,November
TXN000668,2023-01-27,South,Brazil,Shingrix,Vaccines,St. Luke's,Non-Prescriber,Rep_034,111,59165.2,2198.32,24784.56,32182.32,3250.62,493,Online Pharmacy,Q1,January
TXN000669,2025-08-25,North,USA,Trulicity,Diabetes,City Medical Center,Low Prescriber,Rep_010,354,26939.19,4849.05,8939.77,13150.37,1006.22,414,Government,Q3,August
TXN000670,2023-05-12,East,India,Nurtec,Neurology,Apollo Hospital,High Prescriber,Rep_011,349,157798.33,9695.19,53339.65,94763.49,4018.85,373,Online Pharmacy,Q2,May
TXN000671,2023-06-11,South,Brazil,Opdivo,Oncology,Cleveland Partners,Non-Prescriber,Rep_008,121,41878.17,4050.99,14532.83,23294.35,3284.37,53,Retail Pharmacy,Q2,June
TXN000672,2024-06-18,East,India,Nurtec,Neurology,Sunrise Clinic,Non-Prescriber,Rep_031,43,4201.39,191.06,1480.94,2529.39,221.64,65,Retail Pharmacy,Q2,June
TXN000673,2024-08-21,East,India,Herceptin,Oncology,Apollo Hospital,Medium Prescriber,Rep_040,235,114941.9,5987.98,30734.07,78219.85,3836.42,134,Hospital,Q3,August
TXN000674,2024-03-30,North,USA,Opdivo,Oncology,Metro Health,High Prescriber,Rep_033,137,55262.98,9947.34,20153.32,25162.32,4181.97,422,Retail Pharmacy,Q1,March
TXN000675,2023-03-27,West,Germany,Prevnar,Vaccines,Mercy General,Non-Prescriber,Rep_028,237,63308.25,4842.37,21228.42,37237.46,4643.48,430,Hospital,Q1,March
TXN000676,2025-06-16,Central,UAE,Ozempic,Diabetes,St. Luke's,Non-Prescriber,Rep_011,215,73400.65,6650.17,28984.78,37765.7,3246.41,12,Hospital,Q2,June
TXN000677,2025-12-30,North,USA,Ozempic,Diabetes,Sunrise Clinic,Medium Prescriber,Rep_012,48,17740.15,3193.23,5455.29,9091.63,525.45,14,Online Pharmacy,Q4,December
TXN000678,2024-08-01,East,India,Ozempic,Diabetes,Metro Health,Medium Prescriber,Rep_003,116,67385.62,5549.52,19500.5,42335.6,4490.43,34,Online Pharmacy,Q3,August
TXN000679,2024-07-12,South,Brazil,Vyepti,Neurology,Mercy General,High Prescriber,Rep_021,222,52546.68,3747.98,13873.56,34925.14,1133.85,167,Government,Q3,July
TXN000680,2025-10-26,North,USA,Brilinta,Cardiology,St. Luke's,Medium Prescriber,Rep_026,204,159174.9,28651.48,47136.1,83387.32,10564.83,202,Hospital,Q4,October
TXN000681,2024-09-09,East,India,Brilinta,Cardiology,St. Luke's,Non-Prescriber,Rep_018,159,114775.59,3907.55,31922.61,78945.43,7230.62,246,Hospital,Q3,September
TXN000682,2024-09-06,North,USA,Jardiance,Diabetes,St. Luke's,Non-Prescriber,Rep_016,215,121472.38,21865.03,50808.42,48798.93,5453.0,395,Hospital,Q3,September
TXN000683,2023-10-16,East,India,Opdivo,Oncology,Sunrise Clinic,Medium Prescriber,Rep_038,140,39974.62,2485.3,11886.96,25602.36,2304.1,185,Retail Pharmacy,Q4,October
TXN000684,2023-07-17,South,Brazil,Eliquis,Cardiology,Cleveland Partners,Low Prescriber,Rep_013,164,79960.91,2743.38,30471.75,46745.78,1638.87,400,Hospital,Q3,July
TXN000685,2024-04-22,West,Germany,Ozempic,Diabetes,Mercy General,High Prescriber,Rep_024,225,178690.82,13523.85,46863.41,118303.56,9208.79,22,Online Pharmacy,Q2,April
TXN000686,2025-01-14,South,Brazil,Comirnaty,Vaccines,Cleveland Partners,Low Prescriber,Rep_008,228,52228.97,4621.72,21245.9,26361.35,3627.34,375,Government,Q1,January
TXN000687,2024-05-25,South,Brazil,Vyepti,Neurology,Cleveland Partners,Medium Prescriber,Rep_025,283,210407.2,7969.23,56594.67,145843.3,8412.18,218,Hospital,Q2,May
TXN000688,2024-01-11,Central,UAE,Entresto,Cardiology,Sunrise Clinic,Non-Prescriber,Rep_032,150,86038.15,4454.03,23224.52,58359.6,3127.32,424,Online Pharmacy,Q1,January
TXN000689,2025-04-25,North,USA,Keytruda,Oncology,City Medical Center,Medium Prescriber,Rep_030,281,47375.17,8527.53,15051.34,23796.3,1005.81,213,Hospital,Q2,April
TXN000690,2024-03-15,East,India,Entresto,Cardiology,Mercy General,High Prescriber,Rep_019,337,71352.95,2559.17,24729.43,44064.35,3627.93,423,Online Pharmacy,Q1,March
TXN000691,2023-01-25,East,India,Keytruda,Oncology,Apollo Hospital,Low Prescriber,Rep_034,172,85175.76,3534.19,23397.16,58244.41,6712.12,227,Retail Pharmacy,Q1,January
TXN000692,2023-02-09,East,India,Vyepti,Neurology,Metro Health,Medium Prescriber,Rep_023,246,138975.21,7734.25,55751.05,75489.91,10821.03,101,Online Pharmacy,Q1,February
TXN000693,2023-12-17,North,USA,Keytruda,Oncology,Cleveland Partners,Non-Prescriber,Rep_034,213,74320.91,13377.76,21109.08,39834.07,4883.87,398,Retail Pharmacy,Q4,December
TXN000694,2025-05-04,East,India,Opdivo,Oncology,Mercy General,High Prescriber,Rep_009,298,57819.52,4318.19,22024.22,31477.11,4466.31,398,Government,Q2,May
TXN000695,2024-08-02,North,USA,Brilinta,Cardiology,Sunrise Clinic,Non-Prescriber,Rep_028,86,32009.38,5761.69,11551.05,14696.64,1271.56,374,Hospital,Q3,August
TXN000696,2023-01-11,West,Germany,Vyepti,Neurology,City Medical Center,High Prescriber,Rep_029,270,89137.73,7054.03,37183.3,44900.4,5463.61,280,Government,Q1,January
TXN000697,2025-04-23,East,India,Brilinta,Cardiology,Mercy General,High Prescriber,Rep_020,424,34310.44,1631.66,13310.4,19368.38,2440.46,301,Hospital,Q2,April
TXN000698,2024-12-18,South,Brazil,Entresto,Cardiology,Metro Health,Medium Prescriber,Rep_035,77,41932.99,3942.21,11238.99,26751.79,2777.18,327,Government,Q4,December
TXN000699,2025-12-27,East,India,Trulicity,Diabetes,St. Luke's,Medium Prescriber,Rep_019,282,133449.68,5073.4,59972.03,68404.25,6076.41,206,Hospital,Q4,December
TXN000700,2023-09-03,North,USA,Entresto,Cardiology,Metro Health,Medium Prescriber,Rep_002,59,35505.52,6390.99,10379.8,18734.73,1019.62,192,Online Pharmacy,Q3,September
TXN000701,2024-04-20,South,Brazil,Opdivo,Oncology,St. Luke's,Non-Prescriber,Rep_038,250,115086.43,3781.16,36022.24,75283.03,6276.0,477,Government,Q2,April
TXN000702,2025-12-12,North,USA,Herceptin,Oncology,Metro Health,High Prescriber,Rep_009,342,207380.09,37328.42,82412.69,87638.98,6362.67,421,Government,Q4,December
TXN000703,2024-10-25,Central,UAE,Ozempic,Diabetes,Mercy General,Low Prescriber,Rep_005,289,171076.09,7581.29,54332.74,109162.06,8244.28,16,Hospital,Q4,October
TXN000704,2024-10-01,South,Brazil,Prevnar,Vaccines,Mercy General,Low Prescriber,Rep_023,272,34423.28,2481.88,14621.78,17319.62,935.95,252,Retail Pharmacy,Q4,October
TXN000705,2023-04-09,South,Brazil,Brilinta,Cardiology,St. Luke's,High Prescriber,Rep_012,198,148083.6,12731.86,49839.06,85512.68,7342.67,169,Government,Q2,April
TXN000706,2025-05-05,North,USA,Herceptin,Oncology,Metro Health,Medium Prescriber,Rep_039,234,184741.52,33253.47,80834.19,70653.86,13251.36,450,Hospital,Q2,May
TXN000707,2025-05-07,Central,UAE,Trulicity,Diabetes,St. Luke's,Low Prescriber,Rep_029,280,170687.51,11343.4,51839.75,107504.36,11367.18,298,Government,Q2,May
TXN000708,2025-05-23,East,India,Entresto,Cardiology,Cleveland Partners,Medium Prescriber,Rep_002,272,117939.38,9597.25,39180.58,69161.55,4871.83,233,Government,Q2,May
TXN000709,2025-02-26,East,India,Entresto,Cardiology,St. Luke's,Medium Prescriber,Rep_019,139,104178.32,7536.94,39785.49,56855.89,4595.06,459,Retail Pharmacy,Q1,February
TXN000710,2025-12-01,South,Brazil,Comirnaty,Vaccines,Apollo Hospital,Medium Prescriber,Rep_017,257,46040.45,2254.48,14140.19,29645.78,1669.18,434,Hospital,Q4,December
TXN000711,2023-11-03,East,India,Brilinta,Cardiology,Sunrise Clinic,Non-Prescriber,Rep_036,158,62348.77,6199.0,18416.4,37733.37,2409.77,492,Government,Q4,November
TXN000712,2023-05-14,Central,UAE,Jardiance,Diabetes,Sunrise Clinic,Non-Prescriber,Rep_014,172,103902.37,10098.7,40076.13,53727.54,5635.01,475,Online Pharmacy,Q2,May
TXN000713,2024-01-05,South,Brazil,Comirnaty,Vaccines,City Medical Center,Non-Prescriber,Rep_038,276,63808.1,4392.59,26112.65,33302.86,1290.59,334,Online Pharmacy,Q1,January
TXN000714,2024-09-12,South,Brazil,Opdivo,Oncology,City Medical Center,Non-Prescriber,Rep_011,213,95750.68,5503.45,29517.72,60729.51,6641.67,253,Retail Pharmacy,Q3,September
TXN000715,2023-12-28,South,Brazil,Keytruda,Oncology,City Medical Center,High Prescriber,Rep_013,235,21562.33,1850.61,6054.97,13656.75,1240.02,202,Retail Pharmacy,Q4,December
TXN000716,2024-10-19,East,India,Aduhelm,Neurology,Sunrise Clinic,Low Prescriber,Rep_029,169,32389.19,1580.66,11558.96,19249.57,2265.84,230,Government,Q4,October
TXN000717,2023-12-26,West,Germany,Jardiance,Diabetes,Cleveland Partners,High Prescriber,Rep_014,198,111977.4,8323.26,46150.83,57503.31,2540.22,183,Retail Pharmacy,Q4,December
TXN000718,2023-01-16,South,Brazil,Brilinta,Cardiology,Metro Health,Non-Prescriber,Rep_029,117,68983.51,3692.8,21250.83,44039.88,3619.65,60,Online Pharmacy,Q1,January
TXN000719,2025-12-07,Central,UAE,Aduhelm,Neurology,St. Luke's,High Prescriber,Rep_021,321,213535.53,12446.49,62843.55,138245.49,10830.82,296,Online Pharmacy,Q4,December
TXN000720,2023-11-22,Central,UAE,Comirnaty,Vaccines,Cleveland Partners,Medium Prescriber,Rep_032,263,199241.19,7350.93,60374.99,131515.27,9902.96,430,Online Pharmacy,Q4,November
TXN000721,2023-09-20,North,USA,Aduhelm,Neurology,Sunrise Clinic,High Prescriber,Rep_008,89,51730.63,9311.51,16738.45,25680.67,2758.06,94,Government,Q3,September
TXN000722,2023-09-29,South,Brazil,Herceptin,Oncology,Metro Health,Medium Prescriber,Rep_040,116,43099.09,1843.07,18897.24,22358.78,2814.55,143,Government,Q3,September
TXN000723,2023-07-04,East,India,Trulicity,Diabetes,Mercy General,Non-Prescriber,Rep_003,331,163074.89,12828.97,51983.5,98262.42,10050.77,447,Retail Pharmacy,Q3,July
TXN000724,2023-02-26,North,USA,Aduhelm,Neurology,Mercy General,Medium Prescriber,Rep_028,142,98294.37,17692.99,26782.92,53818.46,4016.73,444,Hospital,Q1,February
TXN000725,2025-02-14,West,Germany,Jardiance,Diabetes,St. Luke's,Medium Prescriber,Rep_032,182,83721.75,6668.5,21768.26,55284.99,2023.03,411,Retail Pharmacy,Q1,February
TXN000726,2023-04-14,East,India,Jardiance,Diabetes,Apollo Hospital,Low Prescriber,Rep_027,285,30399.77,1436.94,11827.45,17135.38,1354.82,444,Hospital,Q2,April
TXN000727,2023-03-12,East,India,Entresto,Cardiology,Mercy General,Medium Prescriber,Rep_027,193,147034.03,14689.17,43681.08,88663.78,9354.13,220,Retail Pharmacy,Q1,March
TXN000728,2024-03-01,South,Brazil,Brilinta,Cardiology,Mercy General,High Prescriber,Rep_036,99,67432.54,2075.03,21067.66,44289.85,1399.61,93,Hospital,Q1,March
TXN000729,2025-11-09,East,India,Opdivo,Oncology,Cleveland Partners,Non-Prescriber,Rep_007,192,19805.52,1423.48,5998.71,12383.33,1023.1,282,Retail Pharmacy,Q4,November
TXN000730,2023-01-25,East,India,Entresto,Cardiology,Sunrise Clinic,Low Prescriber,Rep_011,231,60996.47,5434.46,20524.05,35037.96,4252.68,420,Retail Pharmacy,Q1,January
TXN000731,2023-10-31,North,USA,Keytruda,Oncology,Cleveland Partners,Low Prescriber,Rep_032,160,54297.5,9773.55,21330.4,23193.55,1312.4,487,Retail Pharmacy,Q4,October
TXN000732,2025-02-14,North,USA,Keytruda,Oncology,Mercy General,Low Prescriber,Rep_021,242,38666.71,6960.01,11127.74,20578.96,2767.22,165,Government,Q1,February
TXN000733,2024-07-01,East,India,Opdivo,Oncology,Metro Health,High Prescriber,Rep_008,198,151663.69,14378.51,65496.42,71788.76,7693.93,212,Online Pharmacy,Q3,July
TXN000734,2023-09-20,Central,UAE,Opdivo,Oncology,Cleveland Partners,Non-Prescriber,Rep_035,353,91763.41,3433.5,25000.78,63329.13,3438.69,326,Retail Pharmacy,Q3,September
TXN000735,2023-01-16,East,India,Herceptin,Oncology,Metro Health,Medium Prescriber,Rep_039,496,289077.99,12098.85,120371.5,156607.64,15700.09,312,Retail Pharmacy,Q1,January
TXN000736,2024-07-19,North,USA,Entresto,Cardiology,St. Luke's,High Prescriber,Rep_038,213,159061.09,28631.0,51789.28,78640.81,7606.39,89,Government,Q3,July
TXN000737,2025-12-07,North,USA,Eliquis,Cardiology,Metro Health,Non-Prescriber,Rep_013,286,54844.21,9871.96,18860.21,26112.04,3467.22,288,Online Pharmacy,Q4,December
TXN000738,2025-12-12,Central,UAE,Jardiance,Diabetes,St. Luke's,Medium Prescriber,Rep_029,208,82863.91,8164.17,23572.97,51126.77,3434.63,378,Government,Q4,December
TXN000739,2023-11-25,North,USA,Herceptin,Oncology,Metro Health,Medium Prescriber,Rep_005,295,30067.17,5412.09,8781.94,15873.14,1125.04,403,Government,Q4,November
TXN000740,2025-12-06,South,Brazil,Brilinta,Cardiology,Apollo Hospital,Medium Prescriber,Rep_005,511,155067.64,8016.78,67688.36,79362.5,5413.12,339,Retail Pharmacy,Q4,December
TXN000741,2023-06-08,East,India,Ozempic,Diabetes,Mercy General,Low Prescriber,Rep_002,277,16071.26,976.24,6728.27,8366.75,793.52,15,Hospital,Q2,June
TXN000742,2023-05-26,North,USA,Entresto,Cardiology,City Medical Center,High Prescriber,Rep_021,113,27029.81,4865.37,7604.28,14560.16,2086.02,232,Hospital,Q2,May
TXN000743,2025-10-10,Central,UAE,Trulicity,Diabetes,Metro Health,Medium Prescriber,Rep_021,422,162242.32,7418.73,64146.19,90677.4,10135.56,118,Retail Pharmacy,Q4,October
TXN000744,2025-10-29,North,USA,Avastin,Oncology,Sunrise Clinic,Medium Prescriber,Rep_004,197,126268.27,22728.29,37320.94,66219.04,6239.33,211,Government,Q4,October
TXN000745,2025-12-04,North,USA,Avastin,Oncology,Mercy General,Non-Prescriber,Rep_039,306,240826.95,43348.85,101640.91,95837.19,14756.41,472,Online Pharmacy,Q4,December
TXN000746,2024-06-08,South,Brazil,Avastin,Oncology,City Medical Center,Non-Prescriber,Rep_037,199,93924.17,8096.98,31504.66,54322.53,3194.6,497,Retail Pharmacy,Q2,June
TXN000747,2024-04-02,North,USA,Nurtec,Neurology,Metro Health,Medium Prescriber,Rep_021,241,99459.44,17902.7,34831.64,46725.1,3908.73,109,Government,Q2,April
TXN000748,2023-08-09,West,Germany,Brilinta,Cardiology,St. Luke's,Low Prescriber,Rep_039,149,39559.16,1635.09,11862.17,26061.9,1324.96,283,Retail Pharmacy,Q3,August
TXN000749,2025-04-21,Central,UAE,Keytruda,Oncology,City Medical Center,Low Prescriber,Rep_006,234,32418.57,1100.26,10775.89,20542.42,1774.43,226,Hospital,Q2,April
TXN000750,2023-01-21,East,India,Vyepti,Neurology,Cleveland Partners,High Prescriber,Rep_004,298,46363.96,3056.62,17035.78,26271.56,2252.8,196,Hospital,Q1,January
TXN000751,2025-09-04,Central,UAE,Herceptin,Oncology,St. Luke's,Low Prescriber,Rep_040,96,24584.9,925.82,9390.55,14268.53,962.36,395,Online Pharmacy,Q3,September
TXN000752,2024-02-21,West,Germany,Brilinta,Cardiology,Apollo Hospital,High Prescriber,Rep_010,186,79938.58,6157.86,34559.34,39221.38,4007.3,484,Online Pharmacy,Q1,February
TXN000753,2025-07-01,East,India,Keytruda,Oncology,Metro Health,High Prescriber,Rep_029,151,64044.88,2885.6,19493.48,41665.8,1933.02,373,Retail Pharmacy,Q3,July
TXN000754,2024-01-13,West,Germany,Vyepti,Neurology,Sunrise Clinic,Non-Prescriber,Rep_037,158,73631.85,5174.08,20335.3,48122.47,3494.14,170,Retail Pharmacy,Q1,January
TXN000755,2023-11-25,South,Brazil,Nurtec,Neurology,Metro Health,Medium Prescriber,Rep_013,301,22494.55,2016.24,8701.0,11777.31,808.05,359,Hospital,Q4,November
TXN000756,2024-10-03,Central,UAE,Avastin,Oncology,Mercy General,High Prescriber,Rep_009,96,60129.68,2736.82,18273.29,39119.57,2078.26,496,Government,Q4,October
TXN000757,2024-02-03,North,USA,Comirnaty,Vaccines,City Medical Center,Medium Prescriber,Rep_019,214,132823.08,23908.15,59399.22,49515.71,4094.33,394,Government,Q1,February
TXN000758,2024-09-27,South,Brazil,Brilinta,Cardiology,Apollo Hospital,Medium Prescriber,Rep_020,227,116121.98,6452.56,38152.7,71516.72,7169.19,472,Hospital,Q3,September
TXN000759,2025-10-13,North,USA,Avastin,Oncology,Mercy General,High Prescriber,Rep_035,235,58376.28,10507.73,20595.51,27273.04,3175.02,466,Online Pharmacy,Q4,October
TXN000760,2023-08-05,North,USA,Jardiance,Diabetes,City Medical Center,High Prescriber,Rep_036,71,45600.12,8208.02,18137.95,19254.15,2622.59,493,Online Pharmacy,Q3,August
TXN000761,2024-10-01,West,Germany,Herceptin,Oncology,Metro Health,Medium Prescriber,Rep_016,205,81034.37,4498.11,25979.7,50556.56,4714.77,388,Government,Q4,October
TXN000762,2025-11-05,South,Brazil,Jardiance,Diabetes,Apollo Hospital,Medium Prescriber,Rep_013,252,14891.58,706.49,5863.73,8321.36,837.17,462,Hospital,Q4,November
TXN000763,2023-06-23,West,Germany,Brilinta,Cardiology,Sunrise Clinic,High Prescriber,Rep_022,310,110083.16,9836.81,35615.38,64630.97,6105.84,276,Retail Pharmacy,Q2,June
TXN000764,2023-05-29,North,USA,Brilinta,Cardiology,Mercy General,Non-Prescriber,Rep_006,126,59270.97,10668.77,18754.21,29847.99,1736.43,432,Online Pharmacy,Q2,May
TXN000765,2024-02-01,Central,UAE,Aduhelm,Neurology,St. Luke's,Low Prescriber,Rep_033,185,45791.7,2046.46,16934.68,26810.56,1160.17,76,Online Pharmacy,Q1,February
TXN000766,2024-09-30,East,India,Entresto,Cardiology,Sunrise Clinic,Non-Prescriber,Rep_012,129,27466.43,2197.02,8898.82,16370.59,1009.06,131,Retail Pharmacy,Q3,September
TXN000767,2023-03-21,Central,UAE,Jardiance,Diabetes,Metro Health,Low Prescriber,Rep_016,104,63133.0,3724.95,21762.82,37645.23,2820.48,468,Retail Pharmacy,Q1,March
TXN000768,2024-04-08,North,USA,Keytruda,Oncology,Mercy General,Non-Prescriber,Rep_015,291,146898.93,26441.81,49989.59,70467.53,11209.58,105,Retail Pharmacy,Q2,April
TXN000769,2025-05-14,South,Brazil,Eliquis,Cardiology,Mercy General,Low Prescriber,Rep_018,351,134701.17,13465.45,56176.57,65059.15,9915.02,420,Government,Q2,May
TXN000770,2025-11-19,Central,UAE,Entresto,Cardiology,Apollo Hospital,High Prescriber,Rep_020,596,66782.58,5855.4,25739.36,35187.82,2132.7,85,Government,Q4,November
TXN000771,2024-01-21,South,Brazil,Opdivo,Oncology,Sunrise Clinic,High Prescriber,Rep_019,317,99916.29,8572.9,33828.66,57514.73,3907.54,375,Hospital,Q1,January
TXN000772,2025-12-25,West,Germany,Jardiance,Diabetes,St. Luke's,Low Prescriber,Rep_010,275,88501.48,7224.57,32740.57,48536.34,2712.95,186,Government,Q4,December
TXN000773,2023-07-18,West,Germany,Comirnaty,Vaccines,Sunrise Clinic,High Prescriber,Rep_019,179,136569.63,10160.46,43808.96,82600.21,7675.15,190,Retail Pharmacy,Q3,July
TXN000774,2025-08-17,East,India,Opdivo,Oncology,Mercy General,Medium Prescriber,Rep_024,108,41881.04,2209.61,14416.38,25255.05,2895.0,106,Hospital,Q3,August
TXN000775,2025-05-13,Central,UAE,Brilinta,Cardiology,Mercy General,Low Prescriber,Rep_022,159,64787.43,5869.68,16612.92,42304.83,3798.62,393,Online Pharmacy,Q2,May
TXN000776,2025-03-09,East,India,Entresto,Cardiology,Sunrise Clinic,Non-Prescriber,Rep_008,216,11927.13,558.3,3222.25,8146.58,424.76,129,Government,Q1,March
TXN000777,2024-12-16,West,Germany,Keytruda,Oncology,City Medical Center,High Prescriber,Rep_033,409,322559.35,29497.5,138384.81,154677.04,19209.92,205,Online Pharmacy,Q4,December
TXN000778,2023-03-22,East,India,Keytruda,Oncology,City Medical Center,Low Prescriber,Rep_028,363,79378.16,5482.6,31975.0,41920.56,4537.34,154,Government,Q1,March
TXN000779,2024-10-06,Central,UAE,Trulicity,Diabetes,St. Luke's,Non-Prescriber,Rep_008,317,96926.81,4181.52,40150.97,52594.32,7258.39,291,Government,Q4,October
TXN000780,2023-09-26,North,USA,Vyepti,Neurology,Metro Health,Medium Prescriber,Rep_004,25,18122.32,3262.02,7496.85,7363.45,1439.32,136,Retail Pharmacy,Q3,September
TXN000781,2025-03-05,North,USA,Entresto,Cardiology,Metro Health,Medium Prescriber,Rep_006,120,7905.51,1422.99,2526.62,3955.9,499.15,395,Retail Pharmacy,Q1,March
TXN000782,2024-04-09,East,India,Opdivo,Oncology,Sunrise Clinic,Medium Prescriber,Rep_017,309,87869.17,4776.75,30522.36,52570.06,6916.6,484,Hospital,Q2,April
TXN000783,2024-06-18,North,USA,Avastin,Oncology,City Medical Center,Medium Prescriber,Rep_033,242,139700.25,25146.04,41144.62,73409.59,4983.39,280,Retail Pharmacy,Q2,June
TXN000784,2025-11-04,North,USA,Herceptin,Oncology,Cleveland Partners,Non-Prescriber,Rep_028,243,29325.8,5278.64,8338.46,15708.7,766.93,325,Government,Q4,November
TXN000785,2025-04-03,Central,UAE,Vyepti,Neurology,Mercy General,Non-Prescriber,Rep_004,300,160341.96,9690.44,46523.76,104127.76,4241.64,248,Hospital,Q2,April
TXN000786,2025-09-12,North,USA,Nurtec,Neurology,Apollo Hospital,Medium Prescriber,Rep_027,195,143573.49,25843.23,60811.47,56918.79,6060.08,82,Online Pharmacy,Q3,September
TXN000787,2023-10-22,Central,UAE,Entresto,Cardiology,Mercy General,Low Prescriber,Rep_029,121,78249.05,4631.86,23147.89,50469.3,2653.22,455,Government,Q4,October
TXN000788,2024-01-14,West,Germany,Entresto,Cardiology,City Medical Center,High Prescriber,Rep_009,142,78927.07,4603.22,26763.82,47560.03,5715.93,257,Hospital,Q1,January
TXN000789,2024-11-20,North,USA,Keytruda,Oncology,Metro Health,Non-Prescriber,Rep_039,186,71556.99,12880.26,23770.11,34906.62,3743.5,162,Online Pharmacy,Q4,November
TXN000790,2023-04-05,North,USA,Avastin,Oncology,Apollo Hospital,Non-Prescriber,Rep_021,477,90967.83,16374.21,23135.81,51457.81,4657.66,355,Government,Q2,April
TXN000791,2025-02-25,West,Germany,Prevnar,Vaccines,Sunrise Clinic,Low Prescriber,Rep_024,388,81033.59,7258.81,27185.22,46589.56,6297.82,375,Hospital,Q1,February
TXN000792,2023-03-13,East,India,Shingrix,Vaccines,Cleveland Partners,Medium Prescriber,Rep_015,135,96946.21,9535.08,37813.18,49597.95,4860.7,124,Government,Q1,March
TXN000793,2025-02-14,North,USA,Keytruda,Oncology,Cleveland Partners,Non-Prescriber,Rep_027,274,176128.74,31703.17,50856.78,93568.79,6288.71,280,Government,Q1,February
TXN000794,2024-03-03,South,Brazil,Ozempic,Diabetes,Apollo Hospital,Low Prescriber,Rep_036,208,62296.99,5494.54,18995.25,37807.2,3287.16,12,Government,Q1,March
TXN000795,2023-06-04,North,USA,Shingrix,Vaccines,Metro Health,Medium Prescriber,Rep_011,115,40499.23,7289.86,17699.93,15509.44,838.57,314,Government,Q2,June
TXN000796,2023-01-16,North,USA,Nurtec,Neurology,Mercy General,Medium Prescriber,Rep_012,291,220214.5,39638.61,91304.79,89271.1,4958.87,261,Retail Pharmacy,Q1,January
TXN000797,2024-03-17,West,Germany,Nurtec,Neurology,Apollo Hospital,High Prescriber,Rep_013,624,199896.7,12019.7,66346.45,121530.55,8492.38,466,Hospital,Q1,March
TXN000798,2024-10-31,North,USA,Brilinta,Cardiology,Metro Health,Medium Prescriber,Rep_035,169,15971.12,2874.8,6093.2,7003.12,1165.69,309,Government,Q4,October
TXN000799,2023-09-28,Central,UAE,Entresto,Cardiology,Cleveland Partners,Non-Prescriber,Rep_040,255,57825.16,5411.17,18035.45,34378.54,4544.18,176,Government,Q3,September
TXN000800,2023-02-02,South,Brazil,Eliquis,Cardiology,Sunrise Clinic,Medium Prescriber,Rep_026,132,61331.34,2927.17,27054.74,31349.43,1331.99,139,Hospital,Q1,February
TXN000801,2024-04-22,North,USA,Eliquis,Cardiology,Apollo Hospital,Non-Prescriber,Rep_023,107,8394.55,1511.02,2345.37,4538.16,629.8,499,Retail Pharmacy,Q2,April
TXN000802,2024-07-22,South,Brazil,Aduhelm,Neurology,St. Luke's,Non-Prescriber,Rep_004,350,255083.01,15412.76,88671.56,150998.69,19295.85,284,Hospital,Q3,July
TXN000803,2024-05-22,East,India,Avastin,Oncology,City Medical Center,Non-Prescriber,Rep_033,367,230126.19,9428.19,91660.06,129037.94,12879.17,75,Hospital,Q2,May
TXN000804,2024-09-03,South,Brazil,Entresto,Cardiology,City Medical Center,Low Prescriber,Rep_035,87,43912.18,2439.4,18921.53,22551.25,2204.11,259,Retail Pharmacy,Q3,September
TXN000805,2024-01-31,North,USA,Herceptin,Oncology,Apollo Hospital,Non-Prescriber,Rep_005,155,9987.69,1797.78,4145.32,4044.59,285.28,189,Government,Q1,January
TXN000806,2024-08-08,East,India,Vyepti,Neurology,Mercy General,Non-Prescriber,Rep_034,428,149787.84,8932.28,56205.77,84649.79,5573.27,486,Government,Q3,August
TXN000807,2025-12-02,North,USA,Opdivo,Oncology,Apollo Hospital,High Prescriber,Rep_002,150,95835.32,17250.36,28507.51,50077.45,3576.57,472,Online Pharmacy,Q4,December
TXN000808,2024-01-25,North,USA,Brilinta,Cardiology,Metro Health,High Prescriber,Rep_039,267,103107.37,18559.33,38170.88,46377.16,4087.44,401,Retail Pharmacy,Q1,January
TXN000809,2023-12-02,South,Brazil,Herceptin,Oncology,St. Luke's,Medium Prescriber,Rep_032,170,54806.62,2745.85,19190.37,32870.4,2595.46,204,Retail Pharmacy,Q4,December
TXN000810,2025-08-24,Central,UAE,Herceptin,Oncology,Cleveland Partners,Low Prescriber,Rep_025,525,292851.03,18542.95,131418.25,142889.83,18664.61,478,Retail Pharmacy,Q3,August
TXN000811,2025-04-01,West,Germany,Eliquis,Cardiology,Sunrise Clinic,Non-Prescriber,Rep_040,255,109342.3,7300.52,48636.14,53405.64,8166.47,122,Hospital,Q2,April
TXN000812,2024-07-15,North,USA,Opdivo,Oncology,St. Luke's,High Prescriber,Rep_028,204,138804.66,24984.84,53652.02,60167.8,4511.38,257,Government,Q3,July
TXN000813,2024-04-25,South,Brazil,Brilinta,Cardiology,St. Luke's,Medium Prescriber,Rep_020,386,33615.03,3005.61,8470.72,22138.7,2562.36,332,Online Pharmacy,Q2,April
TXN000814,2023-09-13,North,USA,Nurtec,Neurology,Metro Health,High Prescriber,Rep_023,240,95261.4,17147.05,35273.09,42841.26,6419.07,146,Government,Q3,September
TXN000815,2025-10-02,West,Germany,Eliquis,Cardiology,Mercy General,High Prescriber,Rep_009,470,66359.54,4573.77,20929.5,40856.27,3089.0,341,Online Pharmacy,Q4,October
TXN000816,2025-03-18,Central,UAE,Avastin,Oncology,Metro Health,Non-Prescriber,Rep_027,292,231875.7,8410.82,63838.26,159626.62,16138.2,439,Hospital,Q1,March
TXN000817,2025-07-02,Central,UAE,Avastin,Oncology,City Medical Center,Non-Prescriber,Rep_020,244,72705.83,2640.84,26358.1,43706.89,3543.86,97,Hospital,Q3,July
TXN000818,2025-07-05,Central,UAE,Brilinta,Cardiology,City Medical Center,Low Prescriber,Rep_039,172,46848.7,1927.82,15791.66,29129.22,2066.68,309,Online Pharmacy,Q3,July
TXN000819,2025-03-11,East,India,Opdivo,Oncology,St. Luke's,Medium Prescriber,Rep_014,257,148760.56,13317.18,50104.67,85338.71,11262.86,315,Government,Q1,March
TXN000820,2025-03-24,North,USA,Eliquis,Cardiology,Apollo Hospital,Low Prescriber,Rep_008,248,133823.29,24088.19,56370.28,53364.82,4981.96,132,Hospital,Q1,March
TXN000821,2025-07-26,North,USA,Aduhelm,Neurology,St. Luke's,High Prescriber,Rep_009,183,129632.47,23333.84,44901.4,61397.23,6972.37,317,Retail Pharmacy,Q3,July
TXN000822,2024-07-23,North,USA,Opdivo,Oncology,Sunrise Clinic,Non-Prescriber,Rep_034,132,25776.33,4639.74,7518.36,13618.23,1538.29,460,Government,Q3,July
TXN000823,2023-09-27,East,India,Trulicity,Diabetes,Apollo Hospital,Non-Prescriber,Rep_018,183,28373.86,1542.95,9304.07,17526.84,1437.92,468,Hospital,Q3,September
TXN000824,2023-09-21,South,Brazil,Opdivo,Oncology,Apollo Hospital,Medium Prescriber,Rep_015,277,18789.61,1085.74,5837.44,11866.43,1181.13,75,Hospital,Q3,September
TXN000825,2023-04-15,South,Brazil,Aduhelm,Neurology,Metro Health,Medium Prescriber,Rep_022,235,41342.94,2454.44,14346.46,24542.04,1462.61,287,Hospital,Q2,April
TXN000826,2025-04-16,South,Brazil,Brilinta,Cardiology,Apollo Hospital,Non-Prescriber,Rep_015,318,102307.46,5350.92,43884.77,53071.77,5095.26,320,Retail Pharmacy,Q2,April
TXN000827,2024-06-05,North,USA,Vyepti,Neurology,Metro Health,Low Prescriber,Rep_007,232,85147.53,15326.56,32381.42,37439.55,3026.34,81,Online Pharmacy,Q2,June
TXN000828,2023-07-18,North,USA,Aduhelm,Neurology,Sunrise Clinic,Medium Prescriber,Rep_025,380,238964.56,43013.62,101561.59,94389.35,13585.08,134,Hospital,Q3,July
TXN000829,2025-01-22,Central,UAE,Opdivo,Oncology,St. Luke's,Low Prescriber,Rep_014,97,10030.29,861.68,2995.65,6172.96,637.17,80,Online Pharmacy,Q1,January
TXN000830,2025-05-27,Central,UAE,Trulicity,Diabetes,Cleveland Partners,Low Prescriber,Rep_039,204,38408.34,2343.5,10875.31,25189.53,3031.29,93,Retail Pharmacy,Q2,May
TXN000831,2024-03-06,East,India,Vyepti,Neurology,Sunrise Clinic,Non-Prescriber,Rep_018,400,289365.01,13594.49,92778.4,182992.12,22284.24,310,Retail Pharmacy,Q1,March
TXN000832,2025-10-30,South,Brazil,Avastin,Oncology,Mercy General,Non-Prescriber,Rep_005,149,51549.8,2890.54,17586.07,31073.19,1578.58,335,Retail Pharmacy,Q4,October
TXN000833,2025-02-19,West,Germany,Aduhelm,Neurology,Cleveland Partners,Non-Prescriber,Rep_019,261,51255.43,2131.1,20780.6,28343.73,1729.32,286,Retail Pharmacy,Q1,February
TXN000834,2025-01-30,Central,UAE,Ozempic,Diabetes,St. Luke's,High Prescriber,Rep_019,485,287112.92,15071.87,113387.16,158653.89,10649.67,31,Hospital,Q1,January
TXN000835,2025-08-06,North,USA,Keytruda,Oncology,Metro Health,High Prescriber,Rep_037,143,19762.56,3557.26,8688.84,7516.46,661.82,499,Government,Q3,August
TXN000836,2023-05-23,North,USA,Opdivo,Oncology,Cleveland Partners,Low Prescriber,Rep_009,136,23543.07,4237.75,7969.37,11335.95,1168.45,190,Government,Q2,May
TXN000837,2023-03-25,South,Brazil,Vyepti,Neurology,Apollo Hospital,Medium Prescriber,Rep_005,40,23218.04,1788.18,6715.5,14714.36,1399.76,163,Hospital,Q1,March
TXN000838,2024-05-09,East,India,Brilinta,Cardiology,Cleveland Partners,Low Prescriber,Rep_025,281,32715.74,1648.52,10615.61,20451.61,2178.33,318,Government,Q2,May
TXN000839,2024-12-15,North,USA,Herceptin,Oncology,Apollo Hospital,Medium Prescriber,Rep_009,140,82812.22,14906.2,31741.43,36164.59,2325.63,233,Online Pharmacy,Q4,December
TXN000840,2023-02-28,East,India,Eliquis,Cardiology,St. Luke's,Medium Prescriber,Rep_016,258,33497.61,3277.64,9711.95,20508.02,790.29,482,Retail Pharmacy,Q1,February
TXN000841,2024-03-11,North,USA,Entresto,Cardiology,Sunrise Clinic,Medium Prescriber,Rep_002,237,104759.44,18856.7,37714.21,48188.53,2705.92,109,Government,Q1,March
TXN000842,2024-01-24,North,USA,Eliquis,Cardiology,Apollo Hospital,Low Prescriber,Rep_019,182,70428.88,12677.2,21651.37,36100.31,1850.75,393,Online Pharmacy,Q1,January
TXN000843,2023-01-17,South,Brazil,Eliquis,Cardiology,Sunrise Clinic,High Prescriber,Rep_007,347,70715.59,5318.04,29644.02,35753.53,3417.82,377,Online Pharmacy,Q1,January
TXN000844,2024-09-12,West,Germany,Nurtec,Neurology,Apollo Hospital,Non-Prescriber,Rep_035,170,21279.56,2026.91,6913.88,12338.77,528.73,224,Online Pharmacy,Q3,September
TXN000845,2023-03-07,West,Germany,Aduhelm,Neurology,St. Luke's,Non-Prescriber,Rep_018,139,78952.14,7026.35,27341.75,44584.04,4096.31,186,Government,Q1,March
TXN000846,2023-06-18,Central,UAE,Trulicity,Diabetes,Cleveland Partners,High Prescriber,Rep_011,289,186152.66,12031.61,57706.35,116414.7,5514.3,341,Government,Q2,June
TXN000847,2024-06-05,North,USA,Aduhelm,Neurology,Cleveland Partners,Non-Prescriber,Rep_035,584,343157.4,61768.33,126619.32,154769.75,13551.1,61,Government,Q2,June
TXN000848,2023-02-24,South,Brazil,Brilinta,Cardiology,St. Luke's,Non-Prescriber,Rep_032,204,99647.17,5924.92,44228.51,49493.74,2328.24,316,Hospital,Q1,February
TXN000849,2024-08-21,East,India,Nurtec,Neurology,Apollo Hospital,Non-Prescriber,Rep_025,110,10296.04,978.52,3032.23,6285.29,823.48,127,Online Pharmacy,Q3,August
TXN000850,2025-08-12,North,USA,Ozempic,Diabetes,Cleveland Partners,Non-Prescriber,Rep_002,113,40205.99,7237.08,16734.03,16234.88,2398.69,18,Government,Q3,August
TXN000851,2024-11-25,Central,UAE,Entresto,Cardiology,City Medical Center,Non-Prescriber,Rep_036,153,54876.02,2256.12,23845.62,28774.28,1106.31,452,Online Pharmacy,Q4,November
TXN000852,2025-02-27,West,Germany,Opdivo,Oncology,Mercy General,High Prescriber,Rep_005,329,104512.28,5329.29,30597.83,68585.16,2327.17,69,Retail Pharmacy,Q1,February
TXN000853,2025-02-21,East,India,Aduhelm,Neurology,Apollo Hospital,High Prescriber,Rep_019,432,321853.23,25396.15,97017.97,199439.11,17330.22,289,Government,Q1,February
TXN000854,2024-08-01,North,USA,Entresto,Cardiology,Mercy General,Low Prescriber,Rep_039,191,151888.28,27339.89,40769.77,83778.62,5231.09,444,Retail Pharmacy,Q3,August
TXN000855,2023-01-13,Central,UAE,Eliquis,Cardiology,Mercy General,High Prescriber,Rep_006,208,151872.16,9706.62,51950.21,90215.33,8199.27,117,Government,Q1,January
TXN000856,2024-12-23,North,USA,Herceptin,Oncology,Apollo Hospital,Non-Prescriber,Rep_027,253,150847.87,27152.62,61810.57,61884.68,11571.75,323,Retail Pharmacy,Q4,December
TXN000857,2023-04-15,East,India,Nurtec,Neurology,Mercy General,High Prescriber,Rep_018,395,134225.61,7844.5,38035.2,88345.91,2870.43,110,Online Pharmacy,Q2,April
TXN000858,2025-07-07,Central,UAE,Avastin,Oncology,Sunrise Clinic,High Prescriber,Rep_015,149,49052.25,1842.92,14731.36,32477.97,1781.48,374,Retail Pharmacy,Q3,July
TXN000859,2025-05-19,North,USA,Herceptin,Oncology,St. Luke's,Non-Prescriber,Rep_019,300,232348.59,41822.75,102863.03,87662.81,10832.77,407,Hospital,Q2,May
TXN000860,2024-11-16,West,Germany,Herceptin,Oncology,Sunrise Clinic,Non-Prescriber,Rep_007,98,32895.06,1999.96,11317.45,19577.65,2176.54,97,Hospital,Q4,November
TXN000861,2025-02-21,West,Germany,Brilinta,Cardiology,Mercy General,Low Prescriber,Rep_006,441,263942.39,26197.16,80372.97,157372.26,19135.66,394,Government,Q1,February
TXN000862,2024-02-16,North,USA,Trulicity,Diabetes,Cleveland Partners,Non-Prescriber,Rep_013,142,76940.28,13849.25,29108.35,33982.68,2505.88,63,Online Pharmacy,Q1,February
TXN000863,2023-05-29,Central,UAE,Eliquis,Cardiology,Metro Health,High Prescriber,Rep_022,163,10369.81,835.52,4325.32,5208.97,455.74,251,Retail Pharmacy,Q2,May
TXN000864,2025-10-26,North,USA,Opdivo,Oncology,St. Luke's,Low Prescriber,Rep_006,119,20428.99,3677.22,6373.56,10378.21,1511.72,359,Government,Q4,October
TXN000865,2024-02-25,North,USA,Opdivo,Oncology,City Medical Center,Non-Prescriber,Rep_019,144,8736.65,1572.6,3550.73,3613.32,600.54,122,Online Pharmacy,Q1,February
TXN000866,2025-07-13,East,India,Herceptin,Oncology,St. Luke's,Non-Prescriber,Rep_038,270,207724.01,7276.84,76004.07,124443.1,15398.93,55,Retail Pharmacy,Q3,July
TXN000867,2024-03-17,East,India,Herceptin,Oncology,Cleveland Partners,High Prescriber,Rep_014,309,176160.96,16881.17,63576.93,95702.86,9867.32,489,Government,Q1,March
TXN000868,2023-09-03,North,USA,Nurtec,Neurology,Sunrise Clinic,High Prescriber,Rep_004,241,70943.78,12769.88,21107.39,37066.51,3698.12,463,Hospital,Q3,September
TXN000869,2025-01-26,East,India,Herceptin,Oncology,Sunrise Clinic,Medium Prescriber,Rep_027,239,52666.47,3016.41,19554.62,30095.44,3440.19,455,Online Pharmacy,Q1,January
TXN000870,2023-11-06,North,USA,Avastin,Oncology,City Medical Center,High Prescriber,Rep_017,61,35550.23,6399.04,13588.23,15562.96,804.8,426,Online Pharmacy,Q4,November
TXN000871,2023-11-02,East,India,Brilinta,Cardiology,St. Luke's,Low Prescriber,Rep_001,190,48138.93,2444.0,20141.09,25553.84,992.71,336,Government,Q4,November
TXN000872,2025-01-20,West,Germany,Brilinta,Cardiology,Mercy General,Non-Prescriber,Rep_019,158,62737.05,4270.25,24103.06,34363.74,1327.46,275,Online Pharmacy,Q1,January
TXN000873,2024-09-20,North,USA,Trulicity,Diabetes,Sunrise Clinic,Low Prescriber,Rep_030,100,46533.05,8375.95,18314.18,19842.92,3435.18,455,Hospital,Q3,September
TXN000874,2025-06-22,North,USA,Eliquis,Cardiology,Sunrise Clinic,Non-Prescriber,Rep_027,120,30577.33,5503.92,9495.01,15578.4,1734.92,247,Hospital,Q2,June
TXN000875,2023-02-08,North,USA,Shingrix,Vaccines,Metro Health,Medium Prescriber,Rep_020,131,36027.99,6485.04,11036.48,18506.47,2026.73,417,Online Pharmacy,Q1,February
TXN000876,2024-02-27,North,USA,Jardiance,Diabetes,St. Luke's,Non-Prescriber,Rep_018,261,22328.27,4019.09,8318.27,9990.91,748.77,457,Government,Q1,February
TXN000877,2025-05-30,North,USA,Keytruda,Oncology,Metro Health,Non-Prescriber,Rep_025,179,24576.74,4423.81,6335.37,13817.56,1559.95,340,Retail Pharmacy,Q2,May
TXN000878,2024-08-21,Central,UAE,Shingrix,Vaccines,Mercy General,Non-Prescriber,Rep_015,80,34532.58,2159.7,15205.25,17167.63,2648.31,400,Government,Q3,August
TXN000879,2023-08-30,South,Brazil,Shingrix,Vaccines,Mercy General,High Prescriber,Rep_028,107,10834.9,951.82,3276.32,6606.76,664.52,465,Retail Pharmacy,Q3,August
TXN000880,2025-02-16,South,Brazil,Opdivo,Oncology,Metro Health,High Prescriber,Rep_037,321,108273.06,9854.28,34931.68,63487.1,8347.44,475,Hospital,Q1,February
TXN000881,2023-04-01,North,USA,Prevnar,Vaccines,St. Luke's,Non-Prescriber,Rep_022,183,135707.22,24427.3,54314.06,56965.86,7516.39,396,Government,Q2,April
TXN000882,2023-08-29,North,USA,Aduhelm,Neurology,Apollo Hospital,Non-Prescriber,Rep_014,202,151443.83,27259.89,45186.38,78997.56,10282.02,244,Retail Pharmacy,Q3,August
TXN000883,2025-12-03,Central,UAE,Vyepti,Neurology,Metro Health,Low Prescriber,Rep_031,115,7349.78,593.34,2351.6,4404.84,285.17,319,Government,Q4,December
TXN000884,2023-04-05,South,Brazil,Vyepti,Neurology,Cleveland Partners,High Prescriber,Rep_040,134,51433.66,3826.1,14161.97,33445.59,3290.8,171,Hospital,Q2,April
TXN000885,2024-12-10,Central,UAE,Eliquis,Cardiology,Mercy General,High Prescriber,Rep_024,213,145692.62,7399.17,59485.96,78807.49,3783.56,420,Government,Q4,December
TXN000886,2023-09-16,Central,UAE,Entresto,Cardiology,Mercy General,High Prescriber,Rep_004,433,106122.67,10180.7,37781.55,58160.42,7415.79,214,Government,Q3,September
TXN000887,2024-12-27,North,USA,Eliquis,Cardiology,Cleveland Partners,Medium Prescriber,Rep_039,340,101731.16,18311.61,43759.17,39660.38,2638.13,102,Government,Q4,December
TXN000888,2024-08-23,East,India,Brilinta,Cardiology,Apollo Hospital,Non-Prescriber,Rep_014,226,77952.6,6847.78,23655.42,47449.4,2857.18,285,Online Pharmacy,Q3,August
TXN000889,2025-01-07,South,Brazil,Avastin,Oncology,Cleveland Partners,Low Prescriber,Rep_010,144,41679.72,2395.4,12748.31,26536.01,3162.85,357,Online Pharmacy,Q1,January
TXN000890,2025-04-26,West,Germany,Brilinta,Cardiology,Mercy General,Low Prescriber,Rep_036,301,65386.49,3825.1,29266.9,32294.49,4381.77,308,Online Pharmacy,Q2,April
TXN000891,2023-11-04,North,USA,Avastin,Oncology,City Medical Center,Medium Prescriber,Rep_012,235,139163.78,25049.48,53980.9,60133.4,10867.23,409,Retail Pharmacy,Q4,November
TXN000892,2023-10-05,North,USA,Entresto,Cardiology,Mercy General,Medium Prescriber,Rep_039,243,74282.02,13370.76,26645.47,34265.79,5231.84,447,Government,Q4,October
TXN000893,2025-10-07,North,USA,Entresto,Cardiology,Cleveland Partners,High Prescriber,Rep_036,188,33949.4,6110.89,11054.95,16783.56,2316.59,409,Government,Q4,October
TXN000894,2024-12-05,North,USA,Opdivo,Oncology,Metro Health,Non-Prescriber,Rep_034,109,52580.17,9464.43,23280.85,19834.89,1682.78,92,Hospital,Q4,December
TXN000895,2023-01-24,South,Brazil,Jardiance,Diabetes,St. Luke's,High Prescriber,Rep_016,111,74877.16,2883.2,30850.43,41143.53,3659.74,252,Hospital,Q1,January
TXN000896,2024-02-27,Central,UAE,Eliquis,Cardiology,Cleveland Partners,High Prescriber,Rep_019,229,101547.57,4629.8,32244.53,64673.24,5018.59,192,Hospital,Q1,February
TXN000897,2025-05-10,Central,UAE,Brilinta,Cardiology,Mercy General,Non-Prescriber,Rep_019,441,218473.1,9431.55,93419.48,115622.07,14966.05,284,Government,Q2,May
TXN000898,2025-08-03,North,USA,Shingrix,Vaccines,St. Luke's,Low Prescriber,Rep_014,84,35802.68,6444.48,9117.42,20240.78,1479.64,382,Government,Q3,August
TXN000899,2025-03-31,Central,UAE,Eliquis,Cardiology,Mercy General,Medium Prescriber,Rep_015,371,112086.43,5671.86,47587.33,58827.24,7601.62,281,Retail Pharmacy,Q1,March
TXN000900,2023-04-17,East,India,Eliquis,Cardiology,Apollo Hospital,Non-Prescriber,Rep_037,231,121715.26,11641.18,33556.99,76517.09,3075.02,427,Retail Pharmacy,Q2,April
TXN000901,2024-02-27,Central,UAE,Avastin,Oncology,Apollo Hospital,Non-Prescriber,Rep_031,214,16716.82,1575.5,4646.08,10495.24,887.78,173,Retail Pharmacy,Q1,February
TXN000902,2023-10-15,North,USA,Herceptin,Oncology,Metro Health,High Prescriber,Rep_012,46,12014.31,2162.58,3190.03,6661.7,344.88,364,Hospital,Q4,October
TXN000903,2025-06-15,East,India,Eliquis,Cardiology,City Medical Center,High Prescriber,Rep_010,219,55225.51,2044.0,17699.01,35482.5,2439.77,57,Government,Q2,June
TXN000904,2024-08-27,East,India,Opdivo,Oncology,Apollo Hospital,Low Prescriber,Rep_021,339,171708.8,16573.31,77226.03,77909.46,7265.28,184,Online Pharmacy,Q3,August
TXN000905,2024-01-15,East,India,Ozempic,Diabetes,Mercy General,Non-Prescriber,Rep_034,346,195865.55,6166.13,62156.2,127543.22,5615.18,13,Retail Pharmacy,Q1,January
TXN000906,2025-05-15,North,USA,Herceptin,Oncology,Cleveland Partners,High Prescriber,Rep_025,94,10362.31,1865.22,4428.82,4068.27,330.57,386,Retail Pharmacy,Q2,May
TXN000907,2024-12-02,North,USA,Nurtec,Neurology,Sunrise Clinic,Low Prescriber,Rep_020,120,75493.73,13588.87,32885.2,29019.66,2692.68,200,Government,Q4,December
TXN000908,2023-04-23,Central,UAE,Avastin,Oncology,Sunrise Clinic,High Prescriber,Rep_034,324,151540.34,11559.23,47970.72,92010.39,6505.16,317,Retail Pharmacy,Q2,April
TXN000909,2023-06-11,Central,UAE,Opdivo,Oncology,Cleveland Partners,Non-Prescriber,Rep_003,99,10590.05,833.21,3182.82,6574.02,409.67,104,Online Pharmacy,Q2,June
TXN000910,2025-10-09,East,India,Brilinta,Cardiology,Cleveland Partners,High Prescriber,Rep_018,182,85792.61,4162.06,23678.25,57952.3,4272.53,233,Hospital,Q4,October
TXN000911,2024-06-20,West,Germany,Avastin,Oncology,Metro Health,Low Prescriber,Rep_039,134,50718.77,2613.15,22670.66,25434.96,3491.64,124,Online Pharmacy,Q2,June
TXN000912,2025-03-10,Central,UAE,Aduhelm,Neurology,Metro Health,Medium Prescriber,Rep_009,432,91457.34,5300.04,32154.47,54002.83,6275.1,427,Online Pharmacy,Q1,March
TXN000913,2023-06-20,East,India,Keytruda,Oncology,Sunrise Clinic,Medium Prescriber,Rep_034,161,39081.05,1315.19,9850.25,27915.61,833.58,53,Online Pharmacy,Q2,June
TXN000914,2025-06-02,North,USA,Jardiance,Diabetes,Apollo Hospital,Non-Prescriber,Rep_028,108,74894.55,13481.02,28880.24,32533.29,2828.39,302,Online Pharmacy,Q2,June
TXN000915,2025-07-04,East,India,Ozempic,Diabetes,Apollo Hospital,Non-Prescriber,Rep_011,95,63047.61,1916.37,28270.51,32860.73,1952.81,21,Retail Pharmacy,Q3,July
TXN000916,2024-04-15,East,India,Comirnaty,Vaccines,City Medical Center,Non-Prescriber,Rep_006,527,380436.4,26804.21,135237.71,218394.48,11269.69,371,Government,Q2,April
TXN000917,2025-04-13,South,Brazil,Trulicity,Diabetes,Sunrise Clinic,High Prescriber,Rep_013,199,95090.84,3467.93,31954.06,59668.85,5248.82,459,Hospital,Q2,April
TXN000918,2024-06-17,North,USA,Opdivo,Oncology,Sunrise Clinic,Medium Prescriber,Rep_026,123,48036.6,8646.59,19706.63,19683.38,3184.83,463,Government,Q2,June
TXN000919,2025-09-26,East,India,Jardiance,Diabetes,Metro Health,High Prescriber,Rep_008,219,121106.45,11958.39,31803.37,77344.69,8983.68,416,Government,Q3,September
TXN000920,2024-01-13,South,Brazil,Eliquis,Cardiology,Mercy General,High Prescriber,Rep_001,211,135606.19,7934.75,49207.13,78464.31,9163.55,172,Hospital,Q1,January
TXN000921,2023-02-01,West,Germany,Eliquis,Cardiology,St. Luke's,Non-Prescriber,Rep_025,214,127320.06,10071.57,50071.65,67176.84,6017.73,263,Government,Q1,February
TXN000922,2024-04-26,Central,UAE,Trulicity,Diabetes,Sunrise Clinic,High Prescriber,Rep_033,257,107415.02,4851.73,30499.92,72063.37,2149.32,373,Online Pharmacy,Q2,April
TXN000923,2024-12-04,North,USA,Entresto,Cardiology,Cleveland Partners,High Prescriber,Rep_039,209,98341.57,17701.48,40671.65,39968.44,6049.27,348,Government,Q4,December
TXN000924,2025-07-31,West,Germany,Jardiance,Diabetes,St. Luke's,Medium Prescriber,Rep_027,99,5768.84,547.23,2138.29,3083.32,185.69,463,Hospital,Q3,July
TXN000925,2023-09-11,Central,UAE,Opdivo,Oncology,Sunrise Clinic,Non-Prescriber,Rep_018,133,104347.2,5292.67,44261.82,54792.71,2112.78,59,Government,Q3,September
TXN000926,2023-09-26,West,Germany,Trulicity,Diabetes,Metro Health,Non-Prescriber,Rep_032,231,43705.9,3734.91,14563.42,25407.57,1119.13,267,Government,Q3,September
TXN000927,2024-11-29,North,USA,Trulicity,Diabetes,St. Luke's,Low Prescriber,Rep_004,255,202732.55,36491.86,56017.87,110222.82,4654.24,362,Retail Pharmacy,Q4,November
TXN000928,2025-12-25,East,India,Prevnar,Vaccines,Apollo Hospital,Low Prescriber,Rep_024,104,17510.5,693.5,6440.77,10376.23,1293.8,406,Hospital,Q4,December
TXN000929,2024-08-29,South,Brazil,Opdivo,Oncology,Cleveland Partners,Low Prescriber,Rep_008,376,261490.47,16036.68,113331.11,132122.68,12570.42,173,Government,Q3,August
TXN000930,2024-07-26,East,India,Keytruda,Oncology,Cleveland Partners,Low Prescriber,Rep_034,99,25419.68,1074.38,10293.56,14051.74,1952.42,95,Hospital,Q3,July
TXN000931,2025-11-19,South,Brazil,Opdivo,Oncology,St. Luke's,Medium Prescriber,Rep_005,247,138317.32,11120.61,36929.89,90266.82,3650.29,107,Government,Q4,November
TXN000932,2023-02-17,Central,UAE,Shingrix,Vaccines,Sunrise Clinic,Medium Prescriber,Rep_016,147,76178.02,2672.92,31792.3,41712.8,2321.35,81,Government,Q1,February
TXN000933,2025-02-09,West,Germany,Opdivo,Oncology,City Medical Center,Non-Prescriber,Rep_012,501,384907.32,12359.87,169981.78,202565.67,12704.19,71,Government,Q1,February
TXN000934,2025-06-03,West,Germany,Herceptin,Oncology,City Medical Center,High Prescriber,Rep_010,154,99209.49,3143.88,36914.1,59151.51,6333.57,497,Hospital,Q2,June
TXN000935,2025-05-20,North,USA,Nurtec,Neurology,Metro Health,Medium Prescriber,Rep_022,301,106160.32,19108.86,35125.79,51925.67,3564.68,57,Hospital,Q2,May
TXN000936,2023-02-20,North,USA,Herceptin,Oncology,Metro Health,Medium Prescriber,Rep_022,269,149476.19,26905.71,49368.91,73201.57,8025.6,336,Government,Q1,February
TXN000937,2023-09-25,North,USA,Brilinta,Cardiology,Metro Health,Medium Prescriber,Rep_024,257,142206.93,25597.25,36472.53,80137.15,7846.17,299,Retail Pharmacy,Q3,September
TXN000938,2023-05-29,West,Germany,Keytruda,Oncology,City Medical Center,Medium Prescriber,Rep_019,358,85710.9,7043.86,32299.13,46367.91,5687.1,196,Hospital,Q2,May
TXN000939,2023-08-11,North,USA,Jardiance,Diabetes,Metro Health,High Prescriber,Rep_021,116,15619.64,2811.54,5252.09,7556.01,956.19,180,Retail Pharmacy,Q3,August
TXN000940,2023-04-10,North,USA,Herceptin,Oncology,City Medical Center,Medium Prescriber,Rep_014,187,124363.33,22385.4,55854.28,46123.65,3058.99,262,Retail Pharmacy,Q2,April
TXN000941,2025-11-10,West,Germany,Opdivo,Oncology,St. Luke's,Medium Prescriber,Rep_004,280,207860.22,10155.01,93082.9,104622.31,12516.47,258,Hospital,Q4,November
TXN000942,2025-11-27,North,USA,Herceptin,Oncology,Cleveland Partners,Medium Prescriber,Rep_010,247,153668.98,27660.42,57102.51,68906.05,4019.22,433,Online Pharmacy,Q4,November
TXN000943,2023-03-10,East,India,Keytruda,Oncology,Apollo Hospital,Low Prescriber,Rep_002,302,110985.7,10502.55,29364.97,71118.18,7568.73,146,Government,Q1,March
TXN000944,2025-03-11,West,Germany,Jardiance,Diabetes,Apollo Hospital,High Prescriber,Rep_038,401,94191.28,8120.85,35077.77,50992.66,4013.84,50,Retail Pharmacy,Q1,March
TXN000945,2024-09-08,North,USA,Herceptin,Oncology,Metro Health,Medium Prescriber,Rep_037,330,166368.5,29946.33,57722.48,78699.69,4383.27,175,Hospital,Q3,September
TXN000946,2024-11-22,West,Germany,Prevnar,Vaccines,Apollo Hospital,Medium Prescriber,Rep_008,351,256083.92,11069.16,77159.13,167855.63,5941.1,484,Online Pharmacy,Q4,November
TXN000947,2024-11-10,West,Germany,Eliquis,Cardiology,Apollo Hospital,High Prescriber,Rep_031,179,18126.22,559.76,7787.83,9778.63,994.77,208,Government,Q4,November
TXN000948,2023-03-14,East,India,Prevnar,Vaccines,Sunrise Clinic,High Prescriber,Rep_006,252,36743.38,1115.09,14167.31,21460.98,1947.2,198,Retail Pharmacy,Q1,March
TXN000949,2024-01-03,North,USA,Keytruda,Oncology,Metro Health,High Prescriber,Rep_029,169,42833.29,7709.99,15976.25,19147.05,3368.04,100,Government,Q1,January
TXN000950,2025-08-25,Central,UAE,Jardiance,Diabetes,Metro Health,High Prescriber,Rep_039,196,147388.05,5402.44,56715.6,85270.01,4127.42,445,Hospital,Q3,August
TXN000951,2023-03-06,North,USA,Trulicity,Diabetes,Sunrise Clinic,Non-Prescriber,Rep_025,168,95804.16,17244.75,30133.63,48425.78,5201.72,480,Online Pharmacy,Q1,March
TXN000952,2024-01-10,East,India,Herceptin,Oncology,Metro Health,Medium Prescriber,Rep_026,119,45798.15,1593.57,12993.88,31210.7,3090.36,341,Retail Pharmacy,Q1,January
TXN000953,2023-03-12,West,Germany,Prevnar,Vaccines,Apollo Hospital,Non-Prescriber,Rep_010,434,180483.29,17920.32,52842.72,109720.25,8134.63,181,Retail Pharmacy,Q1,March
TXN000954,2023-08-29,North,USA,Herceptin,Oncology,St. Luke's,Low Prescriber,Rep_017,269,96235.61,17322.41,43082.56,35830.64,4637.41,165,Government,Q3,August
TXN000955,2024-03-28,East,India,Avastin,Oncology,Apollo Hospital,High Prescriber,Rep_008,264,137082.1,12848.54,41782.37,82451.19,6896.19,481,Retail Pharmacy,Q1,March
TXN000956,2023-05-06,East,India,Entresto,Cardiology,Mercy General,Non-Prescriber,Rep_031,275,58205.8,3456.02,16742.02,38007.76,1193.12,486,Hospital,Q2,May
TXN000957,2023-01-19,North,USA,Entresto,Cardiology,Sunrise Clinic,Non-Prescriber,Rep_039,247,175813.96,31646.51,77588.95,66578.5,7130.3,97,Retail Pharmacy,Q1,January
TXN000958,2023-01-24,West,Germany,Keytruda,Oncology,Apollo Hospital,High Prescriber,Rep_012,107,32731.47,2498.53,11239.98,18992.96,2249.37,120,Hospital,Q1,January
TXN000959,2025-12-16,Central,UAE,Prevnar,Vaccines,Mercy General,Non-Prescriber,Rep_020,315,207385.67,17452.45,57872.7,132060.52,9919.21,398,Government,Q4,December
TXN000960,2025-09-10,North,USA,Entresto,Cardiology,City Medical Center,High Prescriber,Rep_004,71,25946.45,4670.36,10456.43,10819.66,2004.82,432,Hospital,Q3,September
TXN000961,2025-06-02,North,USA,Shingrix,Vaccines,Mercy General,Non-Prescriber,Rep_001,274,78010.32,14041.86,28460.69,35507.77,3904.05,270,Hospital,Q2,June
TXN000962,2024-07-16,South,Brazil,Comirnaty,Vaccines,Mercy General,High Prescriber,Rep_014,436,238750.87,21723.73,99200.08,117827.06,9933.72,320,Retail Pharmacy,Q3,July
TXN000963,2024-07-30,East,India,Brilinta,Cardiology,City Medical Center,Low Prescriber,Rep_012,248,47158.23,3318.03,18254.69,25585.51,1283.84,105,Online Pharmacy,Q3,July
TXN000964,2023-02-03,South,Brazil,Eliquis,Cardiology,Cleveland Partners,Non-Prescriber,Rep_038,76,48315.54,2689.57,21528.4,24097.57,2225.67,117,Hospital,Q1,February
TXN000965,2025-10-14,South,Brazil,Brilinta,Cardiology,Apollo Hospital,Non-Prescriber,Rep_040,265,25774.58,1538.88,6524.12,17711.58,1007.73,215,Retail Pharmacy,Q4,October
TXN000966,2024-01-13,South,Brazil,Avastin,Oncology,Cleveland Partners,Low Prescriber,Rep_020,340,56186.95,4109.55,15790.33,36287.07,3067.83,421,Retail Pharmacy,Q1,January
TXN000967,2024-08-30,West,Germany,Eliquis,Cardiology,Sunrise Clinic,Medium Prescriber,Rep_035,65,38833.39,3533.05,17242.53,18057.81,2935.65,408,Retail Pharmacy,Q3,August
TXN000968,2024-12-23,South,Brazil,Eliquis,Cardiology,Mercy General,Low Prescriber,Rep_004,340,209956.4,12970.12,61398.02,135588.26,6743.02,436,Hospital,Q4,December
TXN000969,2025-08-03,North,USA,Brilinta,Cardiology,St. Luke's,High Prescriber,Rep_005,97,38157.52,6868.35,9732.74,21556.43,2068.94,278,Retail Pharmacy,Q3,August
TXN000970,2025-01-07,West,Germany,Opdivo,Oncology,Apollo Hospital,Low Prescriber,Rep_039,117,12358.65,1229.09,4710.11,6419.45,649.15,394,Online Pharmacy,Q1,January
TXN000971,2025-08-08,North,USA,Vyepti,Neurology,City Medical Center,High Prescriber,Rep_039,201,22123.89,3982.3,7315.18,10826.41,939.05,171,Government,Q3,August
TXN000972,2023-03-26,South,Brazil,Entresto,Cardiology,Sunrise Clinic,High Prescriber,Rep_018,98,49299.3,1667.19,20628.9,27003.21,2903.24,231,Online Pharmacy,Q1,March
TXN000973,2024-06-25,North,USA,Herceptin,Oncology,Cleveland Partners,Non-Prescriber,Rep_015,174,15707.48,2827.35,4911.43,7968.7,454.98,311,Online Pharmacy,Q2,June
TXN000974,2025-10-10,North,USA,Keytruda,Oncology,Mercy General,High Prescriber,Rep_024,173,36900.34,6642.06,11119.86,19138.42,961.38,322,Government,Q4,October
TXN000975,2024-02-09,Central,UAE,Eliquis,Cardiology,St. Luke's,Medium Prescriber,Rep_023,367,164508.61,12800.01,62098.41,89610.19,11989.3,313,Hospital,Q1,February
TXN000976,2023-10-13,East,India,Jardiance,Diabetes,City Medical Center,Non-Prescriber,Rep_031,93,8801.95,622.35,2429.67,5749.93,686.9,415,Hospital,Q4,October
TXN000977,2024-05-18,South,Brazil,Herceptin,Oncology,Metro Health,Non-Prescriber,Rep_003,157,115600.29,9590.38,47914.52,58095.39,3813.59,168,Online Pharmacy,Q2,May
TXN000978,2023-06-19,East,India,Herceptin,Oncology,Sunrise Clinic,Non-Prescriber,Rep_033,177,20758.73,1531.76,7245.69,11981.28,757.91,263,Online Pharmacy,Q2,June
TXN000979,2023-01-09,South,Brazil,Entresto,Cardiology,Mercy General,Non-Prescriber,Rep_010,483,337943.13,31202.14,102735.05,204005.94,7468.19,167,Hospital,Q1,January
TXN000980,2023-01-21,East,India,Avastin,Oncology,St. Luke's,Non-Prescriber,Rep_009,119,62215.14,5069.23,26250.36,30895.55,4755.61,140,Retail Pharmacy,Q1,January
TXN000981,2024-12-23,Central,UAE,Entresto,Cardiology,Sunrise Clinic,High Prescriber,Rep_009,186,84340.26,6773.81,24717.27,52849.18,5339.97,414,Retail Pharmacy,Q4,December
TXN000982,2024-06-09,Central,UAE,Avastin,Oncology,Apollo Hospital,High Prescriber,Rep_033,221,79180.01,3293.37,23026.7,52859.94,4877.78,462,Online Pharmacy,Q2,June
TXN000983,2023-03-30,North,USA,Herceptin,Oncology,Cleveland Partners,Medium Prescriber,Rep_020,223,55676.68,10021.8,20637.02,25017.86,3348.06,344,Retail Pharmacy,Q1,March
TXN000984,2025-11-20,West,Germany,Jardiance,Diabetes,Metro Health,Non-Prescriber,Rep_008,215,25952.0,1837.42,6756.15,17358.43,1043.68,388,Hospital,Q4,November
TXN000985,2024-07-13,North,USA,Herceptin,Oncology,Sunrise Clinic,Non-Prescriber,Rep_022,316,104379.56,18788.32,43757.3,41833.94,5956.83,388,Online Pharmacy,Q3,July
TXN000986,2023-02-03,Central,UAE,Eliquis,Cardiology,City Medical Center,Medium Prescriber,Rep_008,198,47122.41,1874.62,15457.76,29790.03,1745.8,379,Hospital,Q1,February
TXN000987,2025-12-02,West,Germany,Opdivo,Oncology,St. Luke's,Medium Prescriber,Rep_017,324,95970.17,3942.14,27209.74,64818.29,5730.71,297,Government,Q4,December
TXN000988,2025-06-14,North,USA,Nurtec,Neurology,Mercy General,Low Prescriber,Rep_003,190,89338.49,16080.93,23847.59,49409.97,6631.13,458,Hospital,Q2,June
TXN000989,2023-12-10,West,Germany,Jardiance,Diabetes,City Medical Center,High Prescriber,Rep_027,151,27103.35,1303.8,9313.04,16486.51,921.05,314,Online Pharmacy,Q4,December
TXN000990,2025-05-27,North,USA,Eliquis,Cardiology,Sunrise Clinic,High Prescriber,Rep_033,151,17890.73,3220.33,7156.35,7514.05,546.33,217,Online Pharmacy,Q2,May
TXN000991,2023-11-04,West,Germany,Aduhelm,Neurology,Apollo Hospital,Non-Prescriber,Rep_019,320,103203.34,8371.2,31965.09,62867.05,5425.83,245,Online Pharmacy,Q4,November
TXN000992,2025-01-07,North,USA,Herceptin,Oncology,Cleveland Partners,Medium Prescriber,Rep_005,428,209695.2,37745.14,78134.08,93815.98,14517.97,204,Retail Pharmacy,Q1,January
TXN000993,2023-10-30,West,Germany,Entresto,Cardiology,Metro Health,High Prescriber,Rep_005,176,100545.2,6043.6,39033.13,55468.47,5154.53,489,Government,Q4,October
TXN000994,2024-02-01,South,Brazil,Comirnaty,Vaccines,Cleveland Partners,Medium Prescriber,Rep_023,218,121103.28,7320.56,43808.47,69974.25,2843.84,363,Government,Q1,February
TXN000995,2024-09-07,North,USA,Opdivo,Oncology,Apollo Hospital,High Prescriber,Rep_006,128,55094.99,9917.1,24746.97,20430.92,1692.32,492,Government,Q3,September
TXN000996,2023-04-20,South,Brazil,Aduhelm,Neurology,Sunrise Clinic,Medium Prescriber,Rep_023,243,182236.39,7963.53,73425.36,100847.5,3901.71,218,Online Pharmacy,Q2,April
TXN000997,2024-07-09,North,USA,Brilinta,Cardiology,City Medical Center,High Prescriber,Rep_004,97,74669.61,13440.53,25513.5,35715.58,3836.34,157,Government,Q3,July
TXN000998,2025-06-15,West,Germany,Eliquis,Cardiology,Mercy General,Low Prescriber,Rep_006,281,114891.95,7770.42,40026.43,67095.1,7829.32,351,Government,Q2,June
TXN000999,2025-05-08,East,India,Opdivo,Oncology,Cleveland Partners,Low Prescriber,Rep_021,396,308655.79,26136.41,85787.94,196731.44,21972.19,229,Government,Q2,May
TXN001000,2023-03-14,West,Germany,Brilinta,Cardiology,Mercy General,Low Prescriber,Rep_034,265,47294.0,4615.24,16807.94,25870.82,2516.68,458,Retail Pharmacy,Q1,March
TXN001001,2024-04-07,North,USA,Entresto,Cardiology,City Medical Center,High Prescriber,Rep_010,147,44787.02,8061.66,13981.13,22744.23,3458.43,402,Retail Pharmacy,Q2,April
TXN001002,2024-05-12,North,USA,Prevnar,Vaccines,Sunrise Clinic,Low Prescriber,Rep_014,233,164010.4,29521.87,53966.82,80521.71,6561.04,202,Government,Q2,May
TXN001003,2024-01-24,North,USA,Prevnar,Vaccines,St. Luke's,High Prescriber,Rep_026,243,134160.91,24148.96,42283.34,67728.61,7305.56,181,Government,Q1,January
TXN001004,2024-07-03,West,Germany,Brilinta,Cardiology,Apollo Hospital,Non-Prescriber,Rep_019,224,125650.95,9447.98,49295.57,66907.4,9434.71,161,Online Pharmacy,Q3,July
TXN001005,2023-03-30,East,India,Aduhelm,Neurology,Cleveland Partners,Medium Prescriber,Rep_028,247,26034.49,1302.07,8418.04,16314.38,1491.86,79,Hospital,Q1,March
TXN001006,2025-11-04,East,India,Opdivo,Oncology,Metro Health,Medium Prescriber,Rep_032,275,184832.45,14543.6,67466.12,102822.73,5795.79,321,Hospital,Q4,November
TXN001007,2024-11-19,South,Brazil,Brilinta,Cardiology,Sunrise Clinic,Low Prescriber,Rep_030,187,9841.53,314.28,4081.95,5445.3,314.61,77,Government,Q4,November
TXN001008,2023-06-26,West,Germany,Nurtec,Neurology,Mercy General,High Prescriber,Rep_004,276,205526.32,17891.18,64666.38,122968.76,16223.4,368,Government,Q2,June
TXN001009,2025-11-09,North,USA,Prevnar,Vaccines,Apollo Hospital,Non-Prescriber,Rep_035,228,24510.98,4411.98,7870.65,12228.35,1813.48,103,Retail Pharmacy,Q4,November
TXN001010,2023-04-09,East,India,Jardiance,Diabetes,Mercy General,Low Prescriber,Rep_016,153,114931.13,4697.45,29511.45,80722.23,9124.44,267,Retail Pharmacy,Q2,April
TXN001011,2024-03-21,West,Germany,Jardiance,Diabetes,Metro Health,Low Prescriber,Rep_020,281,169882.33,7249.48,75054.25,87578.6,9908.28,431,Online Pharmacy,Q1,March
TXN001012,2023-04-17,East,India,Jardiance,Diabetes,Sunrise Clinic,High Prescriber,Rep_010,112,58636.73,2752.81,19732.13,36151.79,2071.16,447,Hospital,Q2,April
TXN001013,2025-05-12,South,Brazil,Eliquis,Cardiology,Metro Health,Non-Prescriber,Rep_040,385,228985.59,14179.91,82308.69,132496.99,12044.01,489,Hospital,Q2,May
TXN001014,2024-04-10,Central,UAE,Keytruda,Oncology,Metro Health,Medium Prescriber,Rep_019,163,88679.05,3594.86,38541.44,46542.75,4779.84,198,Online Pharmacy,Q2,April
TXN001015,2023-10-19,West,Germany,Brilinta,Cardiology,Metro Health,Low Prescriber,Rep_031,68,11253.39,894.9,5007.02,5351.47,382.45,397,Online Pharmacy,Q4,October
TXN001016,2025-05-05,East,India,Avastin,Oncology,Apollo Hospital,Low Prescriber,Rep_012,524,65718.88,3222.15,29299.24,33197.49,2380.67,361,Retail Pharmacy,Q2,May
TXN001017,2023-05-05,North,USA,Brilinta,Cardiology,Mercy General,High Prescriber,Rep_040,109,19334.37,3480.19,5244.66,10609.52,1438.56,498,Online Pharmacy,Q2,May
TXN001018,2025-08-07,South,Brazil,Entresto,Cardiology,Cleveland Partners,High Prescriber,Rep_001,180,59623.94,4149.18,24870.28,30604.48,1257.59,410,Retail Pharmacy,Q3,August
TXN001019,2023-05-18,East,India,Avastin,Oncology,Mercy General,Low Prescriber,Rep_017,67,51529.75,2289.01,19631.1,29609.64,1164.77,79,Retail Pharmacy,Q2,May
TXN001020,2023-05-20,North,USA,Opdivo,Oncology,Sunrise Clinic,High Prescriber,Rep_004,238,131184.31,23613.18,37583.68,69987.45,7452.25,235,Retail Pharmacy,Q2,May
TXN001021,2024-09-12,South,Brazil,Trulicity,Diabetes,Sunrise Clinic,Non-Prescriber,Rep_024,74,56683.97,4464.88,20283.78,31935.31,2869.96,121,Government,Q3,September
TXN001022,2024-01-29,West,Germany,Keytruda,Oncology,Metro Health,Non-Prescriber,Rep_040,53,21341.66,1432.35,6462.37,13446.94,1249.92,366,Government,Q1,January
TXN001023,2025-11-02,North,USA,Eliquis,Cardiology,City Medical Center,Low Prescriber,Rep_013,520,309082.7,55634.89,126123.22,127324.59,11537.75,224,Hospital,Q4,November
TXN001024,2023-08-25,South,Brazil,Opdivo,Oncology,City Medical Center,Low Prescriber,Rep_009,244,167592.0,7792.18,73243.13,86556.69,12953.94,481,Retail Pharmacy,Q3,August
TXN001025,2025-12-24,North,USA,Entresto,Cardiology,St. Luke's,Low Prescriber,Rep_039,77,4127.19,742.89,1452.04,1932.26,220.11,421,Government,Q4,December
TXN001026,2025-11-03,East,India,Trulicity,Diabetes,St. Luke's,Low Prescriber,Rep_019,250,139089.47,5830.12,40051.19,93208.16,10513.78,64,Retail Pharmacy,Q4,November
TXN001027,2025-10-30,West,Germany,Eliquis,Cardiology,Metro Health,High Prescriber,Rep_034,250,56389.29,3317.41,22173.31,30898.57,1498.03,171,Retail Pharmacy,Q4,October
TXN001028,2023-10-17,West,Germany,Opdivo,Oncology,City Medical Center,Medium Prescriber,Rep_017,194,44173.0,3469.99,19657.89,21045.12,3433.86,155,Retail Pharmacy,Q4,October
TXN001029,2024-09-28,West,Germany,Vyepti,Neurology,Apollo Hospital,Low Prescriber,Rep_028,223,133047.51,8101.96,42272.91,82672.64,5003.75,145,Government,Q3,September
TXN001030,2023-09-21,South,Brazil,Avastin,Oncology,City Medical Center,High Prescriber,Rep_010,93,18225.72,781.77,5605.57,11838.38,636.16,358,Online Pharmacy,Q3,September
TXN001031,2023-03-29,Central,UAE,Entresto,Cardiology,Mercy General,Medium Prescriber,Rep_020,357,178830.95,7160.29,76949.94,94720.72,5448.41,208,Hospital,Q1,March
TXN001032,2025-03-02,West,Germany,Ozempic,Diabetes,Metro Health,Medium Prescriber,Rep_008,244,148991.21,9106.9,65405.24,74479.07,10344.26,27,Hospital,Q1,March
TXN001033,2024-06-16,South,Brazil,Jardiance,Diabetes,Cleveland Partners,Low Prescriber,Rep_036,483,343853.49,15962.9,104006.71,223883.88,21402.29,129,Hospital,Q2,June
TXN001034,2025-12-24,South,Brazil,Eliquis,Cardiology,Mercy General,Medium Prescriber,Rep_011,385,49078.01,2151.35,16977.38,29949.28,3595.23,304,Hospital,Q4,December
TXN001035,2025-12-26,Central,UAE,Opdivo,Oncology,Cleveland Partners,Medium Prescriber,Rep_013,361,142410.49,11046.14,54169.69,77194.66,3178.59,132,Online Pharmacy,Q4,December
TXN001036,2024-04-03,West,Germany,Shingrix,Vaccines,St. Luke's,Non-Prescriber,Rep_016,129,11804.34,1023.33,5274.59,5506.42,819.71,299,Online Pharmacy,Q2,April
TXN001037,2025-05-08,East,India,Comirnaty,Vaccines,City Medical Center,Medium Prescriber,Rep_037,309,183383.31,5957.87,82426.44,94999.0,13269.29,183,Hospital,Q2,May
TXN001038,2025-11-13,South,Brazil,Eliquis,Cardiology,Sunrise Clinic,High Prescriber,Rep_018,353,241623.55,20989.4,83431.8,137202.35,17194.85,161,Hospital,Q4,November
TXN001039,2023-10-06,South,Brazil,Eliquis,Cardiology,City Medical Center,High Prescriber,Rep_027,185,20878.42,861.24,8281.24,11735.94,957.94,250,Online Pharmacy,Q4,October
TXN001040,2024-12-11,North,USA,Herceptin,Oncology,St. Luke's,Non-Prescriber,Rep_039,268,192087.32,34575.72,50133.0,107378.6,5877.26,296,Hospital,Q4,December
TXN001041,2023-01-28,North,USA,Prevnar,Vaccines,Mercy General,Non-Prescriber,Rep_021,160,49384.85,8889.27,18756.81,21738.77,3603.55,132,Retail Pharmacy,Q1,January
TXN001042,2023-11-05,North,USA,Keytruda,Oncology,City Medical Center,High Prescriber,Rep_013,54,21307.27,3835.31,5657.79,11814.17,1653.09,445,Online Pharmacy,Q4,November
TXN001043,2024-12-31,West,Germany,Herceptin,Oncology,Cleveland Partners,High Prescriber,Rep_022,414,84346.27,6580.17,30537.25,47228.85,2718.71,456,Retail Pharmacy,Q4,December
TXN001044,2024-12-02,Central,UAE,Opdivo,Oncology,Sunrise Clinic,High Prescriber,Rep_018,177,59052.31,4862.5,25544.8,28645.01,3855.87,152,Retail Pharmacy,Q4,December
TXN001045,2023-01-28,South,Brazil,Trulicity,Diabetes,City Medical Center,Low Prescriber,Rep_005,198,19640.24,1558.56,7045.1,11036.58,1012.39,181,Retail Pharmacy,Q1,January
TXN001046,2023-01-17,South,Brazil,Trulicity,Diabetes,Sunrise Clinic,Non-Prescriber,Rep_025,81,31121.46,1046.91,9649.91,20424.64,1606.72,259,Government,Q1,January
TXN001047,2024-06-01,South,Brazil,Eliquis,Cardiology,Sunrise Clinic,Medium Prescriber,Rep_019,283,222699.25,20167.75,81491.87,121039.63,5941.11,146,Retail Pharmacy,Q2,June
TXN001048,2025-01-10,South,Brazil,Shingrix,Vaccines,Cleveland Partners,Low Prescriber,Rep_003,192,108755.98,9897.95,27924.65,70933.38,4813.52,403,Retail Pharmacy,Q1,January
TXN001049,2023-11-20,North,USA,Brilinta,Cardiology,Apollo Hospital,Low Prescriber,Rep_027,267,199610.65,35929.92,77340.21,86340.52,7830.13,139,Hospital,Q4,November
TXN001050,2023-04-08,North,USA,Keytruda,Oncology,St. Luke's,Medium Prescriber,Rep_010,493,381922.31,68746.02,169863.91,143312.38,8535.0,475,Hospital,Q2,April
TXN001051,2024-07-29,East,India,Jardiance,Diabetes,St. Luke's,Low Prescriber,Rep_021,138,48741.19,2805.41,15136.63,30799.15,2322.02,163,Retail Pharmacy,Q3,July
TXN001052,2024-12-20,North,USA,Opdivo,Oncology,Sunrise Clinic,High Prescriber,Rep_019,246,176347.25,31742.5,51817.32,92787.43,10706.46,312,Retail Pharmacy,Q4,December
TXN001053,2023-03-23,North,USA,Keytruda,Oncology,St. Luke's,Non-Prescriber,Rep_025,277,43288.97,7792.01,16001.76,19495.2,2473.87,65,Hospital,Q1,March
TXN001054,2024-04-10,West,Germany,Avastin,Oncology,City Medical Center,Low Prescriber,Rep_016,282,67618.43,6476.99,22258.79,38882.65,4266.78,325,Government,Q2,April
TXN001055,2025-02-02,East,India,Brilinta,Cardiology,Mercy General,High Prescriber,Rep_011,539,198064.37,16672.02,88012.85,93379.5,8226.82,232,Government,Q1,February
TXN001056,2025-06-26,North,USA,Opdivo,Oncology,Apollo Hospital,High Prescriber,Rep_010,133,94348.7,16982.77,32208.66,45157.27,4213.05,299,Government,Q2,June
TXN001057,2024-12-03,East,India,Eliquis,Cardiology,St. Luke's,High Prescriber,Rep_012,295,69365.32,3582.54,29629.36,36153.42,2628.63,385,Online Pharmacy,Q4,December
TXN001058,2023-01-21,East,India,Ozempic,Diabetes,Sunrise Clinic,Low Prescriber,Rep_008,234,17589.64,1122.34,5446.45,11020.85,1243.7,26,Retail Pharmacy,Q1,January
TXN001059,2025-07-31,South,Brazil,Avastin,Oncology,City Medical Center,Medium Prescriber,Rep_029,431,324135.76,30206.81,116253.11,177675.84,17710.36,367,Hospital,Q3,July
TXN001060,2025-03-26,East,India,Opdivo,Oncology,Mercy General,Medium Prescriber,Rep_024,89,29904.24,1284.95,9601.15,19018.14,1203.75,274,Online Pharmacy,Q1,March
TXN001061,2025-09-10,North,USA,Ozempic,Diabetes,Cleveland Partners,Non-Prescriber,Rep_014,208,41880.73,7538.53,11060.99,23281.21,2779.55,13,Retail Pharmacy,Q3,September
TXN001062,2025-07-10,South,Brazil,Jardiance,Diabetes,Mercy General,Medium Prescriber,Rep_022,257,185556.99,16757.56,52477.0,116322.43,4000.17,90,Retail Pharmacy,Q3,July
TXN001063,2024-10-27,North,USA,Vyepti,Neurology,Cleveland Partners,Non-Prescriber,Rep_008,438,197400.61,35532.11,61244.07,100624.43,7323.19,225,Retail Pharmacy,Q4,October
TXN001064,2023-08-26,Central,UAE,Eliquis,Cardiology,Sunrise Clinic,Non-Prescriber,Rep_005,162,65522.5,4240.32,26984.54,34297.64,2649.77,225,Online Pharmacy,Q3,August
TXN001065,2024-07-28,West,Germany,Brilinta,Cardiology,Mercy General,High Prescriber,Rep_038,264,111066.32,10616.34,27791.65,72658.33,8180.51,189,Online Pharmacy,Q3,July
TXN001066,2025-05-08,East,India,Jardiance,Diabetes,Metro Health,Non-Prescriber,Rep_031,226,90039.27,7416.33,26501.51,56121.43,2988.9,476,Hospital,Q2,May
TXN001067,2023-03-29,West,Germany,Opdivo,Oncology,St. Luke's,Low Prescriber,Rep_034,232,47494.78,1876.82,15907.31,29710.65,1336.15,237,Government,Q1,March
TXN001068,2023-09-20,North,USA,Aduhelm,Neurology,St. Luke's,Medium Prescriber,Rep_034,243,193090.44,34756.28,74472.15,83862.01,12320.04,145,Government,Q3,September
TXN001069,2023-04-05,West,Germany,Opdivo,Oncology,Sunrise Clinic,High Prescriber,Rep_040,216,136269.67,13032.69,37926.64,85310.34,5797.41,176,Online Pharmacy,Q2,April
TXN001070,2024-06-08,North,USA,Aduhelm,Neurology,Cleveland Partners,High Prescriber,Rep_008,140,100847.68,18152.58,30390.2,52304.9,3470.76,168,Online Pharmacy,Q2,June
TXN001071,2024-04-27,East,India,Herceptin,Oncology,Cleveland Partners,Low Prescriber,Rep_010,176,110247.03,6607.38,45627.6,58012.05,7396.61,468,Government,Q2,April
TXN001072,2024-01-10,North,USA,Vyepti,Neurology,St. Luke's,Medium Prescriber,Rep_035,152,104743.91,18853.9,46399.1,39490.91,5748.67,458,Hospital,Q1,January
TXN001073,2023-05-06,North,USA,Prevnar,Vaccines,St. Luke's,Non-Prescriber,Rep_019,307,114829.75,20669.35,40831.37,53329.03,4177.77,458,Retail Pharmacy,Q2,May
TXN001074,2023-10-11,West,Germany,Opdivo,Oncology,Apollo Hospital,High Prescriber,Rep_002,159,29747.53,2872.39,12449.03,14426.11,1287.29,337,Online Pharmacy,Q4,October
TXN001075,2025-08-08,North,USA,Avastin,Oncology,Mercy General,Low Prescriber,Rep_012,638,238346.43,42902.36,65097.74,130346.33,6237.34,389,Government,Q3,August
TXN001076,2025-12-30,Central,UAE,Brilinta,Cardiology,Sunrise Clinic,Low Prescriber,Rep_010,369,211894.13,13124.05,75482.82,123287.26,6098.85,112,Hospital,Q4,December
TXN001077,2025-07-04,North,USA,Keytruda,Oncology,Cleveland Partners,High Prescriber,Rep_005,53,14460.41,2602.87,4499.51,7358.03,1056.89,375,Retail Pharmacy,Q3,July
TXN001078,2024-12-17,North,USA,Nurtec,Neurology,Cleveland Partners,Non-Prescriber,Rep_001,314,88529.81,15935.37,33520.55,39073.89,6456.72,230,Government,Q4,December
TXN001079,2025-08-13,South,Brazil,Vyepti,Neurology,Apollo Hospital,Medium Prescriber,Rep_014,221,141329.58,11278.35,39505.46,90545.77,6693.94,67,Retail Pharmacy,Q3,August
TXN001080,2025-09-02,North,USA,Aduhelm,Neurology,St. Luke's,Low Prescriber,Rep_029,120,74461.43,13403.06,19333.82,41724.55,3149.52,172,Government,Q3,September
TXN001081,2024-01-15,East,India,Aduhelm,Neurology,Apollo Hospital,High Prescriber,Rep_035,385,218940.95,7302.72,85820.3,125817.93,12026.88,139,Hospital,Q1,January
TXN001082,2025-08-06,West,Germany,Jardiance,Diabetes,Cleveland Partners,Non-Prescriber,Rep_028,113,26537.47,1062.13,9595.68,15879.66,825.23,67,Government,Q3,August
TXN001083,2023-11-18,East,India,Eliquis,Cardiology,St. Luke's,High Prescriber,Rep_037,175,89638.3,3840.33,34583.69,51214.28,5898.46,243,Government,Q4,November
TXN001084,2023-10-01,Central,UAE,Entresto,Cardiology,Mercy General,Medium Prescriber,Rep_019,286,228305.84,18889.38,101403.91,108012.55,15348.1,483,Hospital,Q4,October
TXN001085,2023-02-02,South,Brazil,Brilinta,Cardiology,Metro Health,Low Prescriber,Rep_005,50,39052.64,2769.48,13246.95,23036.21,1303.05,344,Hospital,Q1,February
TXN001086,2025-07-18,North,USA,Jardiance,Diabetes,Sunrise Clinic,Medium Prescriber,Rep_024,334,115614.06,20810.53,42971.07,51832.46,2591.13,392,Hospital,Q3,July
TXN001087,2025-09-11,North,USA,Opdivo,Oncology,Cleveland Partners,Non-Prescriber,Rep_038,305,207767.43,37398.14,57450.58,112918.71,12379.55,308,Government,Q3,September
TXN001088,2023-01-10,North,USA,Herceptin,Oncology,Sunrise Clinic,Medium Prescriber,Rep_023,251,63191.87,11374.54,23361.55,28455.78,2028.48,83,Government,Q1,January
TXN001089,2024-10-22,West,Germany,Jardiance,Diabetes,City Medical Center,Low Prescriber,Rep_031,178,107277.91,8429.8,34046.79,64801.32,2815.08,308,Online Pharmacy,Q4,October
TXN001090,2025-12-28,South,Brazil,Vyepti,Neurology,St. Luke's,Low Prescriber,Rep_005,305,128231.0,8455.5,36263.42,83512.08,6130.55,322,Hospital,Q4,December
TXN001091,2025-02-07,North,USA,Keytruda,Oncology,Mercy General,Medium Prescriber,Rep_029,145,38660.2,6958.84,12827.51,18873.85,1988.62,110,Retail Pharmacy,Q1,February
TXN001092,2024-05-30,East,India,Opdivo,Oncology,Mercy General,Non-Prescriber,Rep_007,130,63897.44,2916.59,26801.26,34179.59,3163.97,420,Retail Pharmacy,Q2,May
TXN001093,2024-09-19,North,USA,Trulicity,Diabetes,Mercy General,Medium Prescriber,Rep_032,372,268746.19,48374.31,83306.65,137065.23,8306.84,250,Online Pharmacy,Q3,September
TXN001094,2023-05-29,North,USA,Trulicity,Diabetes,City Medical Center,Medium Prescriber,Rep_026,113,59064.75,10631.65,19988.23,28444.87,3409.11,116,Retail Pharmacy,Q2,May
TXN001095,2024-08-02,North,USA,Aduhelm,Neurology,Sunrise Clinic,Non-Prescriber,Rep_040,109,20017.56,3603.16,5169.77,11244.63,1372.29,298,Online Pharmacy,Q3,August
TXN001096,2025-06-16,South,Brazil,Eliquis,Cardiology,City Medical Center,Low Prescriber,Rep_014,390,108267.52,9182.05,33491.61,65593.86,5821.13,162,Hospital,Q2,June
TXN001097,2023-06-15,West,Germany,Vyepti,Neurology,City Medical Center,Low Prescriber,Rep_035,292,85439.35,4665.58,22441.83,58331.94,6763.18,64,Hospital,Q2,June
TXN001098,2024-05-01,East,India,Avastin,Oncology,St. Luke's,High Prescriber,Rep_030,168,43678.43,1398.41,14543.44,27736.58,2009.76,260,Retail Pharmacy,Q2,May
TXN001099,2024-12-08,South,Brazil,Opdivo,Oncology,Cleveland Partners,Low Prescriber,Rep_026,274,124127.02,7801.03,43725.59,72600.4,7221.82,347,Online Pharmacy,Q4,December
TXN001100,2025-12-17,North,USA,Aduhelm,Neurology,Sunrise Clinic,Non-Prescriber,Rep_021,327,232312.84,41816.31,86273.16,104223.37,16643.75,56,Retail Pharmacy,Q4,December
TXN001101,2024-03-10,East,India,Jardiance,Diabetes,Sunrise Clinic,Low Prescriber,Rep_038,179,10773.33,586.45,2977.96,7208.92,297.31,416,Government,Q1,March
TXN001102,2023-03-18,Central,UAE,Avastin,Oncology,Sunrise Clinic,Low Prescriber,Rep_036,380,302736.21,21844.6,134956.28,145935.33,12686.13,256,Government,Q1,March
TXN001103,2024-08-30,North,USA,Comirnaty,Vaccines,City Medical Center,Non-Prescriber,Rep_033,205,19651.23,3537.22,6836.0,9278.01,1352.02,94,Online Pharmacy,Q3,August
TXN001104,2024-08-22,West,Germany,Aduhelm,Neurology,Cleveland Partners,High Prescriber,Rep_018,303,199663.88,17356.45,75581.45,106725.98,9480.22,439,Government,Q3,August
TXN001105,2025-07-30,North,USA,Trulicity,Diabetes,Mercy General,High Prescriber,Rep_035,223,34062.72,6131.29,12365.76,15565.67,1966.03,435,Retail Pharmacy,Q3,July
TXN001106,2024-06-29,East,India,Brilinta,Cardiology,Cleveland Partners,Low Prescriber,Rep_007,139,103757.21,10200.63,45426.59,48129.99,3767.77,279,Online Pharmacy,Q2,June
TXN001107,2025-07-19,Central,UAE,Ozempic,Diabetes,City Medical Center,Low Prescriber,Rep_025,308,117190.98,9064.46,33408.54,74717.98,5952.45,19,Hospital,Q3,July
TXN001108,2025-06-24,West,Germany,Jardiance,Diabetes,City Medical Center,High Prescriber,Rep_032,419,281553.34,22827.8,82181.39,176544.15,21660.71,77,Retail Pharmacy,Q2,June
TXN001109,2025-04-18,East,India,Eliquis,Cardiology,Mercy General,Non-Prescriber,Rep_039,243,138299.76,9049.89,49465.1,79784.77,8928.34,161,Hospital,Q2,April
TXN001110,2024-08-22,North,USA,Entresto,Cardiology,Mercy General,Medium Prescriber,Rep_032,253,170406.41,30673.15,43973.27,95759.99,5820.27,218,Government,Q3,August
TXN001111,2024-03-08,North,USA,Brilinta,Cardiology,Metro Health,Medium Prescriber,Rep_033,149,55946.8,10070.42,19561.37,26315.01,4116.0,412,Government,Q1,March
TXN001112,2024-04-22,North,USA,Entresto,Cardiology,St. Luke's,Non-Prescriber,Rep_013,226,14637.34,2634.72,5680.39,6322.23,1113.48,371,Hospital,Q2,April
TXN001113,2023-05-06,West,Germany,Comirnaty,Vaccines,Metro Health,Low Prescriber,Rep_038,309,169112.73,13838.92,57189.9,98083.91,12395.73,414,Hospital,Q2,May
TXN001114,2024-02-08,North,USA,Brilinta,Cardiology,Sunrise Clinic,Medium Prescriber,Rep_007,317,155415.4,27974.77,61254.5,66186.13,7042.55,430,Government,Q1,February
TXN001115,2023-11-02,North,USA,Eliquis,Cardiology,Apollo Hospital,Medium Prescriber,Rep_032,283,200172.11,36030.98,83800.02,80341.11,15437.97,405,Government,Q4,November
TXN001116,2024-11-02,West,Germany,Prevnar,Vaccines,Apollo Hospital,High Prescriber,Rep_009,255,112807.79,10682.52,46816.11,55309.16,7967.96,352,Retail Pharmacy,Q4,November
TXN001117,2023-12-10,Central,UAE,Brilinta,Cardiology,Apollo Hospital,Non-Prescriber,Rep_007,284,211197.79,19942.64,64960.47,126294.68,13545.65,398,Online Pharmacy,Q4,December
TXN001118,2023-04-18,East,India,Brilinta,Cardiology,Apollo Hospital,Medium Prescriber,Rep_016,211,135432.03,9083.35,34644.56,91704.12,3037.75,325,Government,Q2,April
TXN001119,2025-03-01,East,India,Ozempic,Diabetes,Sunrise Clinic,High Prescriber,Rep_025,215,20102.28,1369.69,5358.48,13374.11,1400.39,27,Retail Pharmacy,Q1,March
TXN001120,2023-03-02,North,USA,Entresto,Cardiology,Mercy General,Medium Prescriber,Rep_019,108,32817.35,5907.12,11191.3,15718.93,1340.51,332,Government,Q1,March
TXN001121,2024-03-10,South,Brazil,Entresto,Cardiology,Sunrise Clinic,Low Prescriber,Rep_015,240,38202.2,3368.66,12214.76,22618.78,1681.24,452,Online Pharmacy,Q1,March
TXN001122,2023-09-25,East,India,Nurtec,Neurology,Cleveland Partners,Medium Prescriber,Rep_027,95,57496.72,4824.1,25517.19,27155.43,3818.08,159,Online Pharmacy,Q3,September
TXN001123,2025-05-24,South,Brazil,Herceptin,Oncology,City Medical Center,Medium Prescriber,Rep_002,208,130008.92,10004.15,33791.53,86213.24,6843.46,281,Government,Q2,May
TXN001124,2025-08-17,North,USA,Eliquis,Cardiology,Mercy General,Medium Prescriber,Rep_037,70,38794.36,6982.98,17353.08,14458.3,2898.24,372,Online Pharmacy,Q3,August
TXN001125,2023-01-19,North,USA,Entresto,Cardiology,Sunrise Clinic,Medium Prescriber,Rep_021,314,90754.48,16335.81,34979.73,39438.94,6976.6,337,Government,Q1,January
TXN001126,2023-01-08,North,USA,Keytruda,Oncology,City Medical Center,Low Prescriber,Rep_040,297,28860.59,5194.91,9399.06,14266.62,2064.56,149,Hospital,Q1,January
TXN001127,2023-02-13,Central,UAE,Opdivo,Oncology,City Medical Center,High Prescriber,Rep_021,171,72165.83,3921.62,23812.68,44431.53,3005.59,421,Government,Q1,February
TXN001128,2024-03-24,North,USA,Aduhelm,Neurology,Sunrise Clinic,Medium Prescriber,Rep_034,121,35734.29,6432.17,11285.34,18016.78,1997.25,132,Online Pharmacy,Q1,March
TXN001129,2024-10-09,East,India,Nurtec,Neurology,St. Luke's,Non-Prescriber,Rep_023,261,73291.97,2847.38,29475.21,40969.38,5207.16,165,Retail Pharmacy,Q4,October
TXN001130,2025-05-12,South,Brazil,Entresto,Cardiology,Metro Health,Non-Prescriber,Rep_004,454,73465.06,7269.54,31432.55,34762.97,4869.18,235,Hospital,Q2,May
TXN001131,2023-05-07,Central,UAE,Opdivo,Oncology,City Medical Center,Low Prescriber,Rep_022,198,87392.21,3482.46,25687.62,58222.13,4274.93,69,Online Pharmacy,Q2,May
TXN001132,2023-04-24,South,Brazil,Shingrix,Vaccines,Mercy General,High Prescriber,Rep_024,251,177464.36,13734.39,67714.11,96015.86,5819.03,102,Retail Pharmacy,Q2,April
TXN001133,2024-12-20,North,USA,Keytruda,Oncology,Metro Health,Low Prescriber,Rep_007,378,101862.78,18335.3,34104.72,49422.76,5157.74,131,Online Pharmacy,Q4,December
TXN001134,2025-12-19,East,India,Herceptin,Oncology,Cleveland Partners,Low Prescriber,Rep_013,191,149494.87,5182.33,64229.61,80082.93,5797.3,314,Online Pharmacy,Q4,December
TXN001135,2023-07-09,South,Brazil,Avastin,Oncology,Cleveland Partners,High Prescriber,Rep_012,100,8387.58,635.18,2623.76,5128.64,264.44,350,Online Pharmacy,Q3,July
TXN001136,2024-09-10,North,USA,Jardiance,Diabetes,Cleveland Partners,High Prescriber,Rep_007,277,69529.44,12515.3,22602.56,34411.58,5071.08,477,Retail Pharmacy,Q3,September
TXN001137,2024-02-20,East,India,Eliquis,Cardiology,City Medical Center,Non-Prescriber,Rep_015,161,21983.37,1192.54,9448.84,11341.99,1393.49,63,Online Pharmacy,Q1,February
TXN001138,2025-12-03,South,Brazil,Herceptin,Oncology,St. Luke's,Non-Prescriber,Rep_004,250,44421.77,1962.7,19263.97,23195.1,3176.01,139,Hospital,Q4,December
TXN001139,2023-11-10,West,Germany,Avastin,Oncology,City Medical Center,Non-Prescriber,Rep_010,73,46339.21,1769.16,15333.46,29236.59,1043.42,357,Retail Pharmacy,Q4,November
TXN001140,2023-08-16,Central,UAE,Opdivo,Oncology,Cleveland Partners,Non-Prescriber,Rep_007,165,31860.54,2756.02,12154.76,16949.76,1005.67,186,Government,Q3,August
TXN001141,2024-08-10,North,USA,Vyepti,Neurology,Metro Health,Non-Prescriber,Rep_011,242,110276.95,19849.85,40221.68,50205.42,8254.51,277,Retail Pharmacy,Q3,August
TXN001142,2024-09-28,West,Germany,Prevnar,Vaccines,Cleveland Partners,Low Prescriber,Rep_029,211,166914.71,10129.94,43940.45,112844.32,12922.61,406,Online Pharmacy,Q3,September
TXN001143,2023-11-24,South,Brazil,Eliquis,Cardiology,Cleveland Partners,High Prescriber,Rep_009,360,174554.84,11594.67,76131.25,86828.92,13256.68,486,Retail Pharmacy,Q4,November
TXN001144,2023-05-16,North,USA,Keytruda,Oncology,Apollo Hospital,Non-Prescriber,Rep_008,103,38427.32,6916.92,12200.02,19310.38,2280.86,466,Government,Q2,May
TXN001145,2025-03-18,South,Brazil,Brilinta,Cardiology,Metro Health,High Prescriber,Rep_016,291,103998.91,6699.42,44149.87,53149.62,3960.68,121,Retail Pharmacy,Q1,March
TXN001146,2024-03-16,West,Germany,Herceptin,Oncology,Apollo Hospital,Low Prescriber,Rep_037,258,202115.84,13244.49,72853.37,116017.98,12681.1,268,Retail Pharmacy,Q1,March
TXN001147,2024-12-29,Central,UAE,Entresto,Cardiology,City Medical Center,High Prescriber,Rep_033,183,45541.7,1420.11,15754.7,28366.89,3257.81,453,Hospital,Q4,December
TXN001148,2025-05-03,East,India,Eliquis,Cardiology,Sunrise Clinic,Non-Prescriber,Rep_021,270,76056.37,4701.47,29881.76,41473.14,3357.57,134,Government,Q2,May
TXN001149,2023-01-31,Central,UAE,Entresto,Cardiology,St. Luke's,Low Prescriber,Rep_037,311,204314.85,19578.35,56824.28,127912.22,4958.85,300,Online Pharmacy,Q1,January
TXN001150,2023-09-27,East,India,Shingrix,Vaccines,Mercy General,Non-Prescriber,Rep_020,152,32573.59,2113.46,13515.54,16944.59,2246.93,407,Retail Pharmacy,Q3,September
TXN001151,2024-08-03,East,India,Aduhelm,Neurology,Metro Health,Low Prescriber,Rep_031,250,97024.2,7459.71,29473.68,60090.81,4329.01,369,Retail Pharmacy,Q3,August
TXN001152,2024-11-26,West,Germany,Brilinta,Cardiology,City Medical Center,Low Prescriber,Rep_021,360,124611.38,9698.66,53378.32,61534.4,4851.48,146,Hospital,Q4,November
TXN001153,2024-10-18,Central,UAE,Eliquis,Cardiology,Cleveland Partners,High Prescriber,Rep_010,354,128503.86,11612.79,37598.68,79292.39,5581.5,193,Retail Pharmacy,Q4,October
TXN001154,2024-08-05,North,USA,Comirnaty,Vaccines,City Medical Center,High Prescriber,Rep_020,314,139696.57,25145.38,41918.32,72632.87,3752.16,447,Online Pharmacy,Q3,August
TXN001155,2023-04-30,Central,UAE,Aduhelm,Neurology,Sunrise Clinic,Non-Prescriber,Rep_012,151,39435.08,1386.47,17283.81,20764.8,1957.52,88,Government,Q2,April
TXN001156,2025-06-10,North,USA,Opdivo,Oncology,Apollo Hospital,Non-Prescriber,Rep_029,375,111896.84,20141.43,36839.17,54916.24,6173.71,463,Retail Pharmacy,Q2,June
TXN001157,2023-07-11,North,USA,Avastin,Oncology,Apollo Hospital,Medium Prescriber,Rep_015,180,70092.04,12616.57,24624.09,32851.38,1539.17,81,Government,Q3,July
TXN001158,2024-08-31,West,Germany,Vyepti,Neurology,Metro Health,Non-Prescriber,Rep_021,148,64340.65,5257.04,27760.28,31323.33,4842.39,290,Hospital,Q3,August
TXN001159,2024-05-22,Central,UAE,Entresto,Cardiology,Metro Health,Medium Prescriber,Rep_036,401,58261.27,3797.31,21105.44,33358.52,2345.91,82,Hospital,Q2,May
TXN001160,2024-07-29,East,India,Brilinta,Cardiology,Apollo Hospital,Medium Prescriber,Rep_004,177,141370.21,4727.88,47815.47,88826.86,6662.16,185,Government,Q3,July
TXN001161,2024-06-19,East,India,Entresto,Cardiology,Sunrise Clinic,Low Prescriber,Rep_028,146,21828.68,1894.93,8399.45,11534.3,753.29,291,Online Pharmacy,Q2,June
TXN001162,2023-08-17,South,Brazil,Trulicity,Diabetes,St. Luke's,High Prescriber,Rep_037,262,187661.05,15555.75,74273.01,97832.29,7655.16,449,Hospital,Q3,August
TXN001163,2025-11-10,East,India,Nurtec,Neurology,Sunrise Clinic,Non-Prescriber,Rep_033,293,126900.33,8657.63,53087.63,65155.07,3833.16,192,Hospital,Q4,November
TXN001164,2024-08-31,Central,UAE,Brilinta,Cardiology,Cleveland Partners,Non-Prescriber,Rep_013,360,66005.55,2216.91,25517.24,38271.4,2314.47,274,Online Pharmacy,Q3,August
TXN001165,2025-07-16,North,USA,Opdivo,Oncology,City Medical Center,Non-Prescriber,Rep_006,176,83433.25,15017.98,29267.81,39147.46,2685.68,80,Online Pharmacy,Q3,July
TXN001166,2024-06-22,North,USA,Avastin,Oncology,St. Luke's,Medium Prescriber,Rep_040,271,155413.63,27974.45,50383.69,77055.49,4798.47,466,Hospital,Q2,June
TXN001167,2025-01-16,South,Brazil,Vyepti,Neurology,Metro Health,Non-Prescriber,Rep_024,404,143231.3,11088.43,56655.3,75487.57,8733.74,456,Government,Q1,January
TXN001168,2023-11-07,Central,UAE,Entresto,Cardiology,City Medical Center,Non-Prescriber,Rep_021,340,53544.06,3275.74,17188.66,33079.66,2663.26,441,Government,Q4,November
TXN001169,2023-03-09,Central,UAE,Entresto,Cardiology,Cleveland Partners,High Prescriber,Rep_028,323,178631.81,8314.03,60319.71,109998.07,3753.37,118,Retail Pharmacy,Q1,March
TXN001170,2024-08-07,West,Germany,Ozempic,Diabetes,Sunrise Clinic,High Prescriber,Rep_008,168,74296.4,2453.68,23663.4,48179.32,1828.51,18,Online Pharmacy,Q3,August
TXN001171,2025-08-23,South,Brazil,Shingrix,Vaccines,Cleveland Partners,High Prescriber,Rep_024,227,108376.1,7846.13,35016.94,65513.03,2663.9,344,Government,Q3,August
TXN001172,2024-07-29,Central,UAE,Comirnaty,Vaccines,Metro Health,Medium Prescriber,Rep_017,249,110713.24,4313.51,38188.22,68211.51,5921.88,250,Government,Q3,July
TXN001173,2024-07-25,South,Brazil,Keytruda,Oncology,City Medical Center,Non-Prescriber,Rep_031,170,118674.76,4471.25,37237.23,76966.28,3629.06,233,Hospital,Q3,July
TXN001174,2023-04-13,East,India,Prevnar,Vaccines,Sunrise Clinic,Non-Prescriber,Rep_011,336,243012.42,23729.51,78359.18,140923.73,14352.8,347,Retail Pharmacy,Q2,April
TXN001175,2023-12-30,Central,UAE,Ozempic,Diabetes,Sunrise Clinic,Medium Prescriber,Rep_026,308,228507.38,8157.41,88588.72,131761.25,7679.1,6,Government,Q4,December
TXN001176,2025-02-03,North,USA,Entresto,Cardiology,Sunrise Clinic,Medium Prescriber,Rep_008,272,64083.42,11535.02,23716.93,28831.47,2272.06,200,Retail Pharmacy,Q1,February
TXN001177,2024-02-07,South,Brazil,Entresto,Cardiology,Sunrise Clinic,Low Prescriber,Rep_007,111,21865.23,1546.66,8904.03,11414.54,659.34,98,Retail Pharmacy,Q1,February
TXN001178,2025-06-19,West,Germany,Avastin,Oncology,Sunrise Clinic,Low Prescriber,Rep_018,164,29830.52,2512.64,10523.36,16794.52,615.52,353,Government,Q2,June
TXN001179,2023-05-04,West,Germany,Keytruda,Oncology,Apollo Hospital,Low Prescriber,Rep_008,214,49701.11,2355.76,16189.7,31155.65,3433.68,460,Online Pharmacy,Q2,May
TXN001180,2025-03-07,North,USA,Herceptin,Oncology,Apollo Hospital,Low Prescriber,Rep_026,63,39230.31,7061.46,10858.94,21309.91,992.96,458,Hospital,Q1,March
TXN001181,2023-01-31,West,Germany,Opdivo,Oncology,St. Luke's,Non-Prescriber,Rep_012,175,43434.11,3841.34,16409.69,23183.08,1926.42,487,Online Pharmacy,Q1,January
TXN001182,2024-01-10,North,USA,Comirnaty,Vaccines,Mercy General,Medium Prescriber,Rep_016,279,110985.87,19977.46,30044.84,60963.57,5268.37,219,Hospital,Q1,January
TXN001183,2024-06-10,Central,UAE,Entresto,Cardiology,City Medical Center,Medium Prescriber,Rep_023,121,23223.31,2010.23,7017.3,14195.78,1578.11,172,Hospital,Q2,June
TXN001184,2023-12-20,West,Germany,Vyepti,Neurology,Sunrise Clinic,High Prescriber,Rep_025,157,83414.54,6408.46,34738.2,42267.88,4540.21,259,Retail Pharmacy,Q4,December
TXN001185,2023-10-02,North,USA,Vyepti,Neurology,Metro Health,High Prescriber,Rep_028,226,78409.36,14113.68,34566.56,29729.12,5880.77,154,Retail Pharmacy,Q4,October
TXN001186,2023-05-29,East,India,Entresto,Cardiology,Mercy General,High Prescriber,Rep_022,202,122527.03,9646.58,52458.2,60422.25,7716.74,499,Retail Pharmacy,Q2,May
TXN001187,2025-01-25,East,India,Nurtec,Neurology,Apollo Hospital,High Prescriber,Rep_001,364,35991.95,3506.44,11510.15,20975.36,2516.22,193,Hospital,Q1,January
TXN001188,2023-08-28,East,India,Keytruda,Oncology,Mercy General,Non-Prescriber,Rep_007,115,20523.13,1819.83,5219.6,13483.7,697.56,390,Hospital,Q3,August
TXN001189,2024-06-13,West,Germany,Herceptin,Oncology,Mercy General,High Prescriber,Rep_033,278,18073.06,1233.53,5753.39,11086.14,661.82,201,Government,Q2,June
TXN001190,2025-06-30,East,India,Entresto,Cardiology,Sunrise Clinic,Low Prescriber,Rep_007,223,129212.89,7437.03,39349.67,82426.19,2610.45,373,Online Pharmacy,Q2,June
TXN001191,2023-07-12,Central,UAE,Nurtec,Neurology,Apollo Hospital,Low Prescriber,Rep_023,72,39761.7,1576.4,15277.93,22907.37,3131.26,289,Retail Pharmacy,Q3,July
TXN001192,2025-03-14,East,India,Brilinta,Cardiology,Sunrise Clinic,Non-Prescriber,Rep_033,258,90618.34,3903.48,33971.01,52743.85,5506.11,269,Retail Pharmacy,Q1,March
TXN001193,2023-08-21,South,Brazil,Prevnar,Vaccines,Cleveland Partners,Non-Prescriber,Rep_022,283,209939.95,16778.72,77025.6,116135.63,15567.33,423,Online Pharmacy,Q3,August
TXN001194,2024-11-26,South,Brazil,Aduhelm,Neurology,City Medical Center,Low Prescriber,Rep_003,142,37550.22,1738.95,12383.75,23427.52,2520.73,269,Hospital,Q4,November
TXN001195,2025-01-28,South,Brazil,Trulicity,Diabetes,Sunrise Clinic,High Prescriber,Rep_010,208,78526.23,7056.85,22421.69,49047.69,4077.46,210,Hospital,Q1,January
TXN001196,2023-09-16,East,India,Avastin,Oncology,Apollo Hospital,Non-Prescriber,Rep_034,149,47198.07,2480.16,18279.06,26438.85,1555.27,369,Government,Q3,September
TXN001197,2024-05-12,East,India,Avastin,Oncology,Mercy General,Non-Prescriber,Rep_016,136,69535.22,6851.85,25665.49,37017.88,4414.27,250,Government,Q2,May
TXN001198,2023-11-04,North,USA,Aduhelm,Neurology,City Medical Center,Medium Prescriber,Rep_020,261,175390.85,31570.35,45057.69,98762.81,6935.93,481,Retail Pharmacy,Q4,November
TXN001199,2023-07-05,North,USA,Comirnaty,Vaccines,St. Luke's,High Prescriber,Rep_004,372,72771.22,13098.82,25136.15,34536.25,5238.43,59,Online Pharmacy,Q3,July
TXN001200,2025-03-22,North,USA,Trulicity,Diabetes,Apollo Hospital,High Prescriber,Rep_010,403,291648.81,52496.79,109653.17,129498.85,18796.49,426,Retail Pharmacy,Q1,March
TXN001201,2025-05-30,East,India,Opdivo,Oncology,Mercy General,Medium Prescriber,Rep_002,204,122799.92,8381.72,54119.73,60298.47,3805.34,322,Online Pharmacy,Q2,May
TXN001202,2025-04-10,West,Germany,Jardiance,Diabetes,Cleveland Partners,Low Prescriber,Rep_031,285,90703.48,7493.39,33931.6,49278.49,4316.36,137,Hospital,Q2,April
TXN001203,2025-12-05,North,USA,Herceptin,Oncology,City Medical Center,High Prescriber,Rep_024,371,120038.63,21606.95,45559.73,52871.95,4067.48,301,Hospital,Q4,December
TXN001204,2023-04-23,South,Brazil,Nurtec,Neurology,Apollo Hospital,High Prescriber,Rep_028,160,8778.74,871.56,2833.67,5073.51,622.29,290,Retail Pharmacy,Q2,April
TXN001205,2023-02-16,West,Germany,Entresto,Cardiology,Cleveland Partners,Non-Prescriber,Rep_007,60,38494.84,2384.54,11205.34,24904.96,1250.5,118,Retail Pharmacy,Q1,February
TXN001206,2024-09-13,Central,UAE,Avastin,Oncology,City Medical Center,Low Prescriber,Rep_033,277,64482.23,2035.33,26550.11,35896.79,3189.83,188,Retail Pharmacy,Q3,September
TXN001207,2025-11-06,South,Brazil,Ozempic,Diabetes,Metro Health,High Prescriber,Rep_028,392,290080.25,27134.33,103107.56,159838.36,9620.49,32,Retail Pharmacy,Q4,November
TXN001208,2025-12-20,North,USA,Herceptin,Oncology,City Medical Center,High Prescriber,Rep_028,228,87278.75,15710.17,33335.55,38233.03,6771.2,95,Retail Pharmacy,Q4,December
TXN001209,2024-03-29,South,Brazil,Keytruda,Oncology,Apollo Hospital,High Prescriber,Rep_010,268,140808.36,12703.75,62904.5,65200.11,7072.69,255,Government,Q1,March
TXN001210,2025-01-30,East,India,Opdivo,Oncology,Cleveland Partners,Non-Prescriber,Rep_008,152,72541.32,5510.96,24843.02,42187.34,4950.04,100,Online Pharmacy,Q1,January
TXN001211,2025-10-16,North,USA,Nurtec,Neurology,Mercy General,Non-Prescriber,Rep_035,202,121558.17,21880.47,36953.74,62723.96,5004.08,442,Government,Q4,October
TXN001212,2023-02-26,West,Germany,Prevnar,Vaccines,Apollo Hospital,Medium Prescriber,Rep_004,353,211202.34,13184.53,66483.93,131533.88,11937.96,444,Hospital,Q1,February
TXN001213,2025-05-12,North,USA,Eliquis,Cardiology,Apollo Hospital,Non-Prescriber,Rep_004,235,111399.13,20051.84,29990.34,61356.95,7805.4,388,Hospital,Q2,May
TXN001214,2024-09-18,North,USA,Eliquis,Cardiology,Sunrise Clinic,Low Prescriber,Rep_018,242,38108.22,6859.48,9725.44,21523.3,1304.16,398,Retail Pharmacy,Q3,September
TXN001215,2025-06-15,North,USA,Eliquis,Cardiology,Apollo Hospital,Non-Prescriber,Rep_031,305,84123.69,15142.26,22875.33,46106.1,4155.18,220,Retail Pharmacy,Q2,June
TXN001216,2023-08-22,North,USA,Nurtec,Neurology,Mercy General,Medium Prescriber,Rep_002,334,221946.21,39950.32,95928.93,86066.96,15266.62,187,Retail Pharmacy,Q3,August
TXN001217,2025-08-12,South,Brazil,Trulicity,Diabetes,Mercy General,Non-Prescriber,Rep_035,332,205768.2,17140.76,83911.33,104716.11,15597.56,103,Retail Pharmacy,Q3,August
TXN001218,2024-06-06,North,USA,Vyepti,Neurology,Mercy General,Medium Prescriber,Rep_018,456,210432.52,37877.85,53110.57,119444.1,10536.91,363,Government,Q2,June
TXN001219,2025-06-09,North,USA,Shingrix,Vaccines,Apollo Hospital,High Prescriber,Rep_017,453,101712.61,18308.27,26135.77,57268.57,6874.41,318,Retail Pharmacy,Q2,June
TXN001220,2024-01-06,North,USA,Prevnar,Vaccines,City Medical Center,Medium Prescriber,Rep_015,472,100500.65,18090.12,40382.99,42027.54,6739.34,465,Hospital,Q1,January
TXN001221,2025-07-29,North,USA,Trulicity,Diabetes,Sunrise Clinic,High Prescriber,Rep_027,214,39549.38,7118.89,14158.69,18271.8,2463.72,355,Hospital,Q3,July
TXN001222,2024-03-08,West,Germany,Brilinta,Cardiology,City Medical Center,Medium Prescriber,Rep_016,427,144377.3,13522.87,60260.3,70594.13,8648.62,170,Government,Q1,March
TXN001223,2023-12-06,North,USA,Avastin,Oncology,Apollo Hospital,Medium Prescriber,Rep_015,193,35861.43,6455.06,13498.11,15908.26,2042.21,297,Retail Pharmacy,Q4,December
TXN001224,2023-05-11,North,USA,Trulicity,Diabetes,Mercy General,Low Prescriber,Rep_015,233,185834.26,33450.17,50136.31,102247.78,11328.18,163,Online Pharmacy,Q2,May
TXN001225,2023-12-02,South,Brazil,Avastin,Oncology,Cleveland Partners,Low Prescriber,Rep_008,281,216227.51,18574.57,73887.05,123765.89,6916.96,414,Government,Q4,December
TXN001226,2024-10-18,Central,UAE,Aduhelm,Neurology,City Medical Center,Non-Prescriber,Rep_012,252,94807.27,3587.33,26376.32,64843.62,6566.8,448,Hospital,Q4,October
TXN001227,2024-02-21,North,USA,Aduhelm,Neurology,Metro Health,High Prescriber,Rep_034,99,57887.19,10419.69,25300.66,22166.84,1383.06,136,Online Pharmacy,Q1,February
TXN001228,2024-02-24,West,Germany,Eliquis,Cardiology,Cleveland Partners,Low Prescriber,Rep_031,308,32253.73,2617.5,9992.72,19643.51,1520.52,107,Government,Q1,February
TXN001229,2024-02-15,South,Brazil,Brilinta,Cardiology,City Medical Center,Medium Prescriber,Rep_010,92,19584.35,1221.69,7262.82,11099.84,790.23,184,Hospital,Q1,February
TXN001230,2023-07-13,North,USA,Entresto,Cardiology,St. Luke's,Non-Prescriber,Rep_014,127,50019.04,9003.43,12744.81,28270.8,2484.7,88,Online Pharmacy,Q3,July
TXN001231,2023-04-18,North,USA,Entresto,Cardiology,Metro Health,Medium Prescriber,Rep_012,134,99695.47,17945.18,42359.5,39390.79,4038.21,196,Retail Pharmacy,Q2,April
TXN001232,2023-05-16,East,India,Entresto,Cardiology,Metro Health,High Prescriber,Rep_029,210,38926.07,3211.63,11323.21,24391.23,2384.47,207,Hospital,Q2,May
TXN001233,2023-08-27,North,USA,Entresto,Cardiology,Mercy General,Low Prescriber,Rep_028,137,35298.45,6353.72,11632.12,17312.61,2146.71,450,Retail Pharmacy,Q3,August
TXN001234,2024-11-02,North,USA,Opdivo,Oncology,Apollo Hospital,High Prescriber,Rep_031,230,53530.31,9635.46,23628.02,20266.83,2553.74,63,Retail Pharmacy,Q4,November
TXN001235,2025-06-21,South,Brazil,Herceptin,Oncology,Cleveland Partners,Low Prescriber,Rep_029,190,97730.3,7170.58,25170.62,65389.1,3659.02,236,Hospital,Q2,June
TXN001236,2024-07-20,North,USA,Prevnar,Vaccines,Mercy General,High Prescriber,Rep_034,203,30680.36,5522.46,9242.84,15915.06,2405.66,221,Government,Q3,July
TXN001237,2023-11-29,West,Germany,Aduhelm,Neurology,Cleveland Partners,Medium Prescriber,Rep_039,70,18290.11,817.95,5071.03,12401.13,392.69,471,Hospital,Q4,November
TXN001238,2025-07-12,North,USA,Keytruda,Oncology,Sunrise Clinic,Medium Prescriber,Rep_034,270,111596.16,20087.31,39901.67,51607.18,2630.62,299,Retail Pharmacy,Q3,July
TXN001239,2025-01-21,North,USA,Brilinta,Cardiology,Sunrise Clinic,Medium Prescriber,Rep_037,212,151136.3,27204.53,37941.64,85990.13,11488.93,280,Online Pharmacy,Q1,January
TXN001240,2025-11-21,South,Brazil,Jardiance,Diabetes,Cleveland Partners,Medium Prescriber,Rep_014,196,150421.94,12357.93,54668.25,83395.76,5765.95,149,Online Pharmacy,Q4,November
TXN001241,2024-08-28,East,India,Entresto,Cardiology,City Medical Center,Non-Prescriber,Rep_003,301,226755.56,6923.16,82660.14,137172.26,14292.68,385,Government,Q3,August
TXN001242,2023-01-31,North,USA,Aduhelm,Neurology,St. Luke's,Low Prescriber,Rep_001,189,83450.36,15021.06,27204.09,41225.21,1892.62,200,Online Pharmacy,Q1,January
TXN001243,2024-07-31,North,USA,Jardiance,Diabetes,Metro Health,Low Prescriber,Rep_038,93,12353.41,2223.61,4178.29,5951.51,846.72,277,Government,Q3,July
TXN001244,2025-03-12,North,USA,Jardiance,Diabetes,Metro Health,Medium Prescriber,Rep_028,334,204653.27,36837.59,73594.67,94221.01,8782.14,414,Government,Q1,March
TXN001245,2024-03-27,North,USA,Trulicity,Diabetes,Apollo Hospital,Low Prescriber,Rep_036,213,68153.85,12267.69,25753.14,30133.02,5134.16,118,Retail Pharmacy,Q1,March
TXN001246,2024-05-27,West,Germany,Entresto,Cardiology,Sunrise Clinic,Low Prescriber,Rep_012,192,148623.3,8989.86,53782.29,85851.15,8578.29,470,Retail Pharmacy,Q2,May
TXN001247,2024-05-12,South,Brazil,Avastin,Oncology,Cleveland Partners,Medium Prescriber,Rep_036,385,273952.18,14957.1,98769.0,160226.08,16033.88,236,Hospital,Q2,May
TXN001248,2023-02-02,North,USA,Keytruda,Oncology,Metro Health,Low Prescriber,Rep_026,207,105425.55,18976.6,46410.61,40038.34,7281.39,441,Online Pharmacy,Q1,February
TXN001249,2025-06-17,West,Germany,Brilinta,Cardiology,Sunrise Clinic,Medium Prescriber,Rep_040,137,73171.88,2424.48,26227.29,44520.11,1539.39,400,Retail Pharmacy,Q2,June
TXN001250,2024-03-10,West,Germany,Avastin,Oncology,Sunrise Clinic,High Prescriber,Rep_031,120,95835.73,8412.37,40900.81,46522.55,7304.91,203,Retail Pharmacy,Q1,March
TXN001251,2025-01-13,Central,UAE,Herceptin,Oncology,Cleveland Partners,High Prescriber,Rep_027,198,66414.07,6216.14,22466.12,37731.81,4302.46,468,Government,Q1,January
TXN001252,2025-09-10,East,India,Opdivo,Oncology,Metro Health,High Prescriber,Rep_032,267,82903.59,5066.7,20926.78,56910.11,2320.15,432,Government,Q3,September
TXN001253,2025-04-29,Central,UAE,Prevnar,Vaccines,St. Luke's,Non-Prescriber,Rep_025,266,154084.69,6261.64,50647.41,97175.64,3601.91,244,Retail Pharmacy,Q2,April
TXN001254,2025-02-17,East,India,Avastin,Oncology,Mercy General,Non-Prescriber,Rep_006,311,167064.76,5600.91,63596.21,97867.64,11875.9,474,Government,Q1,February
TXN001255,2023-01-17,East,India,Entresto,Cardiology,Cleveland Partners,High Prescriber,Rep_003,200,138422.44,12966.01,47054.26,78402.17,5097.52,113,Retail Pharmacy,Q1,January
TXN001256,2024-07-08,Central,UAE,Vyepti,Neurology,Metro Health,Non-Prescriber,Rep_026,226,36502.76,1985.94,13387.32,21129.5,2636.88,170,Online Pharmacy,Q3,July
TXN001257,2024-07-06,Central,UAE,Avastin,Oncology,Apollo Hospital,Non-Prescriber,Rep_038,235,29640.06,1921.93,9947.49,17770.64,1172.6,340,Retail Pharmacy,Q3,July
TXN001258,2023-08-05,Central,UAE,Vyepti,Neurology,Sunrise Clinic,Non-Prescriber,Rep_038,129,20361.22,1897.89,5430.67,13032.66,1412.2,118,Government,Q3,August
TXN001259,2025-07-10,West,Germany,Avastin,Oncology,Cleveland Partners,Non-Prescriber,Rep_022,233,165246.32,16084.21,69641.33,79520.78,3900.03,349,Retail Pharmacy,Q3,July
TXN001260,2025-02-03,South,Brazil,Herceptin,Oncology,Cleveland Partners,Non-Prescriber,Rep_040,396,139290.9,11320.52,44892.76,83077.62,8578.16,56,Government,Q1,February
TXN001261,2024-08-29,West,Germany,Herceptin,Oncology,City Medical Center,Non-Prescriber,Rep_037,82,44593.17,3220.99,14837.19,26534.99,1890.67,304,Retail Pharmacy,Q3,August
TXN001262,2023-01-25,West,Germany,Avastin,Oncology,Sunrise Clinic,Non-Prescriber,Rep_035,189,21177.23,1411.17,9038.31,10727.75,1124.57,327,Hospital,Q1,January
TXN001263,2025-06-04,East,India,Eliquis,Cardiology,Cleveland Partners,Non-Prescriber,Rep_012,278,143710.2,4671.19,36424.61,102614.4,5636.56,138,Hospital,Q2,June
TXN001264,2024-07-08,Central,UAE,Keytruda,Oncology,Sunrise Clinic,Medium Prescriber,Rep_039,353,203377.36,11624.06,50851.48,140901.82,6051.77,447,Government,Q3,July
TXN001265,2024-07-29,South,Brazil,Trulicity,Diabetes,St. Luke's,Low Prescriber,Rep_036,344,80064.54,3487.62,28059.33,48517.59,3665.52,378,Retail Pharmacy,Q3,July
TXN001266,2024-12-06,Central,UAE,Comirnaty,Vaccines,Apollo Hospital,Non-Prescriber,Rep_005,400,279228.78,22132.44,71086.62,186009.72,10516.7,301,Hospital,Q4,December
TXN001267,2024-10-17,East,India,Opdivo,Oncology,Sunrise Clinic,Medium Prescriber,Rep_018,153,50073.39,2087.92,12633.5,35351.97,2867.61,232,Hospital,Q4,October
TXN001268,2024-07-30,South,Brazil,Aduhelm,Neurology,St. Luke's,Low Prescriber,Rep_038,222,170774.91,11282.74,76268.64,83223.53,4009.77,312,Government,Q3,July
TXN001269,2025-09-17,West,Germany,Keytruda,Oncology,Mercy General,High Prescriber,Rep_020,194,147398.56,8320.25,62557.52,76520.79,6430.0,130,Online Pharmacy,Q3,September
TXN001270,2023-04-05,South,Brazil,Comirnaty,Vaccines,St. Luke's,Non-Prescriber,Rep_002,211,160719.78,5645.48,59462.07,95612.23,8291.52,282,Online Pharmacy,Q2,April
TXN001271,2023-07-21,North,USA,Aduhelm,Neurology,Cleveland Partners,Non-Prescriber,Rep_030,99,23614.52,4250.61,7364.55,11999.36,1346.27,127,Hospital,Q3,July
TXN001272,2023-09-01,Central,UAE,Entresto,Cardiology,Cleveland Partners,Medium Prescriber,Rep_026,268,61376.47,2697.31,21435.55,37243.61,4542.88,195,Retail Pharmacy,Q3,September
TXN001273,2025-10-21,West,Germany,Eliquis,Cardiology,Apollo Hospital,Medium Prescriber,Rep_022,210,130961.89,7643.98,52339.58,70978.33,10081.66,274,Government,Q4,October
TXN001274,2025-02-03,Central,UAE,Keytruda,Oncology,St. Luke's,Medium Prescriber,Rep_039,630,369550.58,31934.73,111598.1,226017.75,14056.68,347,Online Pharmacy,Q1,February
TXN001275,2024-08-18,East,India,Brilinta,Cardiology,Apollo Hospital,Non-Prescriber,Rep_019,105,74071.49,3916.85,20418.28,49736.36,1785.62,251,Online Pharmacy,Q3,August
TXN001276,2023-09-28,West,Germany,Brilinta,Cardiology,Cleveland Partners,Low Prescriber,Rep_040,366,270961.06,20336.79,82423.85,168200.42,7423.04,117,Hospital,Q3,September
TXN001277,2025-05-18,South,Brazil,Herceptin,Oncology,St. Luke's,Non-Prescriber,Rep_006,266,117946.54,10279.2,47162.93,60504.41,5191.95,87,Retail Pharmacy,Q2,May
TXN001278,2024-01-09,North,USA,Ozempic,Diabetes,St. Luke's,Non-Prescriber,Rep_027,223,70351.77,12663.32,27782.22,29906.23,2677.53,5,Retail Pharmacy,Q1,January
TXN001279,2023-10-06,North,USA,Brilinta,Cardiology,Cleveland Partners,Non-Prescriber,Rep_003,273,47569.53,8562.52,15651.56,23355.45,1854.26,93,Hospital,Q4,October
TXN001280,2024-10-17,North,USA,Herceptin,Oncology,St. Luke's,High Prescriber,Rep_018,319,118153.09,21267.56,35186.6,61698.93,4979.08,316,Government,Q4,October
TXN001281,2023-06-08,East,India,Entresto,Cardiology,Cleveland Partners,Low Prescriber,Rep_024,119,61541.7,2964.65,22545.78,36031.27,2120.55,250,Hospital,Q2,June
TXN001282,2025-08-30,South,Brazil,Avastin,Oncology,City Medical Center,Medium Prescriber,Rep_030,356,253857.89,9357.11,95668.75,148832.03,17385.7,426,Online Pharmacy,Q3,August
TXN001283,2025-09-30,Central,UAE,Brilinta,Cardiology,Cleveland Partners,Medium Prescriber,Rep_030,212,97436.97,7366.56,34427.92,55642.49,7747.45,74,Online Pharmacy,Q3,September
TXN001284,2025-07-21,North,USA,Opdivo,Oncology,Apollo Hospital,Medium Prescriber,Rep_034,187,111126.36,20002.74,29439.89,61683.73,4908.87,51,Government,Q3,July
TXN001285,2024-11-08,Central,UAE,Opdivo,Oncology,St. Luke's,Medium Prescriber,Rep_039,266,21666.63,1249.96,9736.18,10680.49,1385.8,478,Hospital,Q4,November
TXN001286,2024-03-30,Central,UAE,Aduhelm,Neurology,Mercy General,Medium Prescriber,Rep_014,178,76312.28,6021.18,27364.77,42926.33,4578.65,418,Online Pharmacy,Q1,March
TXN001287,2025-04-28,South,Brazil,Trulicity,Diabetes,Cleveland Partners,High Prescriber,Rep_021,338,182535.56,12145.93,67827.3,102562.33,7839.29,494,Retail Pharmacy,Q2,April
TXN001288,2023-05-30,North,USA,Opdivo,Oncology,City Medical Center,Medium Prescriber,Rep_039,225,47553.23,8559.58,17135.14,21858.51,2668.02,499,Online Pharmacy,Q2,May
TXN001289,2025-03-14,South,Brazil,Eliquis,Cardiology,Sunrise Clinic,Low Prescriber,Rep_003,189,90504.07,7133.27,34820.51,48550.29,3193.8,400,Online Pharmacy,Q1,March
TXN001290,2024-01-11,South,Brazil,Eliquis,Cardiology,City Medical Center,High Prescriber,Rep_036,117,55574.07,2723.79,15511.16,37339.12,3132.57,270,Retail Pharmacy,Q1,January
TXN001291,2024-08-25,West,Germany,Herceptin,Oncology,Cleveland Partners,High Prescriber,Rep_016,99,41577.05,2697.71,18514.99,20364.35,3194.24,211,Hospital,Q3,August
TXN001292,2023-10-23,North,USA,Keytruda,Oncology,Mercy General,Non-Prescriber,Rep_035,270,189949.86,34190.97,66917.16,88841.73,10240.88,52,Government,Q4,October
TXN001293,2023-11-03,West,Germany,Opdivo,Oncology,Mercy General,Medium Prescriber,Rep_014,101,52592.57,4894.19,20704.22,26994.16,2151.71,314,Hospital,Q4,November
TXN001294,2024-09-05,West,Germany,Nurtec,Neurology,Sunrise Clinic,Medium Prescriber,Rep_004,259,159156.49,6681.38,66195.87,86279.24,8450.46,493,Hospital,Q3,September
TXN001295,2025-06-25,South,Brazil,Brilinta,Cardiology,Mercy General,Non-Prescriber,Rep_002,187,53744.42,4554.54,15320.62,33869.26,3598.58,348,Government,Q2,June
TXN001296,2024-03-13,East,India,Opdivo,Oncology,Sunrise Clinic,Non-Prescriber,Rep_011,789,467285.23,26246.85,171535.89,269502.49,23428.8,137,Online Pharmacy,Q1,March
TXN001297,2025-09-25,East,India,Keytruda,Oncology,Cleveland Partners,High Prescriber,Rep_038,161,110196.26,6056.42,32675.93,71463.91,6346.16,464,Retail Pharmacy,Q3,September
TXN001298,2024-11-14,North,USA,Jardiance,Diabetes,Cleveland Partners,Medium Prescriber,Rep_015,95,50232.74,9041.89,21190.0,20000.85,3768.41,275,Government,Q4,November
TXN001299,2024-07-12,East,India,Brilinta,Cardiology,Sunrise Clinic,High Prescriber,Rep_032,154,93738.98,6023.17,26318.65,61397.16,3240.36,487,Retail Pharmacy,Q3,July
TXN001300,2025-03-17,Central,UAE,Keytruda,Oncology,City Medical Center,Non-Prescriber,Rep_003,385,112557.02,9583.56,43443.48,59529.98,6152.38,215,Hospital,Q1,March
TXN001301,2023-12-05,West,Germany,Brilinta,Cardiology,Metro Health,Medium Prescriber,Rep_031,193,65876.25,3984.05,17438.25,44453.95,3287.65,272,Hospital,Q4,December
TXN001302,2024-09-03,East,India,Trulicity,Diabetes,Sunrise Clinic,Low Prescriber,Rep_028,279,216762.63,17213.2,68755.53,130793.9,6249.15,114,Retail Pharmacy,Q3,September
TXN001303,2025-04-28,Central,UAE,Brilinta,Cardiology,Apollo Hospital,High Prescriber,Rep_006,256,172696.96,9318.01,49185.86,114193.09,9171.7,475,Hospital,Q2,April
TXN001304,2023-12-05,South,Brazil,Eliquis,Cardiology,Apollo Hospital,Non-Prescriber,Rep_034,500,48341.4,3216.21,19988.66,25136.53,1565.61,287,Online Pharmacy,Q4,December
TXN001305,2025-04-27,South,Brazil,Avastin,Oncology,Sunrise Clinic,Non-Prescriber,Rep_009,243,153121.62,13931.63,44835.23,94354.76,8535.25,92,Retail Pharmacy,Q2,April
TXN001306,2025-12-28,West,Germany,Avastin,Oncology,Mercy General,Medium Prescriber,Rep_017,325,108019.49,3853.73,43617.58,60548.18,3076.28,448,Government,Q4,December
TXN001307,2025-11-03,North,USA,Eliquis,Cardiology,Sunrise Clinic,High Prescriber,Rep_027,147,49979.77,8996.36,21293.54,19689.87,3940.01,226,Retail Pharmacy,Q4,November
TXN001308,2024-05-01,North,USA,Herceptin,Oncology,Apollo Hospital,Non-Prescriber,Rep_015,411,298323.7,53698.27,75532.32,169093.11,21235.41,284,Online Pharmacy,Q2,May
TXN001309,2025-07-13,East,India,Prevnar,Vaccines,Apollo Hospital,Non-Prescriber,Rep_031,356,277513.56,19207.68,83474.21,174831.67,9381.47,325,Retail Pharmacy,Q3,July
TXN001310,2023-12-20,South,Brazil,Nurtec,Neurology,St. Luke's,Medium Prescriber,Rep_025,530,398314.45,36000.16,122325.79,239988.5,11719.82,252,Hospital,Q4,December
TXN001311,2023-01-21,Central,UAE,Brilinta,Cardiology,Sunrise Clinic,High Prescriber,Rep_016,229,166525.29,5452.67,58790.68,102281.94,3820.4,82,Government,Q1,January
TXN001312,2025-03-04,West,Germany,Vyepti,Neurology,Sunrise Clinic,Low Prescriber,Rep_034,472,45981.42,3939.76,17213.23,24828.43,1788.51,123,Online Pharmacy,Q1,March
TXN001313,2023-01-27,South,Brazil,Herceptin,Oncology,Sunrise Clinic,Low Prescriber,Rep_007,267,166984.99,12229.09,69133.93,85621.97,9357.95,483,Online Pharmacy,Q1,January
TXN001314,2025-11-28,East,India,Prevnar,Vaccines,St. Luke's,Low Prescriber,Rep_002,230,25166.58,1631.16,9805.69,13729.73,1385.28,251,Online Pharmacy,Q4,November
TXN001315,2025-11-21,West,Germany,Avastin,Oncology,Sunrise Clinic,Low Prescriber,Rep_014,287,37623.39,2461.54,13372.18,21789.67,842.6,421,Government,Q4,November
TXN001316,2024-08-14,South,Brazil,Jardiance,Diabetes,Sunrise Clinic,High Prescriber,Rep_035,204,11353.79,576.39,3477.24,7300.16,833.34,485,Online Pharmacy,Q3,August
TXN001317,2023-12-18,East,India,Avastin,Oncology,Metro Health,Low Prescriber,Rep_039,250,144403.46,5714.46,59579.36,79109.64,8767.1,450,Online Pharmacy,Q4,December
TXN001318,2025-03-12,Central,UAE,Eliquis,Cardiology,Metro Health,Medium Prescriber,Rep_015,94,55119.11,5235.06,22565.49,27318.56,3117.42,102,Online Pharmacy,Q1,March
TXN001319,2025-09-22,South,Brazil,Nurtec,Neurology,Cleveland Partners,High Prescriber,Rep_010,416,80119.28,4268.89,21773.15,54077.24,4497.3,410,Online Pharmacy,Q3,September
TXN001320,2024-08-11,East,India,Eliquis,Cardiology,St. Luke's,High Prescriber,Rep_007,110,74199.66,2772.49,20642.71,50784.46,5835.0,314,Retail Pharmacy,Q3,August
TXN001321,2024-09-12,North,USA,Nurtec,Neurology,Mercy General,Non-Prescriber,Rep_032,278,42477.57,7645.96,15485.23,19346.38,1082.31,141,Hospital,Q3,September
TXN001322,2023-06-17,North,USA,Eliquis,Cardiology,St. Luke's,Low Prescriber,Rep_031,211,16119.61,2901.53,5931.94,7286.14,745.12,60,Online Pharmacy,Q2,June
TXN001323,2023-11-06,East,India,Shingrix,Vaccines,Cleveland Partners,Low Prescriber,Rep_020,158,80825.57,4244.22,29424.52,47156.83,2764.18,114,Hospital,Q4,November
TXN001324,2023-10-25,Central,UAE,Eliquis,Cardiology,Apollo Hospital,High Prescriber,Rep_013,273,198838.95,13879.42,80742.07,104217.46,13454.73,165,Hospital,Q4,October
TXN001325,2024-04-10,North,USA,Nurtec,Neurology,City Medical Center,Non-Prescriber,Rep_039,163,12527.69,2254.98,5215.16,5057.55,889.17,334,Online Pharmacy,Q2,April
TXN001326,2024-06-09,South,Brazil,Avastin,Oncology,Cleveland Partners,Medium Prescriber,Rep_030,310,16937.54,1093.81,5456.16,10387.57,903.22,374,Government,Q2,June
TXN001327,2023-11-08,North,USA,Herceptin,Oncology,City Medical Center,Non-Prescriber,Rep_020,129,22687.7,4083.79,9251.01,9352.9,1413.5,194,Government,Q4,November
TXN001328,2024-02-18,Central,UAE,Entresto,Cardiology,Cleveland Partners,High Prescriber,Rep_027,333,68426.34,6551.45,26648.97,35225.92,1577.22,181,Retail Pharmacy,Q1,February
TXN001329,2024-02-15,Central,UAE,Entresto,Cardiology,Sunrise Clinic,Low Prescriber,Rep_008,156,25034.26,1637.33,8540.32,14856.61,1998.48,325,Hospital,Q1,February
TXN001330,2024-08-12,West,Germany,Nurtec,Neurology,St. Luke's,Low Prescriber,Rep_002,277,127829.63,9508.3,47018.16,71303.17,9575.93,454,Retail Pharmacy,Q3,August
TXN001331,2023-11-23,Central,UAE,Trulicity,Diabetes,St. Luke's,High Prescriber,Rep_038,87,16620.18,503.33,6547.81,9569.04,756.75,190,Retail Pharmacy,Q4,November
TXN001332,2023-05-14,North,USA,Nurtec,Neurology,Cleveland Partners,High Prescriber,Rep_036,172,48075.97,8653.67,13909.65,25512.65,1735.0,198,Government,Q2,May
TXN001333,2024-08-12,North,USA,Avastin,Oncology,City Medical Center,Medium Prescriber,Rep_039,124,58893.96,10600.91,23250.96,25042.09,2656.76,221,Hospital,Q3,August
TXN001334,2023-05-21,East,India,Entresto,Cardiology,Sunrise Clinic,Non-Prescriber,Rep_026,218,33228.69,1035.56,13301.8,18891.33,1139.92,50,Government,Q2,May
TXN001335,2024-06-25,South,Brazil,Keytruda,Oncology,Cleveland Partners,Low Prescriber,Rep_017,265,126200.64,10836.69,44814.88,70549.07,3213.57,312,Government,Q2,June
TXN001336,2025-12-02,North,USA,Keytruda,Oncology,Sunrise Clinic,Medium Prescriber,Rep_035,268,119116.12,21440.9,35803.14,61872.08,3487.3,142,Retail Pharmacy,Q4,December
TXN001337,2023-03-30,North,USA,Nurtec,Neurology,City Medical Center,Medium Prescriber,Rep_001,102,48370.96,8706.77,19661.66,20002.53,1034.32,486,Government,Q1,March
TXN001338,2023-06-27,South,Brazil,Trulicity,Diabetes,City Medical Center,Non-Prescriber,Rep_033,428,78288.39,3950.77,28204.76,46132.86,3065.2,240,Retail Pharmacy,Q2,June
TXN001339,2023-01-27,South,Brazil,Avastin,Oncology,Apollo Hospital,Low Prescriber,Rep_007,308,40801.88,1985.83,12319.81,26496.24,2007.73,257,Online Pharmacy,Q1,January
TXN001340,2024-01-29,Central,UAE,Opdivo,Oncology,St. Luke's,High Prescriber,Rep_013,331,132385.01,5825.4,47875.51,78684.1,4752.72,66,Hospital,Q1,January
TXN001341,2025-05-07,South,Brazil,Brilinta,Cardiology,Apollo Hospital,Low Prescriber,Rep_003,347,219604.04,14365.36,77274.35,127964.33,13948.95,274,Hospital,Q2,May
TXN001342,2025-12-28,South,Brazil,Herceptin,Oncology,St. Luke's,Non-Prescriber,Rep_010,109,46664.14,4026.95,16798.35,25838.84,1688.22,403,Online Pharmacy,Q4,December
TXN001343,2023-02-25,East,India,Avastin,Oncology,Mercy General,Medium Prescriber,Rep_010,318,77122.6,4712.46,29447.16,42962.98,3577.42,363,Retail Pharmacy,Q1,February
TXN001344,2024-08-15,North,USA,Brilinta,Cardiology,Cleveland Partners,Medium Prescriber,Rep_010,314,223286.65,40191.6,92379.38,90715.67,12900.21,372,Hospital,Q3,August
TXN001345,2024-05-29,South,Brazil,Keytruda,Oncology,Cleveland Partners,Medium Prescriber,Rep_016,173,9575.12,744.17,2908.29,5922.66,659.83,211,Online Pharmacy,Q2,May
TXN001346,2023-08-05,West,Germany,Jardiance,Diabetes,City Medical Center,Non-Prescriber,Rep_009,129,40332.04,3389.24,15104.21,21838.59,1958.48,400,Government,Q3,August
TXN001347,2025-05-29,Central,UAE,Trulicity,Diabetes,City Medical Center,Non-Prescriber,Rep_025,260,44409.46,4380.17,17355.09,22674.2,2895.61,79,Hospital,Q2,May
TXN001348,2025-02-14,North,USA,Jardiance,Diabetes,Cleveland Partners,Low Prescriber,Rep_032,291,50037.54,9006.76,14811.66,26219.12,1230.63,463,Retail Pharmacy,Q1,February
TXN001349,2025-11-07,East,India,Avastin,Oncology,Sunrise Clinic,Medium Prescriber,Rep_017,283,121246.68,4789.5,47459.84,68997.34,2936.57,390,Government,Q4,November
TXN001350,2025-06-22,Central,UAE,Shingrix,Vaccines,Apollo Hospital,High Prescriber,Rep_023,326,198987.98,19303.13,69113.19,110571.66,12028.84,420,Online Pharmacy,Q2,June
TXN001351,2025-11-13,South,Brazil,Trulicity,Diabetes,Apollo Hospital,Low Prescriber,Rep_009,150,66846.67,6434.94,21942.13,38469.6,1597.26,224,Online Pharmacy,Q4,November
TXN001352,2023-11-27,North,USA,Nurtec,Neurology,Metro Health,Non-Prescriber,Rep_011,202,59435.75,10698.43,26550.23,22187.09,1921.28,96,Hospital,Q4,November
TXN001353,2024-12-18,North,USA,Opdivo,Oncology,City Medical Center,Medium Prescriber,Rep_004,156,112191.01,20194.38,43755.26,48241.37,3244.68,440,Online Pharmacy,Q4,December
TXN001354,2025-03-30,East,India,Jardiance,Diabetes,Mercy General,Medium Prescriber,Rep_023,339,52368.52,1588.07,13192.09,37588.36,2242.28,414,Government,Q1,March
TXN001355,2025-05-31,East,India,Ozempic,Diabetes,St. Luke's,Medium Prescriber,Rep_024,308,152585.41,10795.63,54257.66,87532.12,7453.61,8,Online Pharmacy,Q2,May
TXN001356,2024-09-20,East,India,Avastin,Oncology,St. Luke's,Medium Prescriber,Rep_020,231,139640.0,9478.37,60956.13,69205.5,6801.34,302,Retail Pharmacy,Q3,September
TXN001357,2025-05-15,East,India,Trulicity,Diabetes,City Medical Center,High Prescriber,Rep_015,356,187052.16,14034.37,61982.4,111035.39,9274.22,362,Hospital,Q2,May
TXN001358,2023-06-09,North,USA,Vyepti,Neurology,Cleveland Partners,High Prescriber,Rep_007,295,172709.82,31087.77,70555.11,71066.94,8574.36,435,Online Pharmacy,Q2,June
TXN001359,2023-04-27,North,USA,Brilinta,Cardiology,Cleveland Partners,Medium Prescriber,Rep_024,152,86342.41,15541.63,38166.6,32634.18,5047.33,327,Government,Q2,April
TXN001360,2025-04-07,West,Germany,Nurtec,Neurology,Apollo Hospital,Low Prescriber,Rep_035,141,89953.85,7615.86,39169.21,43168.78,7141.98,311,Retail Pharmacy,Q2,April
TXN001361,2023-06-01,West,Germany,Opdivo,Oncology,Sunrise Clinic,Non-Prescriber,Rep_007,203,138528.17,12428.36,54934.34,71165.47,7883.35,440,Government,Q2,June
TXN001362,2025-12-03,Central,UAE,Ozempic,Diabetes,Metro Health,Non-Prescriber,Rep_038,318,53782.79,4559.21,21060.18,28163.4,1665.03,9,Retail Pharmacy,Q4,December
TXN001363,2023-01-18,South,Brazil,Aduhelm,Neurology,City Medical Center,High Prescriber,Rep_025,144,56340.17,5579.84,20619.31,30141.02,3265.18,215,Hospital,Q1,January
TXN001364,2025-07-06,North,USA,Aduhelm,Neurology,Metro Health,Medium Prescriber,Rep_037,323,69702.69,12546.48,25913.87,31242.34,4814.98,162,Hospital,Q3,July
TXN001365,2023-04-18,North,USA,Keytruda,Oncology,Cleveland Partners,Low Prescriber,Rep_016,224,39592.23,7126.6,13548.54,18917.09,2233.24,198,Retail Pharmacy,Q2,April
TXN001366,2024-12-16,South,Brazil,Opdivo,Oncology,St. Luke's,Non-Prescriber,Rep_033,247,50341.36,3537.03,14085.34,32718.99,1799.79,212,Government,Q4,December
TXN001367,2024-06-02,Central,UAE,Opdivo,Oncology,Apollo Hospital,Non-Prescriber,Rep_018,163,26026.1,1213.07,9487.95,15325.08,2064.34,83,Retail Pharmacy,Q2,June
TXN001368,2023-08-05,South,Brazil,Brilinta,Cardiology,Apollo Hospital,Non-Prescriber,Rep_025,256,137634.2,5353.74,48341.81,83938.65,7122.54,281,Retail Pharmacy,Q3,August
TXN001369,2024-05-10,West,Germany,Aduhelm,Neurology,Sunrise Clinic,Medium Prescriber,Rep_020,497,258379.11,12829.2,90794.57,154755.34,17156.22,367,Online Pharmacy,Q2,May
TXN001370,2025-07-24,North,USA,Ozempic,Diabetes,Apollo Hospital,Medium Prescriber,Rep_026,312,81578.25,14684.08,25091.66,41802.51,6066.25,17,Online Pharmacy,Q3,July
TXN001371,2025-09-10,North,USA,Ozempic,Diabetes,Sunrise Clinic,Medium Prescriber,Rep_021,246,82607.54,14869.36,33448.79,34289.39,3720.68,39,Hospital,Q3,September
TXN001372,2024-03-22,North,USA,Herceptin,Oncology,Cleveland Partners,High Prescriber,Rep_031,297,201557.28,36280.31,69348.76,95928.21,9291.66,182,Government,Q1,March
TXN001373,2025-10-13,North,USA,Avastin,Oncology,City Medical Center,High Prescriber,Rep_001,192,58601.5,10548.27,20677.37,27375.86,4167.92,338,Hospital,Q4,October
TXN001374,2023-09-27,East,India,Herceptin,Oncology,Mercy General,Non-Prescriber,Rep_038,313,135163.18,10762.64,49181.74,75218.8,9210.58,333,Retail Pharmacy,Q3,September
TXN001375,2025-04-18,West,Germany,Entresto,Cardiology,Cleveland Partners,High Prescriber,Rep_009,413,188671.32,18764.64,79473.78,90432.9,7219.26,185,Government,Q2,April
TXN001376,2024-04-28,East,India,Avastin,Oncology,Metro Health,Non-Prescriber,Rep_030,374,246863.02,13444.95,91107.8,142310.27,7464.8,190,Government,Q2,April
TXN001377,2025-11-26,South,Brazil,Ozempic,Diabetes,Cleveland Partners,High Prescriber,Rep_032,184,143322.98,11496.36,59738.23,72088.39,2979.4,17,Government,Q4,November
TXN001378,2024-08-17,East,India,Entresto,Cardiology,Metro Health,Medium Prescriber,Rep_007,283,74597.1,2822.02,28071.44,43703.64,2576.87,174,Retail Pharmacy,Q3,August
TXN001379,2023-05-27,South,Brazil,Vyepti,Neurology,Metro Health,Medium Prescriber,Rep_017,206,59518.0,5003.59,26443.57,28070.84,4559.41,169,Online Pharmacy,Q2,May
TXN001380,2025-12-21,East,India,Keytruda,Oncology,Cleveland Partners,High Prescriber,Rep_033,212,154983.83,13476.28,68934.45,72573.1,6896.02,199,Online Pharmacy,Q4,December
TXN001381,2025-09-03,East,India,Ozempic,Diabetes,Apollo Hospital,High Prescriber,Rep_040,501,128013.28,10975.83,36441.82,80595.63,9511.23,38,Government,Q3,September
TXN001382,2024-10-15,North,USA,Opdivo,Oncology,Cleveland Partners,Non-Prescriber,Rep_018,218,49137.38,8844.73,12811.61,27481.04,2248.3,404,Hospital,Q4,October
TXN001383,2025-04-19,North,USA,Shingrix,Vaccines,Sunrise Clinic,Medium Prescriber,Rep_029,292,206923.79,37246.28,77764.33,91913.18,6965.65,260,Online Pharmacy,Q2,April
TXN001384,2023-01-22,North,USA,Entresto,Cardiology,City Medical Center,Low Prescriber,Rep_034,155,117324.66,21118.44,33236.19,62970.03,4404.64,118,Online Pharmacy,Q1,January
TXN001385,2023-01-05,East,India,Vyepti,Neurology,Apollo Hospital,High Prescriber,Rep_035,123,15643.61,477.86,4083.46,11082.29,493.58,255,Hospital,Q1,January
TXN001386,2025-06-13,West,Germany,Jardiance,Diabetes,Metro Health,High Prescriber,Rep_028,484,92906.28,6256.82,29134.96,57514.5,4792.55,401,Online Pharmacy,Q2,June
TXN001387,2025-03-25,East,India,Prevnar,Vaccines,City Medical Center,Medium Prescriber,Rep_034,199,87061.58,4959.01,22758.01,59344.56,3730.33,456,Hospital,Q1,March
TXN001388,2025-02-27,Central,UAE,Entresto,Cardiology,Apollo Hospital,Non-Prescriber,Rep_040,312,43471.2,4148.91,13439.31,25882.98,1500.14,66,Hospital,Q1,February
TXN001389,2023-02-25,South,Brazil,Brilinta,Cardiology,St. Luke's,High Prescriber,Rep_026,149,42123.55,3173.87,11046.58,27903.1,2079.39,110,Retail Pharmacy,Q1,February
TXN001390,2024-02-13,North,USA,Ozempic,Diabetes,St. Luke's,High Prescriber,Rep_011,352,205049.39,36908.89,81487.39,86653.11,5388.12,29,Retail Pharmacy,Q1,February
TXN001391,2025-10-05,West,Germany,Jardiance,Diabetes,City Medical Center,Low Prescriber,Rep_026,374,178595.6,14154.3,56088.26,108353.04,13476.16,101,Hospital,Q4,October
TXN001392,2023-01-04,North,USA,Keytruda,Oncology,City Medical Center,Low Prescriber,Rep_015,240,163637.54,29454.76,54040.64,80142.14,7493.08,116,Retail Pharmacy,Q1,January
TXN001393,2023-02-02,East,India,Brilinta,Cardiology,Mercy General,Low Prescriber,Rep_032,150,16605.88,1261.93,4601.52,10742.43,824.24,118,Government,Q1,February
TXN001394,2023-01-16,South,Brazil,Herceptin,Oncology,Cleveland Partners,Low Prescriber,Rep_032,259,149912.11,12278.05,58363.97,79270.09,11423.72,156,Retail Pharmacy,Q1,January
TXN001395,2023-10-12,East,India,Brilinta,Cardiology,City Medical Center,Medium Prescriber,Rep_003,247,191597.75,10532.7,53258.6,127806.45,8411.95,272,Hospital,Q4,October
TXN001396,2023-08-17,West,Germany,Keytruda,Oncology,City Medical Center,Medium Prescriber,Rep_029,183,131205.06,6965.41,34429.55,89810.1,6371.13,171,Hospital,Q3,August
TXN001397,2025-09-07,East,India,Trulicity,Diabetes,Metro Health,Non-Prescriber,Rep_039,277,119340.73,8808.61,46554.99,63977.13,4199.01,414,Online Pharmacy,Q3,September
TXN001398,2024-10-31,South,Brazil,Eliquis,Cardiology,Apollo Hospital,Non-Prescriber,Rep_021,247,23669.32,2109.38,9107.87,12452.07,1679.47,112,Retail Pharmacy,Q4,October
TXN001399,2023-06-29,South,Brazil,Avastin,Oncology,Metro Health,Non-Prescriber,Rep_012,276,99397.99,6063.29,26485.03,66849.67,7307.89,441,Hospital,Q2,June
TXN001400,2024-12-07,West,Germany,Trulicity,Diabetes,Mercy General,High Prescriber,Rep_031,271,26501.77,2364.42,9845.29,14292.06,1134.98,75,Government,Q4,December
TXN001401,2024-05-02,Central,UAE,Herceptin,Oncology,Sunrise Clinic,High Prescriber,Rep_033,114,15194.47,1488.71,5542.69,8163.07,420.41,208,Hospital,Q2,May
TXN001402,2024-01-02,South,Brazil,Herceptin,Oncology,Sunrise Clinic,Medium Prescriber,Rep_029,170,123003.65,10669.43,38683.94,73650.28,6193.02,387,Government,Q1,January
TXN001403,2025-02-02,North,USA,Avastin,Oncology,Apollo Hospital,Medium Prescriber,Rep_023,210,140387.4,25269.73,37301.45,77816.22,7715.14,337,Retail Pharmacy,Q1,February
TXN001404,2024-12-22,South,Brazil,Brilinta,Cardiology,Sunrise Clinic,High Prescriber,Rep_008,385,253316.49,17988.63,103253.58,132074.28,16178.43,156,Government,Q4,December
TXN001405,2024-06-30,North,USA,Avastin,Oncology,Apollo Hospital,Medium Prescriber,Rep_019,115,32030.06,5765.41,8346.82,17917.83,1358.62,374,Retail Pharmacy,Q2,June
TXN001406,2024-12-02,West,Germany,Trulicity,Diabetes,Apollo Hospital,Medium Prescriber,Rep_022,136,39330.42,2369.72,15448.14,21512.56,817.57,192,Hospital,Q4,December
TXN001407,2024-12-18,West,Germany,Ozempic,Diabetes,Apollo Hospital,Medium Prescriber,Rep_022,174,82964.05,3666.5,25599.6,53697.95,5111.73,37,Online Pharmacy,Q4,December
TXN001408,2024-11-29,Central,UAE,Avastin,Oncology,Cleveland Partners,High Prescriber,Rep_029,461,326327.62,12247.24,84060.83,230019.55,10608.64,178,Government,Q4,November
TXN001409,2024-04-23,East,India,Eliquis,Cardiology,Metro Health,Low Prescriber,Rep_036,130,101430.72,6376.99,38186.0,56867.73,4651.46,112,Online Pharmacy,Q2,April
TXN001410,2023-04-17,East,India,Comirnaty,Vaccines,Mercy General,Low Prescriber,Rep_036,205,59541.31,4169.76,23476.78,31894.77,3156.89,403,Retail Pharmacy,Q2,April
TXN001411,2025-01-04,West,Germany,Herceptin,Oncology,City Medical Center,Low Prescriber,Rep_013,195,112381.64,6266.95,43184.53,62930.16,7855.84,433,Retail Pharmacy,Q1,January
TXN001412,2025-09-15,South,Brazil,Avastin,Oncology,Apollo Hospital,High Prescriber,Rep_012,230,113277.15,9274.68,35549.53,68452.94,2977.19,372,Hospital,Q3,September
TXN001413,2023-01-31,South,Brazil,Comirnaty,Vaccines,Mercy General,Low Prescriber,Rep_002,308,144911.73,5563.45,42361.04,96987.24,4395.36,80,Government,Q1,January
TXN001414,2025-06-26,East,India,Jardiance,Diabetes,Cleveland Partners,Medium Prescriber,Rep_011,128,75462.83,5221.56,33855.21,36386.06,3434.02,129,Online Pharmacy,Q2,June
TXN001415,2024-07-07,East,India,Brilinta,Cardiology,City Medical Center,Low Prescriber,Rep_034,125,65229.36,5528.58,25244.35,34456.43,3932.81,117,Government,Q3,July
TXN001416,2024-11-23,Central,UAE,Opdivo,Oncology,City Medical Center,Non-Prescriber,Rep_017,260,53298.9,1934.08,17631.35,33733.47,3690.94,309,Hospital,Q4,November
TXN001417,2024-05-15,South,Brazil,Brilinta,Cardiology,St. Luke's,Medium Prescriber,Rep_005,341,153022.68,8367.76,45684.95,98969.97,3843.16,290,Retail Pharmacy,Q2,May
TXN001418,2025-11-06,West,Germany,Opdivo,Oncology,Cleveland Partners,Non-Prescriber,Rep_026,552,72836.17,4311.11,29342.59,39182.47,3182.83,342,Hospital,Q4,November
TXN001419,2025-03-07,North,USA,Aduhelm,Neurology,Apollo Hospital,Low Prescriber,Rep_038,180,32195.18,5795.13,8720.02,17680.03,1955.27,400,Online Pharmacy,Q1,March
TXN001420,2024-07-29,South,Brazil,Prevnar,Vaccines,Mercy General,Low Prescriber,Rep_009,120,24272.67,916.66,9713.1,13642.91,1508.27,415,Government,Q3,July
TXN001421,2025-09-11,North,USA,Keytruda,Oncology,City Medical Center,Medium Prescriber,Rep_028,283,68539.83,12337.17,17947.47,38255.19,2758.75,257,Government,Q3,September
TXN001422,2023-07-24,Central,UAE,Keytruda,Oncology,Cleveland Partners,Medium Prescriber,Rep_011,291,160929.36,10409.17,69610.26,80909.93,9095.78,67,Hospital,Q3,July
TXN001423,2024-08-22,West,Germany,Herceptin,Oncology,City Medical Center,High Prescriber,Rep_007,422,171000.52,8790.83,74600.88,87608.81,5669.01,379,Online Pharmacy,Q3,August
TXN001424,2025-05-23,East,India,Herceptin,Oncology,Metro Health,Medium Prescriber,Rep_001,420,24284.58,1076.5,9841.2,13366.88,887.51,274,Hospital,Q2,May
TXN001425,2023-05-09,East,India,Vyepti,Neurology,Apollo Hospital,Non-Prescriber,Rep_035,337,111525.0,8452.28,31529.58,71543.14,2655.34,434,Hospital,Q2,May
TXN001426,2025-10-19,West,Germany,Avastin,Oncology,Metro Health,High Prescriber,Rep_012,125,96921.63,9352.67,43301.46,44267.5,6977.09,459,Retail Pharmacy,Q4,October
TXN001427,2025-10-10,North,USA,Jardiance,Diabetes,Mercy General,High Prescriber,Rep_021,327,238155.3,42867.95,102857.9,92429.45,10968.38,92,Retail Pharmacy,Q4,October
TXN001428,2025-05-30,West,Germany,Avastin,Oncology,Metro Health,Non-Prescriber,Rep_007,299,37445.52,2075.73,9996.12,25373.67,1793.06,429,Hospital,Q2,May
TXN001429,2025-06-02,Central,UAE,Keytruda,Oncology,Metro Health,Non-Prescriber,Rep_006,202,39223.15,2412.11,11038.67,25772.37,2100.02,348,Hospital,Q2,June
TXN001430,2024-05-15,North,USA,Herceptin,Oncology,City Medical Center,High Prescriber,Rep_021,153,64955.65,11692.02,17903.79,35359.84,4439.34,327,Retail Pharmacy,Q2,May
TXN001431,2023-03-14,Central,UAE,Opdivo,Oncology,Apollo Hospital,Low Prescriber,Rep_007,438,72188.36,7084.77,23307.16,41796.43,4164.87,260,Government,Q1,March
TXN001432,2023-05-22,Central,UAE,Nurtec,Neurology,St. Luke's,High Prescriber,Rep_004,358,67544.95,3471.92,27341.67,36731.36,3189.81,447,Government,Q2,May
TXN001433,2025-07-24,North,USA,Eliquis,Cardiology,Sunrise Clinic,Non-Prescriber,Rep_014,275,164996.15,29699.31,54629.28,80667.56,9513.08,396,Retail Pharmacy,Q3,July
TXN001434,2025-08-06,North,USA,Eliquis,Cardiology,Metro Health,High Prescriber,Rep_008,147,106661.22,19199.02,46003.64,41458.56,7393.23,218,Online Pharmacy,Q3,August
TXN001435,2025-07-20,South,Brazil,Aduhelm,Neurology,St. Luke's,Medium Prescriber,Rep_001,372,202104.97,17593.62,73805.13,110706.22,4098.46,68,Government,Q3,July
TXN001436,2025-04-23,South,Brazil,Prevnar,Vaccines,Apollo Hospital,High Prescriber,Rep_034,316,249560.13,12407.56,78128.56,159024.01,18510.54,155,Online Pharmacy,Q2,April
TXN001437,2024-08-20,East,India,Entresto,Cardiology,Cleveland Partners,Non-Prescriber,Rep_016,24,19095.13,721.45,7027.83,11345.85,1162.91,470,Government,Q3,August
TXN001438,2025-03-26,North,USA,Eliquis,Cardiology,Mercy General,Non-Prescriber,Rep_029,649,397328.1,71519.06,159530.16,166278.88,23496.15,278,Retail Pharmacy,Q1,March
TXN001439,2024-02-13,North,USA,Vyepti,Neurology,Cleveland Partners,Non-Prescriber,Rep_040,200,57220.12,10299.62,17968.18,28952.32,3548.97,101,Government,Q1,February
TXN001440,2024-12-19,South,Brazil,Keytruda,Oncology,City Medical Center,Non-Prescriber,Rep_021,507,327141.11,26712.6,142335.93,158092.58,7693.63,55,Retail Pharmacy,Q4,December
TXN001441,2024-09-15,East,India,Avastin,Oncology,St. Luke's,High Prescriber,Rep_036,307,229683.53,15422.83,99817.14,114443.56,7456.4,322,Government,Q3,September
TXN001442,2025-10-17,Central,UAE,Entresto,Cardiology,Sunrise Clinic,Medium Prescriber,Rep_030,269,111177.08,7117.32,31395.86,72663.9,7809.44,408,Government,Q4,October
TXN001443,2023-06-07,North,USA,Jardiance,Diabetes,St. Luke's,High Prescriber,Rep_040,119,61946.8,11150.42,21447.62,29348.76,4313.4,424,Government,Q2,June
TXN001444,2024-07-26,South,Brazil,Jardiance,Diabetes,City Medical Center,High Prescriber,Rep_035,326,71014.81,6182.86,29768.96,35062.99,2299.78,369,Government,Q3,July
TXN001445,2025-09-01,South,Brazil,Aduhelm,Neurology,St. Luke's,High Prescriber,Rep_030,229,101576.49,3303.15,25996.62,72276.72,5721.82,197,Government,Q3,September
TXN001446,2025-11-23,West,Germany,Ozempic,Diabetes,City Medical Center,Non-Prescriber,Rep_007,129,70376.15,3485.94,28330.02,38560.19,1916.45,31,Hospital,Q4,November
TXN001447,2025-10-07,West,Germany,Brilinta,Cardiology,Apollo Hospital,Non-Prescriber,Rep_007,253,12651.76,606.49,5320.77,6724.5,835.39,203,Online Pharmacy,Q4,October
TXN001448,2025-03-08,North,USA,Vyepti,Neurology,Mercy General,High Prescriber,Rep_031,298,171784.67,30921.24,44495.97,96367.46,7409.72,204,Retail Pharmacy,Q1,March
TXN001449,2025-08-12,West,Germany,Opdivo,Oncology,Metro Health,Non-Prescriber,Rep_039,264,53209.96,2149.93,17058.62,34001.41,2140.38,391,Hospital,Q3,August
TXN001450,2023-05-14,West,Germany,Keytruda,Oncology,St. Luke's,Medium Prescriber,Rep_036,198,23875.03,1081.99,8373.25,14419.79,1691.59,437,Online Pharmacy,Q2,May
TXN001451,2024-01-10,Central,UAE,Opdivo,Oncology,Metro Health,High Prescriber,Rep_006,210,156488.39,12844.5,48804.56,94839.33,8405.11,460,Government,Q1,January
TXN001452,2024-05-12,West,Germany,Keytruda,Oncology,City Medical Center,High Prescriber,Rep_022,445,66862.45,5618.27,19623.02,41621.16,2234.58,173,Online Pharmacy,Q2,May
TXN001453,2024-09-17,North,USA,Keytruda,Oncology,Sunrise Clinic,Medium Prescriber,Rep_037,272,141281.6,25430.69,44872.23,70978.68,8765.16,429,Online Pharmacy,Q3,September
TXN001454,2025-05-05,East,India,Keytruda,Oncology,City Medical Center,Low Prescriber,Rep_027,224,156668.86,5679.25,64947.67,86041.94,4634.04,200,Retail Pharmacy,Q2,May
TXN001455,2023-11-28,South,Brazil,Ozempic,Diabetes,Mercy General,Medium Prescriber,Rep_018,190,120255.06,9806.47,53340.03,57108.56,3234.02,25,Hospital,Q4,November
TXN001456,2024-12-15,Central,UAE,Prevnar,Vaccines,Metro Health,Low Prescriber,Rep_037,260,95351.21,4551.53,39441.79,51357.89,7546.94,165,Retail Pharmacy,Q4,December
TXN001457,2024-03-23,East,India,Prevnar,Vaccines,Mercy General,Non-Prescriber,Rep_004,248,61092.94,2371.53,18011.81,40709.6,1610.94,479,Retail Pharmacy,Q1,March
TXN001458,2024-06-21,East,India,Eliquis,Cardiology,Cleveland Partners,Non-Prescriber,Rep_001,151,15079.63,1000.58,4713.62,9365.43,942.05,375,Online Pharmacy,Q2,June
TXN001459,2024-02-03,North,USA,Brilinta,Cardiology,Cleveland Partners,Non-Prescriber,Rep_029,341,65145.61,11726.21,20958.96,32460.44,1338.77,392,Hospital,Q1,February
TXN001460,2024-12-15,North,USA,Avastin,Oncology,City Medical Center,Low Prescriber,Rep_036,163,37863.77,6815.48,13976.94,17071.35,2560.55,65,Retail Pharmacy,Q4,December
TXN001461,2024-12-02,Central,UAE,Eliquis,Cardiology,Mercy General,Medium Prescriber,Rep_036,162,104447.34,3815.57,35250.43,65381.34,2233.48,206,Hospital,Q4,December
TXN001462,2024-04-10,Central,UAE,Avastin,Oncology,St. Luke's,Non-Prescriber,Rep_024,320,36184.4,1098.37,12002.53,23083.5,2091.05,199,Retail Pharmacy,Q2,April
TXN001463,2023-12-08,South,Brazil,Aduhelm,Neurology,City Medical Center,Non-Prescriber,Rep_039,184,77922.64,5295.13,24165.79,48461.72,4678.13,340,Retail Pharmacy,Q4,December
TXN001464,2023-03-20,South,Brazil,Eliquis,Cardiology,Metro Health,High Prescriber,Rep_039,166,22182.98,846.14,9754.23,11582.61,727.91,417,Retail Pharmacy,Q1,March
TXN001465,2025-01-19,East,India,Herceptin,Oncology,Sunrise Clinic,Low Prescriber,Rep_009,309,39962.61,2418.39,10682.58,26861.64,1537.43,455,Retail Pharmacy,Q1,January
TXN001466,2025-08-27,East,India,Herceptin,Oncology,Apollo Hospital,Medium Prescriber,Rep_007,474,72902.98,6355.93,26323.69,40223.36,1476.76,283,Government,Q3,August
TXN001467,2025-02-09,West,Germany,Prevnar,Vaccines,Metro Health,Medium Prescriber,Rep_023,198,149808.77,9065.74,66976.65,73766.38,3507.07,373,Retail Pharmacy,Q1,February
TXN001468,2024-08-27,Central,UAE,Keytruda,Oncology,Sunrise Clinic,High Prescriber,Rep_024,225,54955.59,5117.29,18457.33,31380.97,3783.89,224,Government,Q3,August
TXN001469,2025-01-11,West,Germany,Jardiance,Diabetes,Sunrise Clinic,Low Prescriber,Rep_035,202,149291.49,8523.2,66839.49,73928.8,9806.5,86,Hospital,Q1,January
TXN001470,2025-06-02,North,USA,Avastin,Oncology,City Medical Center,High Prescriber,Rep_004,118,5954.13,1071.74,2519.04,2363.35,412.89,105,Hospital,Q2,June
TXN001471,2023-01-13,East,India,Herceptin,Oncology,Sunrise Clinic,Non-Prescriber,Rep_005,196,13131.8,1242.1,5411.31,6478.39,809.57,439,Online Pharmacy,Q1,January
TXN001472,2025-06-16,West,Germany,Eliquis,Cardiology,Sunrise Clinic,Low Prescriber,Rep_027,144,15785.11,1313.37,5350.53,9121.21,1003.47,357,Hospital,Q2,June
TXN001473,2025-06-28,North,USA,Nurtec,Neurology,Apollo Hospital,Low Prescriber,Rep_004,151,109071.54,19632.88,40039.51,49399.15,8296.78,205,Online Pharmacy,Q2,June
TXN001474,2023-03-21,East,India,Opdivo,Oncology,Apollo Hospital,High Prescriber,Rep_029,200,60074.73,3180.66,19832.53,37061.54,3746.41,304,Hospital,Q1,March
TXN001475,2025-12-14,Central,UAE,Avastin,Oncology,Metro Health,Medium Prescriber,Rep_001,288,224561.1,21697.93,56484.34,146378.83,14476.36,172,Government,Q4,December
TXN001476,2024-05-06,West,Germany,Herceptin,Oncology,Mercy General,Medium Prescriber,Rep_006,242,131300.11,8582.4,33614.72,89102.99,10265.0,345,Online Pharmacy,Q2,May
TXN001477,2023-05-16,North,USA,Opdivo,Oncology,Sunrise Clinic,Medium Prescriber,Rep_032,172,91737.67,16512.78,40129.53,35095.36,2428.47,94,Online Pharmacy,Q2,May
TXN001478,2024-07-26,Central,UAE,Entresto,Cardiology,City Medical Center,High Prescriber,Rep_025,65,8411.6,779.51,3436.12,4195.97,547.2,66,Retail Pharmacy,Q3,July
TXN001479,2023-10-27,South,Brazil,Avastin,Oncology,Metro Health,Medium Prescriber,Rep_013,170,106821.24,6437.44,46489.52,53894.28,5361.69,206,Retail Pharmacy,Q4,October
TXN001480,2025-04-24,North,USA,Avastin,Oncology,St. Luke's,Low Prescriber,Rep_038,319,213657.43,38458.34,76780.2,98418.89,8341.91,384,Online Pharmacy,Q2,April
TXN001481,2023-09-27,West,Germany,Opdivo,Oncology,Cleveland Partners,Medium Prescriber,Rep_037,203,77943.75,7703.15,24104.92,46135.68,2682.69,337,Online Pharmacy,Q3,September
TXN001482,2024-01-03,South,Brazil,Nurtec,Neurology,Apollo Hospital,Medium Prescriber,Rep_033,376,126907.67,8721.94,55635.89,62549.84,7431.91,199,Online Pharmacy,Q1,January
TXN001483,2024-10-16,North,USA,Trulicity,Diabetes,City Medical Center,Low Prescriber,Rep_029,122,54301.46,9774.26,20878.69,23648.51,3809.25,132,Government,Q4,October
TXN001484,2024-12-26,North,USA,Aduhelm,Neurology,Apollo Hospital,Low Prescriber,Rep_024,388,83423.67,15016.26,25929.49,42477.92,2317.36,161,Hospital,Q4,December
TXN001485,2023-09-23,Central,UAE,Avastin,Oncology,Sunrise Clinic,Low Prescriber,Rep_017,101,59328.55,3687.52,23003.34,32637.69,2769.15,200,Retail Pharmacy,Q3,September
TXN001486,2025-06-19,South,Brazil,Vyepti,Neurology,Metro Health,High Prescriber,Rep_039,363,202474.33,16176.22,90521.62,95776.49,10625.46,172,Retail Pharmacy,Q2,June
TXN001487,2025-09-20,North,USA,Opdivo,Oncology,Sunrise Clinic,Non-Prescriber,Rep_015,314,116712.79,21008.3,46969.91,48734.58,9009.17,493,Government,Q3,September
TXN001488,2024-06-01,North,USA,Aduhelm,Neurology,Mercy General,Medium Prescriber,Rep_013,184,82835.27,14910.35,26277.36,41647.56,3306.74,453,Government,Q2,June
TXN001489,2024-04-08,North,USA,Entresto,Cardiology,Mercy General,Medium Prescriber,Rep_002,169,33366.47,6005.96,14709.39,12651.12,1864.75,389,Online Pharmacy,Q2,April
TXN001490,2025-05-18,East,India,Nurtec,Neurology,Mercy General,Medium Prescriber,Rep_015,360,268755.53,20919.89,68136.59,179699.05,14035.61,333,Online Pharmacy,Q2,May
TXN001491,2024-08-07,West,Germany,Keytruda,Oncology,City Medical Center,Medium Prescriber,Rep_009,138,81020.3,4879.43,34663.75,41477.12,3136.81,69,Online Pharmacy,Q3,August
TXN001492,2025-05-06,East,India,Nurtec,Neurology,Apollo Hospital,Medium Prescriber,Rep_019,320,23737.69,1961.19,9046.27,12730.23,1568.22,272,Hospital,Q2,May
TXN001493,2025-09-23,West,Germany,Entresto,Cardiology,Mercy General,High Prescriber,Rep_015,66,17473.8,1603.0,4933.58,10937.22,539.31,307,Government,Q3,September
TXN001494,2024-10-31,Central,UAE,Aduhelm,Neurology,St. Luke's,High Prescriber,Rep_033,96,64498.9,6230.49,18074.32,40194.09,3216.15,311,Retail Pharmacy,Q4,October
TXN001495,2023-11-23,West,Germany,Nurtec,Neurology,Mercy General,Low Prescriber,Rep_027,88,67951.76,6486.41,19204.91,42260.44,1416.89,247,Retail Pharmacy,Q4,November
TXN001496,2024-09-05,South,Brazil,Shingrix,Vaccines,Sunrise Clinic,High Prescriber,Rep_034,339,266232.37,26551.5,91934.73,147746.14,20720.48,228,Government,Q3,September
TXN001497,2023-02-14,Central,UAE,Herceptin,Oncology,Mercy General,Non-Prescriber,Rep_001,149,83078.74,6774.11,24804.35,51500.28,4172.98,417,Online Pharmacy,Q1,February
TXN001498,2023-03-13,South,Brazil,Ozempic,Diabetes,St. Luke's,Medium Prescriber,Rep_005,219,140110.28,6077.03,53246.49,80786.76,4480.57,25,Government,Q1,March
TXN001499,2023-12-07,Central,UAE,Ozempic,Diabetes,Sunrise Clinic,High Prescriber,Rep_009,145,107305.6,10062.42,30445.41,66797.77,2559.4,15,Retail Pharmacy,Q4,December
TXN001500,2024-11-02,North,USA,Brilinta,Cardiology,Apollo Hospital,High Prescriber,Rep_008,297,187198.74,33695.77,58392.28,95110.69,4182.63,384,Online Pharmacy,Q4,November
TXN001501,2023-04-23,South,Brazil,Keytruda,Oncology,St. Luke's,High Prescriber,Rep_017,259,174573.21,5295.35,69800.95,99476.91,4031.06,477,Government,Q2,April
TXN001502,2024-10-08,Central,UAE,Comirnaty,Vaccines,City Medical Center,Medium Prescriber,Rep_007,162,129102.66,9255.18,52567.29,67280.19,8539.33,207,Hospital,Q4,October
TXN001503,2023-02-18,South,Brazil,Eliquis,Cardiology,Metro Health,High Prescriber,Rep_004,108,47991.51,4351.62,14517.77,29122.12,1456.07,58,Retail Pharmacy,Q1,February
TXN001504,2024-06-15,Central,UAE,Comirnaty,Vaccines,St. Luke's,Low Prescriber,Rep_017,214,89639.52,6014.97,24755.4,58869.15,2529.91,397,Retail Pharmacy,Q2,June
TXN001505,2023-12-10,North,USA,Brilinta,Cardiology,Sunrise Clinic,Non-Prescriber,Rep_008,124,40029.82,7205.37,16998.36,15826.09,1210.42,148,Retail Pharmacy,Q4,December
TXN001506,2025-06-09,East,India,Brilinta,Cardiology,Sunrise Clinic,High Prescriber,Rep_009,280,183645.38,14162.11,47412.61,122070.66,7537.62,356,Hospital,Q2,June
TXN001507,2025-06-30,Central,UAE,Opdivo,Oncology,Cleveland Partners,High Prescriber,Rep_037,423,180742.69,16213.79,70803.77,93725.13,13261.69,176,Government,Q2,June
TXN001508,2024-09-08,Central,UAE,Brilinta,Cardiology,Mercy General,Low Prescriber,Rep_032,109,70930.72,5745.53,31417.52,33767.67,4749.59,184,Online Pharmacy,Q3,September
TXN001509,2023-04-19,North,USA,Avastin,Oncology,St. Luke's,Non-Prescriber,Rep_037,259,97020.03,17463.61,35134.54,44421.88,7253.54,306,Retail Pharmacy,Q2,April
TXN001510,2023-12-22,East,India,Opdivo,Oncology,Cleveland Partners,Non-Prescriber,Rep_007,135,44456.63,2366.08,19397.35,22693.2,3213.81,262,Retail Pharmacy,Q4,December
TXN001511,2025-09-16,West,Germany,Brilinta,Cardiology,Metro Health,Low Prescriber,Rep_035,435,297513.4,9126.84,87483.63,200902.93,17830.58,452,Online Pharmacy,Q3,September
TXN001512,2023-11-27,North,USA,Avastin,Oncology,Cleveland Partners,Low Prescriber,Rep_016,279,129430.88,23297.56,52820.54,53312.78,4252.9,204,Government,Q4,November
TXN001513,2023-06-28,North,USA,Herceptin,Oncology,St. Luke's,Low Prescriber,Rep_010,123,57951.69,10431.3,14491.78,33028.61,1556.28,218,Retail Pharmacy,Q2,June
TXN001514,2024-01-22,Central,UAE,Jardiance,Diabetes,Metro Health,Low Prescriber,Rep_036,210,149067.75,9112.02,65040.57,74915.16,7413.49,362,Government,Q1,January
TXN001515,2024-09-15,South,Brazil,Nurtec,Neurology,Cleveland Partners,Non-Prescriber,Rep_001,148,48276.89,3896.21,12868.18,31512.5,2677.72,266,Retail Pharmacy,Q3,September
TXN001516,2025-03-05,South,Brazil,Jardiance,Diabetes,Metro Health,Medium Prescriber,Rep_025,166,17590.07,956.31,5192.1,11441.66,1110.54,270,Online Pharmacy,Q1,March
TXN001517,2023-04-21,North,USA,Vyepti,Neurology,Sunrise Clinic,High Prescriber,Rep_037,366,264460.63,47602.91,95809.94,121047.78,13823.33,169,Retail Pharmacy,Q2,April
TXN001518,2025-03-09,North,USA,Brilinta,Cardiology,City Medical Center,High Prescriber,Rep_004,182,99667.56,17940.16,35006.1,46721.3,3492.74,352,Online Pharmacy,Q1,March
TXN001519,2025-07-13,North,USA,Herceptin,Oncology,Apollo Hospital,High Prescriber,Rep_020,304,84829.19,15269.25,29370.91,40189.03,6371.74,238,Online Pharmacy,Q3,July
TXN001520,2024-01-30,South,Brazil,Jardiance,Diabetes,Apollo Hospital,Low Prescriber,Rep_038,240,120541.49,7417.27,34756.7,78367.52,9077.35,304,Hospital,Q1,January
TXN001521,2023-03-30,Central,UAE,Eliquis,Cardiology,Sunrise Clinic,Low Prescriber,Rep_019,114,40372.41,1853.31,12065.62,26453.48,2969.42,288,Retail Pharmacy,Q1,March
TXN001522,2025-01-07,Central,UAE,Opdivo,Oncology,Metro Health,Low Prescriber,Rep_024,301,82131.46,5237.14,31886.34,45007.98,2838.17,290,Government,Q1,January
TXN001523,2025-06-12,Central,UAE,Ozempic,Diabetes,St. Luke's,Low Prescriber,Rep_006,424,302596.54,21578.01,90212.79,190805.74,16369.36,5,Retail Pharmacy,Q2,June
TXN001524,2025-05-19,East,India,Herceptin,Oncology,Mercy General,High Prescriber,Rep_039,199,10441.51,347.43,3260.1,6833.98,348.13,102,Online Pharmacy,Q2,May
TXN001525,2024-05-21,Central,UAE,Opdivo,Oncology,Mercy General,Non-Prescriber,Rep_027,290,219932.0,9214.27,97737.21,112980.52,16875.84,218,Hospital,Q2,May
TXN001526,2023-01-14,East,India,Opdivo,Oncology,Sunrise Clinic,Low Prescriber,Rep_014,325,90922.89,6971.76,32550.05,51401.08,3960.18,131,Online Pharmacy,Q1,January
TXN001527,2023-04-10,East,India,Entresto,Cardiology,Metro Health,Non-Prescriber,Rep_039,238,100003.57,6056.64,30382.11,63564.82,6202.58,106,Government,Q2,April
TXN001528,2024-11-18,West,Germany,Keytruda,Oncology,Sunrise Clinic,Non-Prescriber,Rep_032,101,45085.02,3536.16,17684.21,23864.65,1923.23,236,Online Pharmacy,Q4,November
TXN001529,2023-03-28,South,Brazil,Jardiance,Diabetes,Metro Health,High Prescriber,Rep_021,107,52347.71,3717.3,18256.85,30373.56,2023.83,215,Retail Pharmacy,Q1,March
TXN001530,2023-07-21,South,Brazil,Nurtec,Neurology,Sunrise Clinic,Non-Prescriber,Rep_026,103,33851.56,1950.48,9142.08,22759.0,2224.65,214,Government,Q3,July
TXN001531,2025-10-22,West,Germany,Herceptin,Oncology,Mercy General,Medium Prescriber,Rep_030,267,138043.23,5039.77,51659.16,81344.3,5041.43,57,Hospital,Q4,October
TXN001532,2024-11-09,East,India,Trulicity,Diabetes,Cleveland Partners,Low Prescriber,Rep_005,53,9309.34,381.07,3304.44,5623.83,519.28,334,Government,Q4,November
TXN001533,2025-03-03,East,India,Keytruda,Oncology,Sunrise Clinic,High Prescriber,Rep_024,282,131744.28,7219.17,54995.59,69529.52,6809.71,63,Online Pharmacy,Q1,March
TXN001534,2023-07-30,East,India,Eliquis,Cardiology,Apollo Hospital,High Prescriber,Rep_033,370,256663.46,12202.51,82720.25,161740.7,14875.86,50,Hospital,Q3,July
TXN001535,2025-06-16,South,Brazil,Nurtec,Neurology,City Medical Center,Non-Prescriber,Rep_007,308,206353.18,10106.73,74030.86,122215.59,16154.11,193,Government,Q2,June
TXN001536,2024-06-13,South,Brazil,Nurtec,Neurology,Metro Health,Low Prescriber,Rep_029,202,129098.29,5909.22,37880.84,85308.23,7146.1,246,Retail Pharmacy,Q2,June
TXN001537,2024-10-28,West,Germany,Eliquis,Cardiology,St. Luke's,Non-Prescriber,Rep_007,78,4371.08,388.93,1927.43,2054.72,275.24,380,Retail Pharmacy,Q4,October
TXN001538,2024-10-02,Central,UAE,Jardiance,Diabetes,Metro Health,Low Prescriber,Rep_017,222,119977.31,8809.21,46910.76,64257.34,2992.58,210,Government,Q4,October
TXN001539,2025-07-22,North,USA,Herceptin,Oncology,Sunrise Clinic,Medium Prescriber,Rep_017,161,100453.13,18081.56,39796.55,42575.02,3050.93,321,Retail Pharmacy,Q3,July
TXN001540,2024-06-08,West,Germany,Brilinta,Cardiology,Cleveland Partners,Medium Prescriber,Rep_028,221,18205.02,1566.61,7571.12,9067.29,1339.91,133,Government,Q2,June
TXN001541,2025-06-23,North,USA,Opdivo,Oncology,Mercy General,Low Prescriber,Rep_013,103,19121.83,3441.93,6008.28,9671.62,1508.88,91,Retail Pharmacy,Q2,June
TXN001542,2025-01-25,East,India,Entresto,Cardiology,Apollo Hospital,High Prescriber,Rep_016,150,51051.15,1732.35,22158.17,27160.63,2261.42,315,Government,Q1,January
TXN001543,2024-12-27,West,Germany,Comirnaty,Vaccines,St. Luke's,Low Prescriber,Rep_020,333,78389.62,6279.86,32329.52,39780.24,3254.32,125,Retail Pharmacy,Q4,December
TXN001544,2025-08-05,Central,UAE,Trulicity,Diabetes,Mercy General,High Prescriber,Rep_017,141,31522.36,2643.72,8734.22,20144.42,1463.52,366,Government,Q3,August
TXN001545,2024-06-06,Central,UAE,Ozempic,Diabetes,Cleveland Partners,Non-Prescriber,Rep_005,815,462200.25,43080.93,130683.04,288436.28,11637.78,30,Online Pharmacy,Q2,June
TXN001546,2025-09-25,East,India,Opdivo,Oncology,Apollo Hospital,Non-Prescriber,Rep_017,252,44472.23,2646.35,19374.16,22451.72,3294.16,81,Retail Pharmacy,Q3,September
TXN001547,2025-10-08,East,India,Nurtec,Neurology,Mercy General,Low Prescriber,Rep_027,310,235966.66,14092.6,75158.59,146715.47,14401.24,413,Government,Q4,October
TXN001548,2024-01-01,North,USA,Keytruda,Oncology,City Medical Center,Medium Prescriber,Rep_025,373,66841.08,12031.39,26469.05,28340.64,2076.8,205,Government,Q1,January
TXN001549,2024-12-20,West,Germany,Nurtec,Neurology,City Medical Center,Low Prescriber,Rep_006,160,55053.28,1920.41,15989.04,37143.83,3723.82,453,Retail Pharmacy,Q4,December
TXN001550,2024-04-06,North,USA,Comirnaty,Vaccines,St. Luke's,High Prescriber,Rep_040,340,103818.98,18687.42,28294.47,56837.09,5185.07,62,Government,Q2,April
TXN001551,2025-06-16,East,India,Keytruda,Oncology,Mercy General,Low Prescriber,Rep_022,154,65831.45,2255.2,20120.12,43456.13,5264.47,94,Online Pharmacy,Q2,June
TXN001552,2024-08-10,North,USA,Brilinta,Cardiology,Mercy General,High Prescriber,Rep_008,268,98915.27,17804.75,39449.0,41661.52,7710.39,153,Government,Q3,August
TXN001553,2025-04-03,South,Brazil,Entresto,Cardiology,Cleveland Partners,Low Prescriber,Rep_028,467,61005.87,4227.35,23316.73,33461.79,4446.78,81,Retail Pharmacy,Q2,April
TXN001554,2024-04-05,North,USA,Eliquis,Cardiology,Sunrise Clinic,Low Prescriber,Rep_040,152,87004.51,15660.81,30577.1,40766.6,2999.34,408,Retail Pharmacy,Q2,April
TXN001555,2023-01-10,North,USA,Herceptin,Oncology,Sunrise Clinic,Medium Prescriber,Rep_001,432,257404.44,46332.8,85435.56,125636.08,14904.07,309,Government,Q1,January
TXN001556,2023-09-03,Central,UAE,Opdivo,Oncology,Sunrise Clinic,Non-Prescriber,Rep_025,172,48382.21,2427.34,18156.54,27798.33,1348.58,447,Retail Pharmacy,Q3,September
TXN001557,2024-01-27,South,Brazil,Comirnaty,Vaccines,Apollo Hospital,High Prescriber,Rep_026,496,243514.51,12947.26,83383.49,147183.76,6011.71,210,Online Pharmacy,Q1,January
TXN001558,2024-07-28,North,USA,Ozempic,Diabetes,Sunrise Clinic,High Prescriber,Rep_010,208,21422.77,3856.1,6575.44,10991.23,1287.55,15,Hospital,Q3,July
TXN001559,2025-08-09,South,Brazil,Keytruda,Oncology,St. Luke's,High Prescriber,Rep_019,245,132957.4,11854.39,35437.27,85665.74,7723.4,147,Retail Pharmacy,Q3,August
TXN001560,2024-12-25,East,India,Herceptin,Oncology,Cleveland Partners,Non-Prescriber,Rep_002,430,315518.23,29013.25,96657.72,189847.26,18493.2,227,Hospital,Q4,December
TXN001561,2023-10-06,West,Germany,Brilinta,Cardiology,St. Luke's,Medium Prescriber,Rep_008,110,40953.65,4031.38,10707.14,26215.13,2266.77,312,Government,Q4,October
TXN001562,2025-06-10,Central,UAE,Entresto,Cardiology,Cleveland Partners,Low Prescriber,Rep_007,371,257613.18,13304.04,91787.78,152521.36,7375.26,421,Hospital,Q2,June
TXN001563,2025-11-23,North,USA,Eliquis,Cardiology,City Medical Center,Medium Prescriber,Rep_012,217,28014.53,5042.62,11469.7,11502.21,2162.28,77,Government,Q4,November
TXN001564,2025-02-21,East,India,Eliquis,Cardiology,Sunrise Clinic,Low Prescriber,Rep_023,410,88366.33,2943.87,26345.76,59076.7,3598.86,424,Retail Pharmacy,Q1,February
TXN001565,2024-08-04,West,Germany,Comirnaty,Vaccines,Apollo Hospital,Non-Prescriber,Rep_031,392,136969.17,10370.47,39326.99,87271.71,9510.46,131,Hospital,Q3,August
TXN001566,2025-03-04,West,Germany,Trulicity,Diabetes,City Medical Center,Low Prescriber,Rep_038,163,122788.41,10380.48,45568.71,66839.22,4243.6,286,Hospital,Q1,March
TXN001567,2025-06-02,South,Brazil,Jardiance,Diabetes,Sunrise Clinic,Medium Prescriber,Rep_018,149,56634.83,4139.11,14954.85,37540.87,4354.79,308,Retail Pharmacy,Q2,June
TXN001568,2024-09-23,East,India,Prevnar,Vaccines,St. Luke's,Medium Prescriber,Rep_010,216,86004.48,4555.27,28462.76,52986.45,5965.17,317,Online Pharmacy,Q3,September
TXN001569,2024-04-13,North,USA,Herceptin,Oncology,City Medical Center,High Prescriber,Rep_027,155,10922.19,1965.99,3233.36,5722.84,811.47,337,Online Pharmacy,Q2,April
TXN001570,2023-09-27,West,Germany,Keytruda,Oncology,City Medical Center,Non-Prescriber,Rep_015,186,93823.85,5224.21,27660.82,60938.82,5635.0,460,Online Pharmacy,Q3,September
TXN001571,2025-08-06,North,USA,Herceptin,Oncology,Sunrise Clinic,Medium Prescriber,Rep_028,234,154774.22,27859.36,66474.74,60440.12,8863.9,266,Government,Q3,August
TXN001572,2025-10-17,Central,UAE,Jardiance,Diabetes,Metro Health,Low Prescriber,Rep_009,54,17149.05,1581.62,6868.66,8698.77,628.6,215,Online Pharmacy,Q4,October
TXN001573,2023-06-09,East,India,Nurtec,Neurology,St. Luke's,High Prescriber,Rep_032,203,54414.29,2882.19,18381.17,33150.93,3982.95,380,Government,Q2,June
TXN001574,2023-12-13,North,USA,Herceptin,Oncology,Sunrise Clinic,Low Prescriber,Rep_025,343,252754.4,45495.79,109855.68,97402.93,7270.28,375,Government,Q4,December
TXN001575,2025-06-12,North,USA,Prevnar,Vaccines,St. Luke's,High Prescriber,Rep_037,80,25012.91,4502.32,7607.41,12903.18,1403.44,468,Government,Q2,June
TXN001576,2025-05-08,West,Germany,Eliquis,Cardiology,St. Luke's,Medium Prescriber,Rep_023,248,35893.65,1943.49,13805.71,20144.45,1303.99,53,Online Pharmacy,Q2,May
TXN001577,2024-04-09,East,India,Vyepti,Neurology,Sunrise Clinic,Medium Prescriber,Rep_039,275,68687.26,6618.56,22115.9,39952.8,1786.38,68,Retail Pharmacy,Q2,April
TXN001578,2025-10-23,East,India,Trulicity,Diabetes,Cleveland Partners,High Prescriber,Rep_017,299,112755.99,4310.63,37589.25,70856.11,7930.25,330,Government,Q4,October
TXN001579,2025-01-18,West,Germany,Entresto,Cardiology,Apollo Hospital,Non-Prescriber,Rep_038,208,66783.83,5087.16,21105.4,40591.27,3967.33,160,Online Pharmacy,Q1,January
TXN001580,2025-12-21,West,Germany,Avastin,Oncology,City Medical Center,High Prescriber,Rep_016,64,24550.56,2435.81,7086.06,15028.69,1623.28,298,Retail Pharmacy,Q4,December
TXN001581,2025-06-08,North,USA,Comirnaty,Vaccines,Cleveland Partners,Medium Prescriber,Rep_036,138,46925.04,8446.51,17090.28,21388.25,2289.71,221,Government,Q2,June
TXN001582,2025-12-17,North,USA,Avastin,Oncology,St. Luke's,Non-Prescriber,Rep_035,148,17515.67,3152.82,4894.59,9468.26,885.05,464,Government,Q4,December
TXN001583,2023-06-28,North,USA,Comirnaty,Vaccines,Cleveland Partners,High Prescriber,Rep_020,266,90320.55,16257.7,30574.18,43488.67,4643.92,107,Online Pharmacy,Q2,June
TXN001584,2023-12-12,North,USA,Avastin,Oncology,Metro Health,High Prescriber,Rep_011,118,16154.32,2907.78,4685.45,8561.09,373.52,247,Government,Q4,December
TXN001585,2023-05-31,North,USA,Ozempic,Diabetes,Apollo Hospital,Non-Prescriber,Rep_014,206,142850.29,25713.05,49531.62,67605.62,10032.21,16,Online Pharmacy,Q2,May
TXN001586,2023-09-15,Central,UAE,Shingrix,Vaccines,St. Luke's,High Prescriber,Rep_012,186,143343.62,8363.56,36560.98,98419.08,8052.15,180,Hospital,Q3,September
TXN001587,2024-02-11,North,USA,Entresto,Cardiology,Apollo Hospital,Medium Prescriber,Rep_016,173,35396.52,6371.37,10626.08,18399.07,1087.98,345,Retail Pharmacy,Q1,February
TXN001588,2023-09-13,South,Brazil,Avastin,Oncology,Sunrise Clinic,High Prescriber,Rep_008,173,108573.36,4263.89,43767.84,60541.63,7506.43,106,Retail Pharmacy,Q3,September
TXN001589,2023-09-13,North,USA,Herceptin,Oncology,Apollo Hospital,Non-Prescriber,Rep_037,217,44368.14,7986.27,14851.58,21530.29,2654.7,81,Government,Q3,September
TXN001590,2025-07-24,North,USA,Eliquis,Cardiology,St. Luke's,Low Prescriber,Rep_018,416,31496.96,5669.45,13584.1,12243.41,2365.65,302,Online Pharmacy,Q3,July
TXN001591,2024-05-14,East,India,Brilinta,Cardiology,Apollo Hospital,Non-Prescriber,Rep_010,290,163178.83,6053.7,45133.71,111991.42,4631.44,70,Government,Q2,May
TXN001592,2025-07-28,East,India,Brilinta,Cardiology,Sunrise Clinic,High Prescriber,Rep_036,124,72426.13,2992.27,18295.21,51138.65,4039.33,474,Retail Pharmacy,Q3,July
TXN001593,2023-09-27,East,India,Eliquis,Cardiology,Mercy General,High Prescriber,Rep_033,83,25074.12,1144.9,8536.1,15393.12,1833.02,205,Government,Q3,September
TXN001594,2024-08-17,East,India,Entresto,Cardiology,Mercy General,High Prescriber,Rep_021,444,81684.36,4762.72,28505.21,48416.43,6366.81,486,Online Pharmacy,Q3,August
TXN001595,2023-04-27,Central,UAE,Nurtec,Neurology,St. Luke's,Non-Prescriber,Rep_017,209,140503.24,10564.46,45359.92,84578.86,7030.78,457,Online Pharmacy,Q2,April
TXN001596,2023-07-05,North,USA,Keytruda,Oncology,Cleveland Partners,High Prescriber,Rep_040,102,72733.96,13092.11,26968.71,32673.14,4481.91,225,Online Pharmacy,Q3,July
TXN001597,2024-12-19,Central,UAE,Comirnaty,Vaccines,Apollo Hospital,High Prescriber,Rep_028,51,28735.8,2560.81,10635.39,15539.6,806.39,226,Hospital,Q4,December
TXN001598,2025-08-16,Central,UAE,Jardiance,Diabetes,Cleveland Partners,High Prescriber,Rep_034,402,32280.5,1714.09,12782.6,17783.81,1656.16,237,Hospital,Q3,August
TXN001599,2024-09-14,South,Brazil,Keytruda,Oncology,Mercy General,Low Prescriber,Rep_005,155,95306.42,9345.83,27451.8,58508.79,2609.07,112,Government,Q3,September
TXN001600,2024-03-27,Central,UAE,Eliquis,Cardiology,Mercy General,Non-Prescriber,Rep_034,147,73081.93,2524.23,22172.07,48385.63,3175.88,160,Hospital,Q1,March
TXN001601,2025-05-18,South,Brazil,Brilinta,Cardiology,Apollo Hospital,Non-Prescriber,Rep_038,325,140319.88,7315.22,58378.69,74625.97,7400.26,199,Online Pharmacy,Q2,May
TXN001602,2024-03-05,Central,UAE,Aduhelm,Neurology,Metro Health,Medium Prescriber,Rep_013,371,192933.47,17694.52,60932.38,114306.57,8569.57,457,Online Pharmacy,Q1,March
TXN001603,2024-11-05,Central,UAE,Opdivo,Oncology,Sunrise Clinic,Low Prescriber,Rep_039,113,27294.93,1651.16,9642.29,16001.48,704.3,384,Government,Q4,November
TXN001604,2023-07-15,North,USA,Aduhelm,Neurology,St. Luke's,Non-Prescriber,Rep_013,272,136882.63,24638.87,46459.83,65783.93,7092.93,294,Government,Q3,July
TXN001605,2024-12-24,East,India,Entresto,Cardiology,Cleveland Partners,Medium Prescriber,Rep_024,111,37287.83,2482.55,11495.91,23309.37,1464.48,56,Online Pharmacy,Q4,December
TXN001606,2024-10-26,Central,UAE,Nurtec,Neurology,St. Luke's,Non-Prescriber,Rep_031,124,49984.35,4632.32,18093.74,27258.29,1875.96,384,Retail Pharmacy,Q4,October
TXN001607,2025-10-29,South,Brazil,Avastin,Oncology,Sunrise Clinic,High Prescriber,Rep_032,169,19474.56,1224.47,7797.92,10452.17,810.46,155,Government,Q4,October
TXN001608,2024-01-03,South,Brazil,Aduhelm,Neurology,Apollo Hospital,Non-Prescriber,Rep_010,215,40153.42,2687.84,10106.79,27358.79,1097.07,314,Government,Q1,January
TXN001609,2023-05-01,South,Brazil,Keytruda,Oncology,Mercy General,Non-Prescriber,Rep_015,159,101062.14,4579.6,42876.37,53606.17,2342.45,401,Government,Q2,May
TXN001610,2025-01-08,West,Germany,Jardiance,Diabetes,Cleveland Partners,High Prescriber,Rep_036,465,206415.62,19058.18,51734.66,135622.78,7622.25,292,Hospital,Q1,January
TXN001611,2025-09-03,South,Brazil,Trulicity,Diabetes,Apollo Hospital,Non-Prescriber,Rep_035,128,6664.1,370.52,1851.01,4442.57,409.05,265,Online Pharmacy,Q3,September
TXN001612,2023-05-09,North,USA,Avastin,Oncology,Mercy General,Medium Prescriber,Rep_019,288,212773.43,38299.22,86775.32,87698.89,7920.81,430,Online Pharmacy,Q2,May
TXN001613,2023-02-18,Central,UAE,Nurtec,Neurology,Sunrise Clinic,High Prescriber,Rep_020,162,48740.94,2635.96,19598.31,26506.67,2683.47,67,Retail Pharmacy,Q1,February
TXN001614,2024-02-29,East,India,Prevnar,Vaccines,Sunrise Clinic,Non-Prescriber,Rep_007,263,64370.98,4684.06,16618.44,43068.48,5031.72,463,Hospital,Q1,February
TXN001615,2024-05-22,South,Brazil,Shingrix,Vaccines,Mercy General,Low Prescriber,Rep_038,107,39774.52,3864.23,11338.21,24572.08,1009.26,446,Hospital,Q2,May
TXN001616,2024-01-23,East,India,Vyepti,Neurology,Metro Health,Medium Prescriber,Rep_001,210,157336.08,8068.69,68907.75,80359.64,5508.03,191,Online Pharmacy,Q1,January
TXN001617,2023-09-05,South,Brazil,Comirnaty,Vaccines,Mercy General,High Prescriber,Rep_014,175,61363.29,5417.95,23583.94,32361.4,1875.05,463,Government,Q3,September
TXN001618,2025-05-26,West,Germany,Herceptin,Oncology,Sunrise Clinic,Non-Prescriber,Rep_003,352,52980.84,2676.68,21605.85,28698.31,3874.14,328,Government,Q2,May
TXN001619,2023-08-22,West,Germany,Prevnar,Vaccines,Metro Health,Non-Prescriber,Rep_032,182,92999.27,7279.72,36636.61,49082.94,4974.21,150,Retail Pharmacy,Q3,August
TXN001620,2024-11-04,North,USA,Herceptin,Oncology,City Medical Center,Medium Prescriber,Rep_025,145,79777.8,14360.0,35017.81,30399.99,5970.56,348,Retail Pharmacy,Q4,November
TXN001621,2025-09-21,West,Germany,Ozempic,Diabetes,Sunrise Clinic,Medium Prescriber,Rep_002,57,30251.23,2634.08,12116.38,15500.77,2088.01,28,Retail Pharmacy,Q3,September
TXN001622,2024-12-05,East,India,Shingrix,Vaccines,Cleveland Partners,Non-Prescriber,Rep_036,263,142847.21,5731.57,47055.82,90059.82,3735.2,176,Retail Pharmacy,Q4,December
TXN001623,2023-10-29,South,Brazil,Shingrix,Vaccines,Apollo Hospital,High Prescriber,Rep_032,131,53992.48,3988.76,18944.58,31059.14,4212.87,361,Retail Pharmacy,Q4,October
TXN001624,2025-03-20,South,Brazil,Avastin,Oncology,Apollo Hospital,Non-Prescriber,Rep_034,203,58104.52,3024.42,14626.99,40453.11,1195.49,198,Hospital,Q1,March
TXN001625,2025-10-01,South,Brazil,Aduhelm,Neurology,Metro Health,Medium Prescriber,Rep_023,439,71655.22,6280.59,22408.89,42965.74,3385.39,242,Online Pharmacy,Q4,October
TXN001626,2023-11-16,West,Germany,Keytruda,Oncology,City Medical Center,High Prescriber,Rep_038,303,73258.15,6113.41,28723.58,38421.16,2167.16,265,Online Pharmacy,Q4,November
TXN001627,2024-09-15,North,USA,Shingrix,Vaccines,Metro Health,High Prescriber,Rep_007,81,6311.28,1136.03,2706.1,2469.15,466.2,98,Government,Q3,September
TXN001628,2025-04-05,North,USA,Keytruda,Oncology,Mercy General,Medium Prescriber,Rep_011,198,26693.61,4804.85,11970.84,9917.92,1303.58,337,Hospital,Q2,April
TXN001629,2023-11-08,Central,UAE,Entresto,Cardiology,Sunrise Clinic,Low Prescriber,Rep_002,315,241764.6,7648.57,86450.9,147665.13,7997.55,301,Hospital,Q4,November
TXN001630,2024-10-28,East,India,Shingrix,Vaccines,Cleveland Partners,High Prescriber,Rep_040,139,108626.78,8629.88,27419.51,72577.39,6762.98,231,Government,Q4,October
TXN001631,2025-08-09,East,India,Avastin,Oncology,Mercy General,High Prescriber,Rep_009,142,14833.06,697.7,3766.2,10369.16,515.07,344,Retail Pharmacy,Q3,August
TXN001632,2024-01-30,Central,UAE,Trulicity,Diabetes,City Medical Center,Low Prescriber,Rep_027,219,121199.21,5285.95,35148.95,80764.31,5838.75,460,Online Pharmacy,Q1,January
TXN001633,2025-04-19,North,USA,Entresto,Cardiology,Mercy General,Non-Prescriber,Rep_026,438,227661.28,40979.03,100706.04,85976.21,10719.07,302,Government,Q2,April
TXN001634,2023-10-20,West,Germany,Vyepti,Neurology,Metro Health,Low Prescriber,Rep_028,136,20836.79,679.48,8536.75,11620.56,1311.69,189,Retail Pharmacy,Q4,October
TXN001635,2025-09-06,North,USA,Brilinta,Cardiology,Metro Health,Non-Prescriber,Rep_007,141,47974.17,8635.35,21251.54,18087.28,1725.81,201,Hospital,Q3,September
TXN001636,2025-06-08,West,Germany,Brilinta,Cardiology,Sunrise Clinic,Low Prescriber,Rep_007,274,154855.3,8911.3,62682.29,83261.71,12150.18,171,Online Pharmacy,Q2,June
TXN001637,2024-06-14,East,India,Avastin,Oncology,Sunrise Clinic,High Prescriber,Rep_015,128,73612.44,7344.87,18898.43,47369.14,1760.36,85,Hospital,Q2,June
TXN001638,2023-08-16,East,India,Opdivo,Oncology,Metro Health,Non-Prescriber,Rep_002,213,161543.98,11343.9,44389.31,105810.77,4887.06,495,Online Pharmacy,Q3,August
TXN001639,2024-11-22,East,India,Ozempic,Diabetes,City Medical Center,High Prescriber,Rep_034,184,18010.11,905.7,5606.13,11498.28,534.08,22,Hospital,Q4,November
TXN001640,2024-06-16,Central,UAE,Avastin,Oncology,St. Luke's,High Prescriber,Rep_001,612,117957.44,10736.75,47361.08,59859.61,7473.67,89,Retail Pharmacy,Q2,June
TXN001641,2023-08-03,South,Brazil,Brilinta,Cardiology,Cleveland Partners,Non-Prescriber,Rep_018,98,60725.19,5537.77,16366.03,38821.39,3126.16,168,Retail Pharmacy,Q3,August
TXN001642,2025-12-18,North,USA,Nurtec,Neurology,Mercy General,High Prescriber,Rep_014,643,154120.22,27741.64,63510.25,62868.33,3345.68,360,Hospital,Q4,December
TXN001643,2023-04-25,East,India,Avastin,Oncology,St. Luke's,Medium Prescriber,Rep_004,105,65610.54,6022.2,27160.72,32427.62,3146.82,290,Government,Q2,April
TXN001644,2024-01-06,West,Germany,Ozempic,Diabetes,Cleveland Partners,High Prescriber,Rep_040,304,56439.28,2424.65,15954.05,38060.58,3800.36,5,Hospital,Q1,January
TXN001645,2024-03-16,North,USA,Herceptin,Oncology,St. Luke's,High Prescriber,Rep_035,248,107465.4,19343.77,47913.1,40208.53,2950.81,217,Hospital,Q1,March
TXN001646,2024-10-20,East,India,Keytruda,Oncology,Cleveland Partners,Medium Prescriber,Rep_026,204,38859.75,2889.81,14303.79,21666.15,2297.23,61,Government,Q4,October
TXN001647,2025-01-21,North,USA,Trulicity,Diabetes,Apollo Hospital,Non-Prescriber,Rep_019,313,159039.66,28627.14,64862.73,65549.79,10590.5,400,Government,Q1,January
TXN001648,2025-08-12,North,USA,Comirnaty,Vaccines,Cleveland Partners,Medium Prescriber,Rep_014,327,94689.56,17044.12,37863.09,39782.35,5954.78,176,Online Pharmacy,Q3,August
TXN001649,2023-12-31,West,Germany,Trulicity,Diabetes,Sunrise Clinic,Medium Prescriber,Rep_002,81,11355.3,439.8,4991.48,5924.02,785.38,298,Retail Pharmacy,Q4,December
TXN001650,2024-05-26,East,India,Jardiance,Diabetes,Sunrise Clinic,High Prescriber,Rep_031,237,72912.98,7140.67,26732.26,39040.05,3477.71,345,Online Pharmacy,Q2,May
TXN001651,2023-01-08,East,India,Prevnar,Vaccines,Mercy General,Medium Prescriber,Rep_038,93,20879.3,1594.39,7312.22,11972.69,1243.09,358,Government,Q1,January
TXN001652,2023-09-27,East,India,Keytruda,Oncology,St. Luke's,Non-Prescriber,Rep_038,413,218841.53,19272.17,98394.27,101175.09,15386.02,300,Hospital,Q3,September
TXN001653,2024-09-30,West,Germany,Nurtec,Neurology,St. Luke's,Non-Prescriber,Rep_030,340,120673.18,4149.79,51284.89,65238.5,6451.23,198,Retail Pharmacy,Q3,September
TXN001654,2024-01-13,Central,UAE,Vyepti,Neurology,Mercy General,High Prescriber,Rep_015,123,83651.64,2908.94,22222.85,58519.85,4464.51,337,Online Pharmacy,Q1,January
TXN001655,2023-07-17,East,India,Prevnar,Vaccines,St. Luke's,Low Prescriber,Rep_009,286,32241.44,2243.05,11619.14,18379.25,1396.15,430,Retail Pharmacy,Q3,July
TXN001656,2025-02-23,North,USA,Entresto,Cardiology,Metro Health,High Prescriber,Rep_008,313,163637.93,29454.83,41379.69,92803.41,11598.29,375,Retail Pharmacy,Q1,February
TXN001657,2023-05-09,North,USA,Eliquis,Cardiology,Mercy General,High Prescriber,Rep_006,243,145789.5,26242.11,63673.5,55873.89,5949.76,455,Hospital,Q2,May
TXN001658,2025-11-25,North,USA,Eliquis,Cardiology,Cleveland Partners,Medium Prescriber,Rep_020,323,70158.84,12628.59,23496.93,34033.32,1706.74,145,Government,Q4,November
TXN001659,2023-03-20,North,USA,Trulicity,Diabetes,Sunrise Clinic,Non-Prescriber,Rep_039,147,73437.57,13218.76,30839.46,29379.35,5290.51,318,Government,Q1,March
TXN001660,2023-09-07,West,Germany,Avastin,Oncology,Sunrise Clinic,Medium Prescriber,Rep_025,118,51774.71,3352.22,16054.77,32367.72,3845.85,90,Retail Pharmacy,Q3,September
TXN001661,2025-01-27,Central,UAE,Nurtec,Neurology,St. Luke's,High Prescriber,Rep_039,251,140969.79,4547.85,39012.06,97409.88,8195.66,348,Hospital,Q1,January
TXN001662,2024-01-08,East,India,Ozempic,Diabetes,Cleveland Partners,Medium Prescriber,Rep_019,162,33970.25,2793.5,10833.68,20343.07,2204.38,36,Retail Pharmacy,Q1,January
TXN001663,2025-02-23,Central,UAE,Jardiance,Diabetes,Cleveland Partners,Non-Prescriber,Rep_009,208,24026.29,1927.89,10305.45,11792.95,1830.96,328,Government,Q1,February
TXN001664,2024-09-02,North,USA,Vyepti,Neurology,Cleveland Partners,High Prescriber,Rep_017,284,211175.73,38011.63,60376.99,112787.11,15689.05,190,Hospital,Q3,September
TXN001665,2025-06-18,North,USA,Eliquis,Cardiology,Sunrise Clinic,Low Prescriber,Rep_023,394,216557.17,38980.29,69961.81,107615.07,5102.99,423,Online Pharmacy,Q2,June
TXN001666,2025-04-28,East,India,Avastin,Oncology,St. Luke's,High Prescriber,Rep_028,333,172629.31,11785.28,50338.84,110505.19,10114.14,327,Online Pharmacy,Q2,April
TXN001667,2024-06-16,East,India,Eliquis,Cardiology,Apollo Hospital,High Prescriber,Rep_024,170,72841.84,5168.66,32609.52,35063.66,4025.44,150,Government,Q2,June
TXN001668,2023-02-08,Central,UAE,Trulicity,Diabetes,Sunrise Clinic,High Prescriber,Rep_027,285,135844.0,6523.58,45922.86,83397.56,5005.38,105,Online Pharmacy,Q1,February
TXN001669,2025-09-27,South,Brazil,Aduhelm,Neurology,Cleveland Partners,Low Prescriber,Rep_030,465,258020.78,10957.88,69324.51,177738.39,10413.47,330,Hospital,Q3,September
TXN001670,2025-07-01,West,Germany,Opdivo,Oncology,Mercy General,Medium Prescriber,Rep_002,236,87908.68,6163.71,23570.5,58174.47,6663.58,331,Online Pharmacy,Q3,July
TXN001671,2023-10-01,North,USA,Avastin,Oncology,St. Luke's,Medium Prescriber,Rep_016,199,97066.71,17472.01,27828.7,51766.0,5455.71,75,Online Pharmacy,Q4,October
TXN001672,2024-04-30,Central,UAE,Ozempic,Diabetes,Sunrise Clinic,Low Prescriber,Rep_013,297,25775.86,2284.57,8968.23,14523.06,1775.35,15,Hospital,Q2,April
TXN001673,2024-04-05,Central,UAE,Keytruda,Oncology,City Medical Center,High Prescriber,Rep_012,328,19385.95,1798.27,8383.45,9204.23,459.16,284,Hospital,Q2,April
TXN001674,2025-11-24,North,USA,Ozempic,Diabetes,Mercy General,Low Prescriber,Rep_036,282,137598.74,24767.77,51454.0,61376.97,8036.05,38,Retail Pharmacy,Q4,November
TXN001675,2023-09-12,North,USA,Shingrix,Vaccines,Metro Health,Non-Prescriber,Rep_037,296,228467.35,41124.12,71710.07,115633.16,9933.5,119,Government,Q3,September
TXN001676,2024-01-23,South,Brazil,Eliquis,Cardiology,Cleveland Partners,High Prescriber,Rep_022,201,11545.92,1129.33,4621.98,5794.61,340.96,203,Government,Q1,January
TXN001677,2023-05-24,North,USA,Jardiance,Diabetes,Apollo Hospital,High Prescriber,Rep_033,228,93008.02,16741.44,34499.0,41767.58,5591.62,299,Online Pharmacy,Q2,May
TXN001678,2024-03-31,North,USA,Herceptin,Oncology,Mercy General,Non-Prescriber,Rep_015,194,79480.45,14306.48,24457.39,40716.58,4023.42,125,Hospital,Q1,March
TXN001679,2025-02-22,North,USA,Shingrix,Vaccines,Mercy General,Medium Prescriber,Rep_013,382,76236.37,13722.55,33865.32,28648.5,3890.94,453,Retail Pharmacy,Q1,February
TXN001680,2023-10-08,North,USA,Prevnar,Vaccines,Mercy General,Medium Prescriber,Rep_005,214,88348.6,15902.75,30070.56,42375.29,5609.42,230,Online Pharmacy,Q4,October
TXN001681,2024-05-29,West,Germany,Herceptin,Oncology,Cleveland Partners,High Prescriber,Rep_039,304,117739.47,7822.6,42263.19,67653.68,4696.82,128,Hospital,Q2,May
TXN001682,2023-11-12,East,India,Aduhelm,Neurology,Mercy General,Medium Prescriber,Rep_008,191,87954.84,5468.43,27818.44,54667.97,5229.2,153,Retail Pharmacy,Q4,November
TXN001683,2023-09-28,North,USA,Eliquis,Cardiology,Apollo Hospital,High Prescriber,Rep_005,198,156032.85,28085.91,48112.58,79834.36,7249.06,96,Hospital,Q3,September
TXN001684,2024-12-21,East,India,Keytruda,Oncology,Apollo Hospital,Non-Prescriber,Rep_001,229,104843.74,9748.21,42596.94,52498.59,2372.3,361,Online Pharmacy,Q4,December
TXN001685,2024-05-27,North,USA,Shingrix,Vaccines,St. Luke's,Non-Prescriber,Rep_033,248,95901.25,17262.22,24207.69,54431.34,4912.93,492,Retail Pharmacy,Q2,May
TXN001686,2025-06-18,East,India,Entresto,Cardiology,Mercy General,Low Prescriber,Rep_004,343,251511.37,16850.03,106664.88,127996.46,9417.73,413,Government,Q2,June
TXN001687,2024-03-11,South,Brazil,Brilinta,Cardiology,Cleveland Partners,Non-Prescriber,Rep_028,150,82447.22,5865.32,30875.3,45706.6,2910.4,157,Retail Pharmacy,Q1,March
TXN001688,2025-07-10,South,Brazil,Aduhelm,Neurology,City Medical Center,Non-Prescriber,Rep_002,151,8822.81,405.0,2792.79,5625.02,193.17,323,Online Pharmacy,Q3,July
TXN001689,2025-09-11,South,Brazil,Opdivo,Oncology,Sunrise Clinic,High Prescriber,Rep_017,174,119264.5,10133.8,37220.07,71910.63,5756.62,155,Online Pharmacy,Q3,September
TXN001690,2024-11-24,North,USA,Herceptin,Oncology,Cleveland Partners,Low Prescriber,Rep_024,145,60383.2,10868.98,20130.19,29384.03,4208.68,259,Hospital,Q4,November
TXN001691,2023-05-20,Central,UAE,Brilinta,Cardiology,Mercy General,Non-Prescriber,Rep_003,417,186440.13,6180.24,47698.5,132561.39,10585.23,186,Government,Q2,May
TXN001692,2025-12-03,West,Germany,Eliquis,Cardiology,City Medical Center,Medium Prescriber,Rep_024,371,273986.72,14843.77,91885.74,167257.21,11479.69,233,Hospital,Q4,December
TXN001693,2024-05-23,West,Germany,Trulicity,Diabetes,City Medical Center,Non-Prescriber,Rep_032,262,138403.21,13432.6,46359.13,78611.48,11008.4,383,Government,Q2,May
TXN001694,2023-07-20,East,India,Avastin,Oncology,Cleveland Partners,High Prescriber,Rep_012,258,197023.41,6726.33,88020.69,102276.39,14080.48,347,Retail Pharmacy,Q3,July
TXN001695,2025-05-17,Central,UAE,Keytruda,Oncology,Mercy General,Non-Prescriber,Rep_027,318,221059.04,13529.34,86014.54,121515.16,13080.59,193,Online Pharmacy,Q2,May
TXN001696,2024-09-12,West,Germany,Eliquis,Cardiology,Sunrise Clinic,High Prescriber,Rep_023,61,26411.86,1025.32,11052.01,14334.53,1398.19,430,Online Pharmacy,Q3,September
TXN001697,2024-04-26,West,Germany,Opdivo,Oncology,City Medical Center,Low Prescriber,Rep_015,139,57313.29,2846.59,22540.02,31926.68,4192.7,50,Retail Pharmacy,Q2,April
TXN001698,2023-01-29,North,USA,Brilinta,Cardiology,Mercy General,Non-Prescriber,Rep_014,93,19859.64,3574.74,6057.22,10227.68,1199.27,216,Retail Pharmacy,Q1,January
TXN001699,2023-07-24,South,Brazil,Comirnaty,Vaccines,Metro Health,Non-Prescriber,Rep_037,354,195271.07,13971.98,59706.2,121592.89,11967.25,333,Hospital,Q3,July
TXN001700,2023-08-19,East,India,Nurtec,Neurology,Cleveland Partners,Medium Prescriber,Rep_019,142,74525.95,5517.31,20754.62,48254.02,1667.52,365,Online Pharmacy,Q3,August
TXN001701,2023-05-22,North,USA,Opdivo,Oncology,Sunrise Clinic,Medium Prescriber,Rep_001,241,60146.87,10826.44,20338.66,28981.77,4249.28,467,Government,Q2,May
TXN001702,2024-09-12,East,India,Nurtec,Neurology,Apollo Hospital,Medium Prescriber,Rep_015,265,189736.79,15908.85,57915.62,115912.32,6544.7,427,Retail Pharmacy,Q3,September
TXN001703,2024-03-28,South,Brazil,Jardiance,Diabetes,Cleveland Partners,Low Prescriber,Rep_036,100,67625.95,6492.19,23027.99,38105.77,3381.56,482,Government,Q1,March
TXN001704,2023-04-21,South,Brazil,Avastin,Oncology,St. Luke's,Medium Prescriber,Rep_039,342,129473.88,12585.39,39406.51,77481.98,8373.6,238,Government,Q2,April
TXN001705,2023-12-22,North,USA,Entresto,Cardiology,Sunrise Clinic,High Prescriber,Rep_015,70,39267.12,7068.08,17558.7,14640.34,3006.11,370,Hospital,Q4,December
TXN001706,2025-07-14,South,Brazil,Keytruda,Oncology,City Medical Center,Medium Prescriber,Rep_007,268,87517.7,6660.24,30423.94,50433.52,2947.03,392,Online Pharmacy,Q3,July
TXN001707,2025-09-06,West,Germany,Entresto,Cardiology,Cleveland Partners,Medium Prescriber,Rep_018,172,28886.98,2682.76,9908.86,16295.36,1213.01,107,Government,Q3,September
TXN001708,2023-11-25,South,Brazil,Nurtec,Neurology,St. Luke's,High Prescriber,Rep_010,260,153267.9,5266.71,49926.62,98074.57,3854.13,437,Online Pharmacy,Q4,November
TXN001709,2023-09-11,North,USA,Eliquis,Cardiology,Metro Health,High Prescriber,Rep_016,69,11827.64,2128.98,3734.68,5963.98,817.95,122,Government,Q3,September
TXN001710,2023-08-21,Central,UAE,Opdivo,Oncology,City Medical Center,Low Prescriber,Rep_023,134,85710.7,7716.03,35145.79,42848.88,2923.05,301,Retail Pharmacy,Q3,August
TXN001711,2023-12-23,South,Brazil,Avastin,Oncology,St. Luke's,High Prescriber,Rep_002,92,30242.31,2876.55,10236.35,17129.41,2061.09,467,Retail Pharmacy,Q4,December
TXN001712,2025-06-16,North,USA,Ozempic,Diabetes,Sunrise Clinic,Non-Prescriber,Rep_003,224,15230.22,2741.44,5510.71,6978.07,451.77,11,Online Pharmacy,Q2,June
TXN001713,2025-03-08,North,USA,Opdivo,Oncology,Sunrise Clinic,Medium Prescriber,Rep_032,523,163379.21,29408.26,50898.91,83072.04,5326.9,127,Government,Q1,March
TXN001714,2023-06-04,East,India,Opdivo,Oncology,Mercy General,Non-Prescriber,Rep_005,99,62518.18,3868.51,23507.75,35141.92,3938.2,482,Online Pharmacy,Q2,June
TXN001715,2023-04-19,South,Brazil,Nurtec,Neurology,Cleveland Partners,Medium Prescriber,Rep_027,136,78003.69,4501.03,21468.33,52034.33,3848.2,284,Government,Q2,April
TXN001716,2023-01-21,North,USA,Brilinta,Cardiology,Cleveland Partners,Low Prescriber,Rep_001,362,71690.21,12904.24,25036.89,33749.08,4467.63,268,Hospital,Q1,January
TXN001717,2023-01-22,North,USA,Prevnar,Vaccines,Cleveland Partners,Medium Prescriber,Rep_032,211,127933.44,23028.02,54418.78,50486.64,5404.27,233,Retail Pharmacy,Q1,January
TXN001718,2023-01-13,South,Brazil,Avastin,Oncology,City Medical Center,High Prescriber,Rep_013,90,19047.29,1104.1,6324.13,11619.06,886.5,440,Online Pharmacy,Q1,January
TXN001719,2024-06-23,West,Germany,Vyepti,Neurology,City Medical Center,Low Prescriber,Rep_006,100,48353.01,3220.14,16741.01,28391.86,1879.52,112,Online Pharmacy,Q2,June
TXN001720,2024-11-25,Central,UAE,Avastin,Oncology,Cleveland Partners,Medium Prescriber,Rep_024,313,163834.93,8938.73,66153.58,88742.62,11763.06,214,Government,Q4,November
TXN001721,2025-11-10,South,Brazil,Entresto,Cardiology,Sunrise Clinic,Medium Prescriber,Rep_009,155,111229.08,10437.49,45453.53,55338.06,3400.1,417,Retail Pharmacy,Q4,November
TXN001722,2025-03-24,Central,UAE,Nurtec,Neurology,Sunrise Clinic,Non-Prescriber,Rep_028,527,45326.69,3850.22,14818.84,26657.63,1197.84,393,Retail Pharmacy,Q1,March
TXN001723,2025-12-22,North,USA,Eliquis,Cardiology,Cleveland Partners,Low Prescriber,Rep_024,386,236588.02,42585.84,100721.15,93281.03,14135.96,197,Retail Pharmacy,Q4,December
TXN001724,2025-03-24,Central,UAE,Comirnaty,Vaccines,Cleveland Partners,Low Prescriber,Rep_020,291,190093.26,15413.81,64708.23,109971.22,7359.84,435,Retail Pharmacy,Q1,March
TXN001725,2024-01-07,West,Germany,Jardiance,Diabetes,City Medical Center,Low Prescriber,Rep_018,92,22189.93,2086.83,8598.79,11504.31,1425.33,196,Hospital,Q1,January
TXN001726,2024-08-01,West,Germany,Herceptin,Oncology,Mercy General,High Prescriber,Rep_008,136,31139.67,2685.23,10239.7,18214.74,1479.55,340,Hospital,Q3,August
TXN001727,2025-01-26,East,India,Prevnar,Vaccines,St. Luke's,Non-Prescriber,Rep_001,228,122970.34,5452.76,42313.23,75204.35,9690.75,137,Online Pharmacy,Q1,January
TXN001728,2024-12-17,East,India,Nurtec,Neurology,St. Luke's,Non-Prescriber,Rep_032,158,67316.68,3290.38,22080.5,41945.8,3109.09,351,Hospital,Q4,December
TXN001729,2024-04-20,South,Brazil,Brilinta,Cardiology,Mercy General,High Prescriber,Rep_010,92,6183.44,246.63,2090.15,3846.66,228.29,394,Government,Q2,April
TXN001730,2024-02-28,Central,UAE,Opdivo,Oncology,Sunrise Clinic,High Prescriber,Rep_016,224,111970.86,7476.19,38327.47,66167.2,8686.52,133,Online Pharmacy,Q1,February
TXN001731,2024-05-23,East,India,Herceptin,Oncology,Cleveland Partners,Non-Prescriber,Rep_036,174,13937.62,1315.62,4848.35,7773.65,1005.12,435,Retail Pharmacy,Q2,May
TXN001732,2023-02-16,West,Germany,Herceptin,Oncology,Apollo Hospital,Low Prescriber,Rep_014,194,97940.47,8020.11,27048.44,62871.92,6645.97,143,Government,Q1,February
TXN001733,2023-05-18,South,Brazil,Jardiance,Diabetes,Cleveland Partners,Low Prescriber,Rep_014,294,152378.6,6191.0,39519.7,106667.9,7967.32,155,Hospital,Q2,May
TXN001734,2024-01-12,East,India,Entresto,Cardiology,City Medical Center,Low Prescriber,Rep_034,341,131285.27,10057.7,54707.19,66520.38,4850.98,98,Online Pharmacy,Q1,January
TXN001735,2023-08-09,East,India,Opdivo,Oncology,St. Luke's,High Prescriber,Rep_031,176,89240.24,6512.85,31228.15,51499.24,3427.36,289,Online Pharmacy,Q3,August
TXN001736,2024-09-16,North,USA,Comirnaty,Vaccines,Sunrise Clinic,High Prescriber,Rep_037,219,47507.63,8551.37,18892.76,20063.5,3527.37,155,Hospital,Q3,September
TXN001737,2024-12-27,Central,UAE,Vyepti,Neurology,Sunrise Clinic,Low Prescriber,Rep_009,356,247835.16,13722.02,81082.76,153030.38,15388.14,90,Online Pharmacy,Q4,December
TXN001738,2025-06-02,East,India,Trulicity,Diabetes,Apollo Hospital,Medium Prescriber,Rep_022,415,257769.15,23362.25,95531.54,138875.36,17774.28,190,Government,Q2,June
TXN001739,2025-05-27,East,India,Keytruda,Oncology,Apollo Hospital,Medium Prescriber,Rep_007,132,85361.95,2780.96,32744.55,49836.44,5035.45,473,Government,Q2,May
TXN001740,2023-07-23,Central,UAE,Ozempic,Diabetes,City Medical Center,Medium Prescriber,Rep_016,371,290025.21,28035.17,91376.96,170613.08,13138.61,8,Online Pharmacy,Q3,July
TXN001741,2025-06-26,North,USA,Prevnar,Vaccines,City Medical Center,Non-Prescriber,Rep_008,185,63710.44,11467.88,17588.53,34654.03,2499.4,137,Retail Pharmacy,Q2,June
TXN001742,2023-11-18,West,Germany,Avastin,Oncology,Metro Health,Non-Prescriber,Rep_014,278,28181.64,1259.93,7916.0,19005.71,885.85,96,Government,Q4,November
TXN001743,2024-08-16,East,India,Shingrix,Vaccines,Sunrise Clinic,Non-Prescriber,Rep_007,361,217441.03,11594.89,84822.7,121023.44,16302.43,54,Government,Q3,August
TXN001744,2025-09-27,Central,UAE,Keytruda,Oncology,Mercy General,Medium Prescriber,Rep_035,111,41108.82,1579.72,18444.84,21084.26,1872.05,293,Retail Pharmacy,Q3,September
TXN001745,2023-01-20,Central,UAE,Entresto,Cardiology,Metro Health,High Prescriber,Rep_021,299,118733.55,11431.51,46945.84,60356.2,2459.28,102,Online Pharmacy,Q1,January
TXN001746,2025-02-17,South,Brazil,Nurtec,Neurology,Sunrise Clinic,Low Prescriber,Rep_016,274,70997.54,3729.2,22512.78,44755.56,4396.46,263,Hospital,Q1,February
TXN001747,2025-06-12,West,Germany,Keytruda,Oncology,City Medical Center,Low Prescriber,Rep_024,287,36995.79,2880.64,15017.19,19097.96,1964.03,131,Online Pharmacy,Q2,June
TXN001748,2023-01-26,East,India,Opdivo,Oncology,St. Luke's,Non-Prescriber,Rep_036,429,272313.44,19252.11,121227.44,131833.89,18971.58,499,Hospital,Q1,January
TXN001749,2023-08-10,East,India,Vyepti,Neurology,Cleveland Partners,High Prescriber,Rep_040,175,123582.18,5030.21,47367.97,71184.0,4444.48,210,Retail Pharmacy,Q3,August
TXN001750,2024-03-31,North,USA,Herceptin,Oncology,City Medical Center,Non-Prescriber,Rep_001,243,71799.27,12923.87,27861.85,31013.55,1698.92,435,Online Pharmacy,Q1,March
TXN001751,2024-01-14,Central,UAE,Brilinta,Cardiology,Mercy General,High Prescriber,Rep_032,188,73538.99,5047.74,21490.45,47000.8,1588.29,373,Retail Pharmacy,Q1,January
TXN001752,2025-07-07,North,USA,Aduhelm,Neurology,City Medical Center,Medium Prescriber,Rep_031,155,62641.34,11275.44,22134.45,29231.45,4465.14,379,Online Pharmacy,Q3,July
TXN001753,2024-05-25,North,USA,Eliquis,Cardiology,Cleveland Partners,Low Prescriber,Rep_027,174,115616.85,20811.03,46628.83,48176.99,3361.02,461,Retail Pharmacy,Q2,May
TXN001754,2023-09-02,West,Germany,Nurtec,Neurology,Apollo Hospital,High Prescriber,Rep_040,190,79320.04,4351.63,24261.32,50707.09,4797.73,400,Government,Q3,September
TXN001755,2024-11-09,West,Germany,Keytruda,Oncology,St. Luke's,Low Prescriber,Rep_016,205,34829.81,2198.07,14020.2,18611.54,2780.54,404,Hospital,Q4,November
TXN001756,2023-08-21,Central,UAE,Avastin,Oncology,Metro Health,Medium Prescriber,Rep_012,262,87535.01,6748.6,28215.65,52570.76,4796.95,316,Government,Q3,August
TXN001757,2023-12-09,North,USA,Opdivo,Oncology,Mercy General,Non-Prescriber,Rep_022,272,176027.61,31684.97,46271.47,98071.17,13482.03,146,Government,Q4,December
TXN001758,2024-11-25,Central,UAE,Comirnaty,Vaccines,City Medical Center,Low Prescriber,Rep_022,439,294069.84,15950.11,78548.13,199571.6,11109.9,111,Government,Q4,November
TXN001759,2024-10-30,North,USA,Entresto,Cardiology,St. Luke's,Low Prescriber,Rep_038,100,79809.37,14365.69,35423.71,30019.97,5319.44,238,Hospital,Q4,October
TXN001760,2023-10-05,South,Brazil,Avastin,Oncology,Sunrise Clinic,Medium Prescriber,Rep_040,184,115625.74,10886.46,48557.76,56181.52,7846.62,494,Hospital,Q4,October
TXN001761,2023-09-12,Central,UAE,Avastin,Oncology,St. Luke's,Low Prescriber,Rep_021,202,137657.04,13243.35,49209.07,75204.62,2810.3,54,Online Pharmacy,Q3,September
TXN001762,2025-11-16,South,Brazil,Eliquis,Cardiology,City Medical Center,High Prescriber,Rep_021,260,179964.25,16772.76,62969.55,100221.94,8425.26,392,Retail Pharmacy,Q4,November
TXN001763,2025-02-12,North,USA,Avastin,Oncology,Mercy General,Non-Prescriber,Rep_012,563,165053.54,29709.64,65811.39,69532.51,5311.14,140,Retail Pharmacy,Q1,February
TXN001764,2024-06-16,West,Germany,Comirnaty,Vaccines,Cleveland Partners,High Prescriber,Rep_039,150,96659.74,4828.62,24356.09,67475.03,6601.79,282,Hospital,Q2,June
TXN001765,2025-09-02,Central,UAE,Herceptin,Oncology,Metro Health,High Prescriber,Rep_011,192,23212.14,1464.79,7961.56,13785.79,1374.33,261,Government,Q3,September
TXN001766,2023-11-08,East,India,Keytruda,Oncology,Mercy General,Low Prescriber,Rep_025,346,134720.4,9092.83,60413.94,65213.63,3496.14,299,Online Pharmacy,Q4,November
TXN001767,2024-08-12,East,India,Avastin,Oncology,St. Luke's,Medium Prescriber,Rep_021,221,42640.34,3261.56,11498.6,27880.18,3339.19,440,Government,Q3,August
TXN001768,2023-04-28,Central,UAE,Avastin,Oncology,St. Luke's,Non-Prescriber,Rep_005,178,64081.19,4426.61,25169.69,34484.89,1397.51,180,Hospital,Q2,April
TXN001769,2025-08-08,West,Germany,Aduhelm,Neurology,Sunrise Clinic,Low Prescriber,Rep_024,257,45416.47,2400.09,14106.78,28909.6,1202.99,296,Retail Pharmacy,Q3,August
TXN001770,2023-07-09,West,Germany,Keytruda,Oncology,Mercy General,High Prescriber,Rep_036,111,61827.13,4866.11,24470.75,32490.27,3653.1,92,Government,Q3,July
TXN001771,2024-06-14,Central,UAE,Vyepti,Neurology,Cleveland Partners,Medium Prescriber,Rep_032,133,17566.97,1613.05,6879.75,9074.17,605.5,449,Government,Q2,June
TXN001772,2025-09-05,North,USA,Opdivo,Oncology,Metro Health,Non-Prescriber,Rep_020,212,100817.86,18147.21,28708.92,53961.73,3002.66,393,Government,Q3,September
TXN001773,2023-11-05,West,Germany,Opdivo,Oncology,Metro Health,Medium Prescriber,Rep_013,310,174666.8,12605.78,77749.04,84311.98,13321.33,242,Government,Q4,November
TXN001774,2023-06-08,East,India,Keytruda,Oncology,St. Luke's,Medium Prescriber,Rep_040,144,62445.34,3060.18,25941.43,33443.73,1949.72,212,Hospital,Q2,June
TXN001775,2025-05-16,South,Brazil,Brilinta,Cardiology,St. Luke's,High Prescriber,Rep_040,301,107158.31,5643.74,39339.78,62174.79,4081.75,336,Government,Q2,May
TXN001776,2025-04-29,Central,UAE,Herceptin,Oncology,St. Luke's,Low Prescriber,Rep_016,232,178870.5,8430.54,53569.7,116870.26,13707.54,455,Retail Pharmacy,Q2,April
TXN001777,2024-12-22,North,USA,Trulicity,Diabetes,Apollo Hospital,Medium Prescriber,Rep_021,182,114349.22,20582.86,50650.94,43115.42,4063.99,418,Online Pharmacy,Q4,December
TXN001778,2024-12-03,North,USA,Brilinta,Cardiology,Sunrise Clinic,Non-Prescriber,Rep_037,207,55333.83,9960.09,18242.91,27130.83,3897.76,247,Government,Q4,December
TXN001779,2025-05-16,Central,UAE,Herceptin,Oncology,St. Luke's,Non-Prescriber,Rep_012,192,67377.0,5888.17,18549.76,42939.07,4063.54,51,Online Pharmacy,Q2,May
TXN001780,2024-03-06,North,USA,Ozempic,Diabetes,Cleveland Partners,Non-Prescriber,Rep_022,349,91074.63,16393.43,32167.66,42513.54,5837.96,8,Online Pharmacy,Q1,March
TXN001781,2023-11-09,South,Brazil,Comirnaty,Vaccines,Sunrise Clinic,Medium Prescriber,Rep_014,71,12033.3,573.31,4897.26,6562.73,553.76,140,Government,Q4,November
TXN001782,2023-08-06,North,USA,Herceptin,Oncology,Apollo Hospital,Medium Prescriber,Rep_035,194,113544.53,20438.02,43431.33,49675.18,2313.71,113,Retail Pharmacy,Q3,August
TXN001783,2024-04-16,North,USA,Keytruda,Oncology,Sunrise Clinic,Low Prescriber,Rep_038,115,70230.9,12641.56,17622.34,39967.0,2653.53,330,Hospital,Q2,April
TXN001784,2024-05-20,South,Brazil,Brilinta,Cardiology,St. Luke's,Non-Prescriber,Rep_016,127,77204.87,3620.22,28342.79,45241.86,4734.31,113,Government,Q2,May
TXN001785,2024-03-18,East,India,Avastin,Oncology,City Medical Center,Medium Prescriber,Rep_006,382,171735.53,15644.4,47124.57,108966.56,13559.0,55,Hospital,Q1,March
TXN001786,2025-05-27,North,USA,Vyepti,Neurology,Cleveland Partners,Non-Prescriber,Rep_012,234,145205.42,26136.98,53938.26,65130.18,8267.55,405,Government,Q2,May
TXN001787,2024-09-08,East,India,Opdivo,Oncology,Metro Health,Medium Prescriber,Rep_015,157,34287.35,1666.62,9213.12,23407.61,1785.1,274,Government,Q3,September
TXN001788,2024-12-27,West,Germany,Trulicity,Diabetes,Mercy General,Non-Prescriber,Rep_029,251,30642.72,2782.3,8249.34,19611.08,637.09,261,Retail Pharmacy,Q4,December
TXN001789,2025-07-05,Central,UAE,Ozempic,Diabetes,Mercy General,Medium Prescriber,Rep_015,237,138169.35,10372.43,55820.73,71976.19,5743.46,11,Online Pharmacy,Q3,July
TXN001790,2024-05-22,South,Brazil,Avastin,Oncology,City Medical Center,Medium Prescriber,Rep_007,160,115337.37,10238.77,34662.9,70435.7,3234.64,136,Online Pharmacy,Q2,May
TXN001791,2025-01-23,North,USA,Ozempic,Diabetes,Sunrise Clinic,Non-Prescriber,Rep_031,185,133100.38,23958.07,56401.48,52740.83,7248.82,12,Hospital,Q1,January
TXN001792,2023-09-03,North,USA,Opdivo,Oncology,Cleveland Partners,High Prescriber,Rep_038,79,25286.46,4551.56,7956.99,12777.91,1934.55,68,Hospital,Q3,September
TXN001793,2025-05-26,South,Brazil,Trulicity,Diabetes,Cleveland Partners,High Prescriber,Rep_005,307,233064.7,17971.14,60780.83,154312.73,6831.69,229,Government,Q2,May
TXN001794,2025-06-03,South,Brazil,Nurtec,Neurology,St. Luke's,Low Prescriber,Rep_032,74,29395.04,2111.39,9793.49,17490.16,873.59,130,Government,Q2,June
TXN001795,2025-12-12,West,Germany,Keytruda,Oncology,Apollo Hospital,Medium Prescriber,Rep_019,293,62545.58,5929.14,18542.32,38074.12,3240.16,204,Retail Pharmacy,Q4,December
TXN001796,2023-10-09,South,Brazil,Herceptin,Oncology,Sunrise Clinic,Medium Prescriber,Rep_011,147,7561.21,307.95,2763.29,4489.97,523.02,137,Government,Q4,October
TXN001797,2024-07-19,North,USA,Vyepti,Neurology,Sunrise Clinic,Medium Prescriber,Rep_025,76,16361.07,2944.99,4822.5,8593.58,1245.44,244,Online Pharmacy,Q3,July
TXN001798,2023-10-16,North,USA,Vyepti,Neurology,City Medical Center,Low Prescriber,Rep_025,114,31127.81,5603.01,13591.43,11933.37,2417.95,440,Online Pharmacy,Q4,October
TXN001799,2025-11-26,North,USA,Comirnaty,Vaccines,St. Luke's,Medium Prescriber,Rep_021,247,45465.01,8183.7,15760.32,21520.99,3388.04,195,Hospital,Q4,November
TXN001800,2025-08-11,Central,UAE,Eliquis,Cardiology,St. Luke's,Non-Prescriber,Rep_011,239,173523.91,8748.71,48786.36,115988.84,5022.74,267,Government,Q3,August
TXN001801,2024-04-04,North,USA,Keytruda,Oncology,Apollo Hospital,Low Prescriber,Rep_015,386,36161.48,6509.07,13114.97,16537.44,2453.6,109,Hospital,Q2,April
TXN001802,2024-06-12,North,USA,Aduhelm,Neurology,City Medical Center,Medium Prescriber,Rep_030,238,185489.3,33388.07,81485.67,70615.56,6281.81,126,Retail Pharmacy,Q2,June
TXN001803,2023-03-17,East,India,Vyepti,Neurology,St. Luke's,Non-Prescriber,Rep_034,270,199939.41,12797.65,75564.62,111577.14,4034.54,163,Online Pharmacy,Q1,March
TXN001804,2025-03-28,East,India,Ozempic,Diabetes,Metro Health,Low Prescriber,Rep_025,120,82933.49,7585.43,31697.79,43650.27,3175.3,21,Online Pharmacy,Q1,March
TXN001805,2023-09-14,North,USA,Prevnar,Vaccines,Cleveland Partners,Non-Prescriber,Rep_038,236,121697.48,21905.55,40407.21,59384.72,3495.76,360,Hospital,Q3,September
TXN001806,2025-08-18,West,Germany,Nurtec,Neurology,St. Luke's,High Prescriber,Rep_026,488,71327.23,2636.72,29485.85,39204.66,4836.28,251,Hospital,Q3,August
TXN001807,2024-06-07,East,India,Brilinta,Cardiology,Cleveland Partners,Medium Prescriber,Rep_003,296,102961.31,3602.17,35041.31,64317.83,8053.67,338,Retail Pharmacy,Q2,June
TXN001808,2025-11-25,North,USA,Eliquis,Cardiology,City Medical Center,Non-Prescriber,Rep_036,399,63819.58,11487.52,24328.93,28003.13,3413.46,429,Hospital,Q4,November
TXN001809,2023-02-04,East,India,Herceptin,Oncology,Mercy General,Medium Prescriber,Rep_027,219,174153.75,7460.2,68292.91,98400.64,5103.33,293,Retail Pharmacy,Q1,February
TXN001810,2024-01-02,East,India,Avastin,Oncology,Cleveland Partners,Non-Prescriber,Rep_017,202,160427.27,12076.0,43674.44,104676.83,11322.3,484,Retail Pharmacy,Q1,January
TXN001811,2023-03-15,Central,UAE,Prevnar,Vaccines,Metro Health,High Prescriber,Rep_013,270,94827.76,5587.97,33024.2,56215.59,2848.85,253,Hospital,Q1,March
TXN001812,2024-08-17,Central,UAE,Avastin,Oncology,St. Luke's,Non-Prescriber,Rep_027,251,72671.72,5462.84,20303.58,46905.3,2944.34,459,Government,Q3,August
TXN001813,2024-10-04,South,Brazil,Aduhelm,Neurology,City Medical Center,Medium Prescriber,Rep_005,199,17226.37,1074.6,4949.76,11202.01,1213.33,427,Hospital,Q4,October
TXN001814,2023-11-14,North,USA,Shingrix,Vaccines,Mercy General,Non-Prescriber,Rep_016,211,20738.78,3732.98,6913.59,10092.21,1253.75,110,Hospital,Q4,November
TXN001815,2024-02-23,Central,UAE,Ozempic,Diabetes,City Medical Center,Low Prescriber,Rep_028,271,96121.18,8388.17,27530.41,60202.6,2246.69,38,Retail Pharmacy,Q1,February
TXN001816,2025-11-29,West,Germany,Opdivo,Oncology,Sunrise Clinic,Non-Prescriber,Rep_012,384,218469.57,8615.46,78247.85,131606.26,16451.25,62,Government,Q4,November
TXN001817,2025-01-19,North,USA,Brilinta,Cardiology,Metro Health,Low Prescriber,Rep_017,237,185023.78,33304.28,55199.78,96519.72,9407.04,290,Hospital,Q1,January
TXN001818,2024-02-03,Central,UAE,Aduhelm,Neurology,Cleveland Partners,Non-Prescriber,Rep_018,286,171287.69,10404.47,45553.57,115329.65,9822.77,73,Online Pharmacy,Q1,February
TXN001819,2025-09-16,East,India,Ozempic,Diabetes,Mercy General,High Prescriber,Rep_038,553,363599.66,30300.45,146240.37,187058.84,16702.91,30,Government,Q3,September
TXN001820,2023-11-20,Central,UAE,Trulicity,Diabetes,St. Luke's,Non-Prescriber,Rep_031,422,147953.59,7871.93,65843.57,74238.09,9285.21,220,Government,Q4,November
TXN001821,2024-02-29,North,USA,Avastin,Oncology,City Medical Center,Low Prescriber,Rep_039,291,78941.91,14209.54,34464.59,30267.78,1914.23,198,Hospital,Q1,February
TXN001822,2023-03-13,West,Germany,Herceptin,Oncology,St. Luke's,Non-Prescriber,Rep_035,240,182971.79,10396.11,67764.94,104810.74,8603.09,354,Hospital,Q1,March
TXN001823,2023-09-13,North,USA,Entresto,Cardiology,St. Luke's,Medium Prescriber,Rep_036,184,38608.96,6949.61,11760.86,19898.49,1239.15,183,Hospital,Q3,September
TXN001824,2025-09-29,South,Brazil,Trulicity,Diabetes,City Medical Center,High Prescriber,Rep_012,181,86025.13,4543.13,28576.94,52905.06,3360.54,311,Retail Pharmacy,Q3,September
TXN001825,2025-01-11,East,India,Jardiance,Diabetes,Sunrise Clinic,High Prescriber,Rep_029,396,23568.11,1316.91,7104.68,15146.52,1274.61,334,Retail Pharmacy,Q1,January
TXN001826,2025-09-14,East,India,Vyepti,Neurology,City Medical Center,Medium Prescriber,Rep_022,247,13432.16,492.83,3914.91,9024.42,549.15,293,Online Pharmacy,Q3,September
TXN001827,2024-06-25,West,Germany,Brilinta,Cardiology,Metro Health,High Prescriber,Rep_001,127,26733.77,1148.08,6865.5,18720.19,1050.07,263,Government,Q2,June
TXN001828,2024-10-27,South,Brazil,Eliquis,Cardiology,St. Luke's,Medium Prescriber,Rep_037,297,96254.91,3373.02,30791.62,62090.27,5851.09,366,Government,Q4,October
TXN001829,2023-05-08,East,India,Brilinta,Cardiology,Mercy General,Low Prescriber,Rep_013,506,164401.57,16211.14,58931.39,89259.04,5679.77,136,Hospital,Q2,May
TXN001830,2024-11-18,North,USA,Eliquis,Cardiology,Metro Health,Low Prescriber,Rep_008,75,10444.05,1879.93,3599.23,4964.89,388.24,452,Government,Q4,November
TXN001831,2025-09-07,East,India,Eliquis,Cardiology,Metro Health,High Prescriber,Rep_029,176,22668.78,2093.87,7642.36,12932.55,1704.27,368,Online Pharmacy,Q3,September
TXN001832,2024-02-25,West,Germany,Brilinta,Cardiology,Metro Health,Non-Prescriber,Rep_008,426,141146.91,11641.8,41861.48,87643.63,7187.55,377,Online Pharmacy,Q1,February
TXN001833,2024-09-28,North,USA,Comirnaty,Vaccines,Cleveland Partners,Low Prescriber,Rep_020,252,149179.99,26852.4,52391.07,69936.52,6523.99,227,Online Pharmacy,Q3,September
TXN001834,2025-09-04,South,Brazil,Aduhelm,Neurology,St. Luke's,Low Prescriber,Rep_006,151,117644.51,4325.28,41451.76,71867.47,6307.22,112,Retail Pharmacy,Q3,September
TXN001835,2025-08-14,North,USA,Comirnaty,Vaccines,St. Luke's,Low Prescriber,Rep_030,235,108759.66,19576.74,42295.0,46887.92,8493.87,402,Retail Pharmacy,Q3,August
TXN001836,2024-01-06,North,USA,Nurtec,Neurology,Apollo Hospital,High Prescriber,Rep_035,225,11939.45,2149.1,3830.58,5959.77,322.0,243,Government,Q1,January
TXN001837,2025-12-05,Central,UAE,Entresto,Cardiology,Cleveland Partners,Low Prescriber,Rep_035,78,48703.97,4624.63,21430.41,22648.93,2934.06,234,Government,Q4,December
TXN001838,2025-10-25,West,Germany,Eliquis,Cardiology,Cleveland Partners,Non-Prescriber,Rep_008,324,249810.92,23900.39,97213.67,128696.86,9860.94,148,Hospital,Q4,October
TXN001839,2024-04-16,East,India,Entresto,Cardiology,Metro Health,Medium Prescriber,Rep_038,701,50489.33,4347.87,16565.71,29575.75,3266.43,476,Hospital,Q2,April
TXN001840,2023-01-30,North,USA,Opdivo,Oncology,St. Luke's,Low Prescriber,Rep_019,148,48152.89,8667.52,18518.58,20966.79,1647.61,365,Government,Q1,January
TXN001841,2023-01-19,East,India,Ozempic,Diabetes,St. Luke's,High Prescriber,Rep_029,152,68387.19,2840.41,22971.14,42575.64,3044.79,30,Hospital,Q1,January
TXN001842,2024-05-03,West,Germany,Comirnaty,Vaccines,St. Luke's,Low Prescriber,Rep_014,527,194743.93,13123.48,53518.85,128101.6,13343.43,116,Government,Q2,May
TXN001843,2024-11-16,East,India,Brilinta,Cardiology,Cleveland Partners,Low Prescriber,Rep_008,151,46377.21,2366.05,17949.64,26061.52,3169.0,220,Government,Q4,November
TXN001844,2024-08-24,West,Germany,Keytruda,Oncology,City Medical Center,Low Prescriber,Rep_013,257,39353.04,2059.46,12782.37,24511.21,1529.65,438,Online Pharmacy,Q3,August
TXN001845,2023-01-19,North,USA,Herceptin,Oncology,Sunrise Clinic,Low Prescriber,Rep_035,117,68075.42,12253.58,30249.98,25571.86,2022.69,78,Hospital,Q1,January
TXN001846,2023-03-23,West,Germany,Trulicity,Diabetes,Sunrise Clinic,Medium Prescriber,Rep_023,387,135217.95,5824.51,38793.31,90600.13,6944.16,352,Retail Pharmacy,Q1,March
TXN001847,2024-05-27,North,USA,Nurtec,Neurology,City Medical Center,Medium Prescriber,Rep_040,137,37592.34,6766.62,10413.04,20412.68,1704.95,90,Online Pharmacy,Q2,May
TXN001848,2025-12-03,North,USA,Brilinta,Cardiology,Cleveland Partners,Low Prescriber,Rep_039,321,98107.68,17659.38,38769.69,41678.61,5985.54,328,Online Pharmacy,Q4,December
TXN001849,2023-12-17,South,Brazil,Ozempic,Diabetes,City Medical Center,Medium Prescriber,Rep_009,118,70092.05,4462.36,25323.62,40306.07,4940.14,12,Government,Q4,December
TXN001850,2023-02-16,North,USA,Ozempic,Diabetes,Apollo Hospital,Low Prescriber,Rep_014,343,190659.31,34318.68,47796.93,108543.7,9242.53,12,Government,Q1,February
TXN001851,2023-10-23,North,USA,Aduhelm,Neurology,Mercy General,Non-Prescriber,Rep_006,179,138563.84,24941.49,40285.96,73336.39,4367.83,64,Hospital,Q4,October
TXN001852,2024-05-11,South,Brazil,Entresto,Cardiology,Mercy General,Medium Prescriber,Rep_021,211,142230.85,8872.1,47920.7,85438.05,8807.88,371,Government,Q2,May
TXN001853,2024-08-14,North,USA,Keytruda,Oncology,City Medical Center,Medium Prescriber,Rep_032,265,69351.37,12483.25,21154.79,35713.33,4706.7,488,Hospital,Q3,August
TXN001854,2023-11-07,East,India,Vyepti,Neurology,Mercy General,Medium Prescriber,Rep_004,74,54066.6,4974.54,22041.09,27050.97,2622.84,188,Hospital,Q4,November
TXN001855,2024-07-30,East,India,Opdivo,Oncology,St. Luke's,Non-Prescriber,Rep_016,501,188273.88,8418.49,80027.89,99827.5,9277.7,151,Online Pharmacy,Q3,July
TXN001856,2024-01-04,North,USA,Shingrix,Vaccines,City Medical Center,Medium Prescriber,Rep_036,153,39231.49,7061.67,16243.99,15925.83,1510.18,494,Hospital,Q1,January
TXN001857,2024-11-16,North,USA,Keytruda,Oncology,Cleveland Partners,High Prescriber,Rep_022,212,107519.39,19353.49,39963.0,48202.9,7949.59,135,Retail Pharmacy,Q4,November
TXN001858,2024-03-09,North,USA,Keytruda,Oncology,Apollo Hospital,Medium Prescriber,Rep_008,218,154106.63,27739.19,42190.12,84177.32,10113.25,344,Retail Pharmacy,Q1,March
TXN001859,2024-05-27,South,Brazil,Aduhelm,Neurology,Mercy General,Low Prescriber,Rep_004,322,18938.17,1479.93,5943.04,11515.2,633.54,410,Retail Pharmacy,Q2,May
TXN001860,2023-08-12,South,Brazil,Entresto,Cardiology,Cleveland Partners,High Prescriber,Rep_004,345,46544.3,2073.09,20596.12,23875.09,3604.37,129,Retail Pharmacy,Q3,August
TXN001861,2025-02-15,North,USA,Vyepti,Neurology,City Medical Center,Medium Prescriber,Rep_033,267,98815.89,17786.86,31749.17,49279.86,7893.16,289,Hospital,Q1,February
TXN001862,2025-03-26,North,USA,Entresto,Cardiology,City Medical Center,High Prescriber,Rep_033,197,55835.54,10050.4,19639.41,26145.73,1312.13,119,Government,Q1,March
TXN001863,2024-04-05,East,India,Keytruda,Oncology,St. Luke's,Non-Prescriber,Rep_037,107,62927.54,4163.44,15828.03,42936.07,1554.28,374,Online Pharmacy,Q2,April
TXN001864,2025-11-14,East,India,Entresto,Cardiology,Cleveland Partners,High Prescriber,Rep_001,177,91735.91,3174.79,34767.37,53793.75,7251.47,445,Online Pharmacy,Q4,November
TXN001865,2025-01-26,North,USA,Entresto,Cardiology,St. Luke's,Non-Prescriber,Rep_011,234,90943.2,16369.78,36724.63,37848.79,5976.84,282,Hospital,Q1,January
TXN001866,2025-12-26,North,USA,Aduhelm,Neurology,Apollo Hospital,Medium Prescriber,Rep_038,125,70525.64,12694.62,22151.19,35679.83,3776.4,175,Retail Pharmacy,Q4,December
TXN001867,2025-12-11,West,Germany,Opdivo,Oncology,Cleveland Partners,Medium Prescriber,Rep_005,166,122326.38,7022.13,50674.11,64630.14,3894.61,71,Government,Q4,December
TXN001868,2025-01-18,North,USA,Opdivo,Oncology,Sunrise Clinic,Low Prescriber,Rep_003,165,23102.72,4158.49,10068.95,8875.28,842.87,289,Online Pharmacy,Q1,January
TXN001869,2023-08-27,North,USA,Avastin,Oncology,City Medical Center,Low Prescriber,Rep_025,263,196464.39,35363.59,67562.87,93537.93,13975.9,55,Retail Pharmacy,Q3,August
TXN001870,2025-12-14,Central,UAE,Avastin,Oncology,St. Luke's,Medium Prescriber,Rep_002,396,199728.71,16130.78,59073.09,124524.84,5862.72,153,Online Pharmacy,Q4,December
TXN001871,2024-07-02,South,Brazil,Entresto,Cardiology,City Medical Center,Non-Prescriber,Rep_025,253,20044.58,684.28,5375.79,13984.51,1335.09,135,Hospital,Q3,July
TXN001872,2025-01-21,South,Brazil,Nurtec,Neurology,Sunrise Clinic,Non-Prescriber,Rep_009,220,152424.13,13778.32,53922.56,84723.25,6226.25,337,Online Pharmacy,Q1,January
TXN001873,2025-05-12,South,Brazil,Comirnaty,Vaccines,City Medical Center,High Prescriber,Rep_031,403,127138.68,5237.49,48270.6,73630.59,7897.62,276,Government,Q2,May
TXN001874,2024-10-17,Central,UAE,Nurtec,Neurology,Cleveland Partners,High Prescriber,Rep_025,127,59729.2,2099.86,21441.05,36188.29,3175.31,443,Government,Q4,October
TXN001875,2025-05-19,East,India,Nurtec,Neurology,Sunrise Clinic,Medium Prescriber,Rep_009,370,63987.02,4915.23,24751.72,34320.07,2381.31,62,Government,Q2,May
TXN001876,2025-12-22,North,USA,Opdivo,Oncology,Mercy General,Low Prescriber,Rep_029,212,132114.72,23780.65,41477.37,66856.7,10185.55,340,Retail Pharmacy,Q4,December
TXN001877,2025-07-06,South,Brazil,Avastin,Oncology,Apollo Hospital,Non-Prescriber,Rep_005,445,261481.34,18425.66,115671.26,127384.42,11274.32,455,Hospital,Q3,July
TXN001878,2025-03-21,North,USA,Comirnaty,Vaccines,Metro Health,Medium Prescriber,Rep_023,300,111716.7,20109.01,41562.7,50044.99,8326.37,255,Hospital,Q1,March
TXN001879,2024-02-18,North,USA,Keytruda,Oncology,City Medical Center,Low Prescriber,Rep_032,239,89604.44,16128.8,35840.3,37635.34,4258.79,123,Hospital,Q1,February
TXN001880,2025-12-01,North,USA,Brilinta,Cardiology,Metro Health,Low Prescriber,Rep_018,188,56468.56,10164.34,20416.09,25888.13,2301.51,237,Online Pharmacy,Q4,December
TXN001881,2025-08-22,West,Germany,Ozempic,Diabetes,Metro Health,Medium Prescriber,Rep_027,119,77554.41,7607.07,29150.38,40796.96,5620.09,5,Retail Pharmacy,Q3,August
TXN001882,2023-11-16,North,USA,Entresto,Cardiology,Cleveland Partners,Non-Prescriber,Rep_034,549,178514.96,32132.69,66350.0,80032.27,12888.64,417,Hospital,Q4,November
TXN001883,2023-06-21,West,Germany,Shingrix,Vaccines,Apollo Hospital,Medium Prescriber,Rep_002,241,30396.28,916.67,7892.01,21587.6,2370.84,106,Online Pharmacy,Q2,June
TXN001884,2023-12-21,East,India,Prevnar,Vaccines,Metro Health,High Prescriber,Rep_021,402,221493.74,10315.86,75070.63,136107.25,12845.58,336,Hospital,Q4,December
TXN001885,2024-02-03,West,Germany,Eliquis,Cardiology,Mercy General,Low Prescriber,Rep_026,340,33831.62,2907.49,9523.27,21400.86,1055.22,490,Retail Pharmacy,Q1,February
TXN001886,2025-07-28,West,Germany,Brilinta,Cardiology,Metro Health,High Prescriber,Rep_019,483,311522.3,24508.94,79880.99,207132.37,17252.44,206,Hospital,Q3,July
TXN001887,2024-03-09,North,USA,Comirnaty,Vaccines,St. Luke's,Medium Prescriber,Rep_009,423,284041.74,51127.51,112122.43,120791.8,21374.7,196,Government,Q1,March
TXN001888,2023-05-03,South,Brazil,Eliquis,Cardiology,St. Luke's,Medium Prescriber,Rep_038,230,122357.27,11708.39,54627.59,56021.29,9398.64,420,Retail Pharmacy,Q2,May
TXN001889,2025-02-15,North,USA,Avastin,Oncology,City Medical Center,High Prescriber,Rep_026,256,193018.17,34743.27,52391.02,105883.88,5463.08,211,Government,Q1,February
TXN001890,2025-06-28,Central,UAE,Prevnar,Vaccines,Mercy General,Low Prescriber,Rep_019,692,406251.49,17738.82,164033.14,224479.53,10057.15,345,Online Pharmacy,Q2,June
TXN001891,2025-11-29,North,USA,Comirnaty,Vaccines,City Medical Center,Non-Prescriber,Rep_036,297,57060.0,10270.8,24151.69,22637.51,3623.79,145,Hospital,Q4,November
TXN001892,2025-12-02,North,USA,Eliquis,Cardiology,Apollo Hospital,High Prescriber,Rep_014,451,68338.06,12300.85,28428.55,27608.66,2478.83,262,Retail Pharmacy,Q4,December
TXN001893,2023-06-17,North,USA,Jardiance,Diabetes,Apollo Hospital,Low Prescriber,Rep_016,298,50637.06,9114.67,16751.92,24770.47,2699.9,63,Government,Q2,June
TXN001894,2023-08-19,East,India,Vyepti,Neurology,Sunrise Clinic,High Prescriber,Rep_021,128,57242.07,3268.58,22331.53,31641.96,3149.16,86,Retail Pharmacy,Q3,August
TXN001895,2024-08-22,South,Brazil,Trulicity,Diabetes,City Medical Center,High Prescriber,Rep_020,186,122866.53,8030.29,40523.89,74312.35,9206.03,153,Retail Pharmacy,Q3,August
TXN001896,2023-04-30,Central,UAE,Comirnaty,Vaccines,St. Luke's,Non-Prescriber,Rep_028,323,78699.67,7708.23,29078.08,41913.36,1607.46,65,Online Pharmacy,Q2,April
TXN001897,2025-08-29,East,India,Ozempic,Diabetes,St. Luke's,Non-Prescriber,Rep_012,128,72561.45,7101.67,28956.7,36503.08,3590.41,26,Retail Pharmacy,Q3,August
TXN001898,2024-12-17,South,Brazil,Avastin,Oncology,City Medical Center,Medium Prescriber,Rep_025,403,166349.42,16129.65,69526.87,80692.9,12725.37,412,Hospital,Q4,December
TXN001899,2025-12-18,Central,UAE,Shingrix,Vaccines,Sunrise Clinic,High Prescriber,Rep_003,255,101689.69,7754.57,25913.4,68021.72,3558.32,246,Online Pharmacy,Q4,December
TXN001900,2025-06-23,West,Germany,Eliquis,Cardiology,Mercy General,Medium Prescriber,Rep_040,313,175222.86,8854.53,71679.58,94688.75,7732.62,349,Online Pharmacy,Q2,June
TXN001901,2023-01-11,North,USA,Herceptin,Oncology,St. Luke's,Non-Prescriber,Rep_015,104,76583.29,13784.99,33440.45,29357.85,4271.82,265,Online Pharmacy,Q1,January
TXN001902,2023-04-03,Central,UAE,Trulicity,Diabetes,St. Luke's,Medium Prescriber,Rep_032,193,41962.53,1454.05,12764.34,27744.14,1840.64,248,Government,Q2,April
TXN001903,2025-01-02,South,Brazil,Ozempic,Diabetes,Apollo Hospital,Medium Prescriber,Rep_022,179,129342.46,6066.65,50598.14,72677.67,4933.37,6,Government,Q1,January
TXN001904,2025-06-14,South,Brazil,Aduhelm,Neurology,City Medical Center,High Prescriber,Rep_025,248,168514.41,14228.19,60194.78,94091.44,4562.19,343,Hospital,Q2,June
TXN001905,2024-09-05,South,Brazil,Eliquis,Cardiology,Apollo Hospital,High Prescriber,Rep_026,174,23722.11,1427.66,6936.96,15357.49,892.25,262,Government,Q3,September
TXN001906,2023-04-20,East,India,Herceptin,Oncology,Apollo Hospital,Non-Prescriber,Rep_019,211,78205.38,2684.5,32298.31,43222.57,3178.63,461,Government,Q2,April
TXN001907,2024-08-09,South,Brazil,Keytruda,Oncology,Metro Health,High Prescriber,Rep_017,194,65632.85,2396.76,20384.18,42851.91,3273.81,133,Hospital,Q3,August
TXN001908,2023-06-22,North,USA,Entresto,Cardiology,City Medical Center,High Prescriber,Rep_017,185,131690.1,23704.22,37826.94,70158.94,10476.16,414,Hospital,Q2,June
TXN001909,2024-05-19,East,India,Jardiance,Diabetes,Mercy General,High Prescriber,Rep_013,234,32859.86,2328.86,14649.38,15881.62,1784.85,477,Hospital,Q2,May
TXN001910,2024-10-15,East,India,Vyepti,Neurology,St. Luke's,High Prescriber,Rep_014,217,163228.66,6181.9,45077.93,111968.83,11515.07,429,Hospital,Q4,October
TXN001911,2023-11-03,West,Germany,Vyepti,Neurology,Mercy General,High Prescriber,Rep_032,188,121780.01,7422.18,43642.81,70715.02,6874.04,349,Online Pharmacy,Q4,November
TXN001912,2024-03-18,East,India,Avastin,Oncology,Metro Health,Non-Prescriber,Rep_033,264,173629.19,6905.03,70614.3,96109.86,13882.8,432,Online Pharmacy,Q1,March
TXN001913,2024-03-08,South,Brazil,Vyepti,Neurology,Sunrise Clinic,High Prescriber,Rep_024,148,36819.83,2095.43,9333.2,25391.2,1582.05,413,Government,Q1,March
TXN001914,2024-07-02,South,Brazil,Opdivo,Oncology,Sunrise Clinic,Low Prescriber,Rep_015,194,145302.98,4777.91,56191.22,84333.85,10325.46,481,Retail Pharmacy,Q3,July
TXN001915,2025-10-06,North,USA,Entresto,Cardiology,Cleveland Partners,Low Prescriber,Rep_023,225,175216.02,31538.88,66756.63,76920.51,6530.37,158,Retail Pharmacy,Q4,October
TXN001916,2023-11-21,East,India,Keytruda,Oncology,Apollo Hospital,High Prescriber,Rep_005,115,88885.41,6320.12,27624.73,54940.56,3812.4,129,Hospital,Q4,November
TXN001917,2024-01-20,North,USA,Trulicity,Diabetes,Cleveland Partners,Low Prescriber,Rep_021,162,58355.39,10503.97,22922.57,24928.85,4215.34,132,Government,Q1,January
TXN001918,2025-04-06,West,Germany,Entresto,Cardiology,Cleveland Partners,Medium Prescriber,Rep_037,148,81824.71,7473.54,34273.53,40077.64,2643.9,424,Retail Pharmacy,Q2,April
TXN001919,2023-04-15,East,India,Vyepti,Neurology,St. Luke's,Non-Prescriber,Rep_030,178,112283.96,6256.19,31720.33,74307.44,3939.81,146,Hospital,Q2,April
TXN001920,2024-02-27,West,Germany,Brilinta,Cardiology,City Medical Center,Medium Prescriber,Rep_016,352,264339.9,23317.7,118518.3,122503.9,15169.31,400,Hospital,Q1,February
TXN001921,2024-04-02,North,USA,Brilinta,Cardiology,City Medical Center,High Prescriber,Rep_032,294,137955.01,24831.9,58924.98,54198.13,7552.28,152,Retail Pharmacy,Q2,April
TXN001922,2024-10-08,East,India,Nurtec,Neurology,Cleveland Partners,Low Prescriber,Rep_038,72,20837.01,1254.0,5427.46,14155.55,1657.63,278,Retail Pharmacy,Q4,October
TXN001923,2024-05-12,Central,UAE,Jardiance,Diabetes,Sunrise Clinic,High Prescriber,Rep_033,284,154298.0,12905.62,56239.12,85153.26,11350.92,174,Hospital,Q2,May
TXN001924,2023-11-21,East,India,Opdivo,Oncology,Mercy General,Low Prescriber,Rep_015,218,69645.75,6125.26,27695.85,35824.64,5112.79,480,Online Pharmacy,Q4,November
TXN001925,2025-11-25,South,Brazil,Aduhelm,Neurology,City Medical Center,Medium Prescriber,Rep_022,441,213065.17,17465.96,63273.37,132325.84,8011.18,306,Hospital,Q4,November
TXN001926,2024-08-28,Central,UAE,Aduhelm,Neurology,City Medical Center,High Prescriber,Rep_033,175,57515.54,5676.22,15589.85,36249.47,3091.02,52,Government,Q3,August
TXN001927,2024-05-01,North,USA,Herceptin,Oncology,St. Luke's,High Prescriber,Rep_024,181,10199.05,1835.83,4525.14,3838.08,566.34,373,Government,Q2,May
TXN001928,2023-05-18,North,USA,Brilinta,Cardiology,Sunrise Clinic,High Prescriber,Rep_025,303,60106.18,10819.11,20774.23,28512.84,2808.71,282,Hospital,Q2,May
TXN001929,2023-08-11,South,Brazil,Jardiance,Diabetes,Metro Health,Non-Prescriber,Rep_039,335,48719.85,1706.76,18938.24,28074.85,2418.67,327,Government,Q3,August
TXN001930,2024-12-19,Central,UAE,Entresto,Cardiology,Mercy General,High Prescriber,Rep_022,240,102639.39,7093.4,30588.51,64957.48,5482.13,390,Government,Q4,December
TXN001931,2024-12-30,North,USA,Jardiance,Diabetes,Mercy General,Low Prescriber,Rep_031,194,49262.04,8867.17,20797.09,19597.78,2902.29,409,Online Pharmacy,Q4,December
TXN001932,2025-02-13,Central,UAE,Keytruda,Oncology,City Medical Center,High Prescriber,Rep_036,198,66437.05,5097.51,29561.93,31777.61,3746.09,374,Hospital,Q1,February
TXN001933,2023-05-05,Central,UAE,Entresto,Cardiology,Cleveland Partners,Non-Prescriber,Rep_026,129,21467.67,836.72,6104.4,14526.55,442.51,436,Government,Q2,May
TXN001934,2023-09-06,South,Brazil,Eliquis,Cardiology,Cleveland Partners,High Prescriber,Rep_026,274,149936.08,9771.06,47522.04,92642.98,10434.06,377,Hospital,Q3,September
TXN001935,2023-03-20,East,India,Entresto,Cardiology,Apollo Hospital,Low Prescriber,Rep_023,177,88824.52,3887.68,25422.71,59514.13,4722.78,457,Hospital,Q1,March
TXN001936,2023-07-21,East,India,Eliquis,Cardiology,City Medical Center,Medium Prescriber,Rep_030,165,120230.47,7945.97,46190.88,66093.62,2889.18,74,Hospital,Q3,July
TXN001937,2025-04-13,East,India,Jardiance,Diabetes,Metro Health,Medium Prescriber,Rep_012,356,95416.85,5658.64,32350.12,57408.09,7121.26,96,Retail Pharmacy,Q2,April
TXN001938,2024-09-10,East,India,Nurtec,Neurology,Sunrise Clinic,Medium Prescriber,Rep_012,110,23211.32,1428.92,9021.69,12760.71,1631.24,481,Hospital,Q3,September
TXN001939,2024-05-30,North,USA,Opdivo,Oncology,Sunrise Clinic,Non-Prescriber,Rep_021,224,118275.5,21289.59,42240.09,54745.82,6594.83,262,Hospital,Q2,May
TXN001940,2024-10-01,North,USA,Shingrix,Vaccines,Metro Health,High Prescriber,Rep_029,150,15479.75,2786.36,5199.79,7493.6,998.47,171,Retail Pharmacy,Q4,October
TXN001941,2024-08-08,Central,UAE,Jardiance,Diabetes,City Medical Center,Non-Prescriber,Rep_036,139,28083.21,2431.21,9093.18,16558.82,2222.49,215,Government,Q3,August
TXN001942,2025-08-05,Central,UAE,Prevnar,Vaccines,City Medical Center,Low Prescriber,Rep_008,163,77025.92,6385.78,32501.54,38138.6,3787.03,328,Government,Q3,August
TXN001943,2024-11-15,South,Brazil,Opdivo,Oncology,Apollo Hospital,Non-Prescriber,Rep_024,215,110311.16,9914.8,31244.33,69152.03,8168.81,320,Hospital,Q4,November
TXN001944,2024-05-10,Central,UAE,Prevnar,Vaccines,Metro Health,High Prescriber,Rep_004,109,50909.04,3777.86,22799.97,24331.21,3820.92,228,Government,Q2,May
TXN001945,2025-11-26,North,USA,Entresto,Cardiology,Apollo Hospital,Low Prescriber,Rep_023,246,182198.96,32795.81,60462.3,88940.85,6742.59,94,Retail Pharmacy,Q4,November
TXN001946,2023-03-02,East,India,Nurtec,Neurology,Metro Health,Medium Prescriber,Rep_023,347,29314.31,2709.22,9567.59,17037.5,1841.96,343,Government,Q1,March
TXN001947,2024-07-31,East,India,Trulicity,Diabetes,St. Luke's,Low Prescriber,Rep_009,243,15242.68,924.34,5849.54,8468.8,503.85,376,Online Pharmacy,Q3,July
TXN001948,2025-10-25,East,India,Keytruda,Oncology,Apollo Hospital,Low Prescriber,Rep_027,509,303671.77,13980.45,134018.55,155672.77,6533.58,199,Hospital,Q4,October
TXN001949,2024-08-25,South,Brazil,Nurtec,Neurology,Metro Health,Low Prescriber,Rep_017,334,198403.97,12774.44,89268.29,96361.24,13212.7,486,Government,Q3,August
TXN001950,2024-06-01,Central,UAE,Prevnar,Vaccines,City Medical Center,High Prescriber,Rep_017,174,46418.95,4620.56,13733.78,28064.61,1507.99,295,Retail Pharmacy,Q2,June
TXN001951,2025-11-27,East,India,Keytruda,Oncology,Metro Health,Medium Prescriber,Rep_029,406,136264.53,4157.31,40941.32,91165.9,7903.46,82,Online Pharmacy,Q4,November
TXN001952,2025-08-30,West,Germany,Opdivo,Oncology,St. Luke's,Medium Prescriber,Rep_020,120,63625.68,5214.28,19626.51,38784.89,2520.27,228,Online Pharmacy,Q3,August
TXN001953,2024-06-24,South,Brazil,Avastin,Oncology,Metro Health,Medium Prescriber,Rep_014,420,274419.98,20165.35,83995.98,170258.65,17587.94,67,Government,Q2,June
TXN001954,2023-11-06,East,India,Keytruda,Oncology,Apollo Hospital,High Prescriber,Rep_018,169,101586.77,3502.77,33497.33,64586.67,2556.98,212,Government,Q4,November
TXN001955,2023-01-12,North,USA,Aduhelm,Neurology,Metro Health,Non-Prescriber,Rep_022,315,157147.03,28286.47,55869.3,72991.26,5905.56,168,Government,Q1,January
TXN001956,2024-06-28,North,USA,Brilinta,Cardiology,Metro Health,Low Prescriber,Rep_020,291,197012.0,35462.16,57585.5,103964.34,7317.55,441,Retail Pharmacy,Q2,June
TXN001957,2024-10-07,North,USA,Eliquis,Cardiology,Apollo Hospital,Medium Prescriber,Rep_004,171,9319.6,1677.53,2731.85,4910.22,577.85,396,Government,Q4,October
TXN001958,2024-10-22,North,USA,Keytruda,Oncology,Apollo Hospital,Medium Prescriber,Rep_008,65,49371.88,8886.94,19029.11,21455.83,3213.5,355,Online Pharmacy,Q4,October
TXN001959,2024-03-03,East,India,Ozempic,Diabetes,City Medical Center,Medium Prescriber,Rep_011,165,85510.89,4325.25,24081.57,57104.07,6357.7,29,Government,Q1,March
TXN001960,2025-08-10,West,Germany,Trulicity,Diabetes,Sunrise Clinic,High Prescriber,Rep_036,131,83702.97,7531.34,23334.02,52837.61,2394.07,187,Hospital,Q3,August
TXN001961,2025-12-22,West,Germany,Avastin,Oncology,Sunrise Clinic,Low Prescriber,Rep_035,613,444334.3,27036.76,194810.74,222486.8,20410.92,351,Government,Q4,December
TXN001962,2023-02-16,East,India,Aduhelm,Neurology,Apollo Hospital,High Prescriber,Rep_014,275,165599.79,6867.04,52801.17,105931.58,9934.12,471,Hospital,Q1,February
TXN001963,2023-06-15,North,USA,Eliquis,Cardiology,City Medical Center,Low Prescriber,Rep_028,68,27179.1,4892.24,10417.73,11869.13,1171.41,411,Retail Pharmacy,Q2,June
TXN001964,2024-01-20,East,India,Trulicity,Diabetes,Apollo Hospital,Low Prescriber,Rep_015,299,107890.9,7696.33,28173.9,72020.67,8539.14,410,Hospital,Q1,January
TXN001965,2024-10-23,East,India,Keytruda,Oncology,St. Luke's,Medium Prescriber,Rep_029,244,131454.88,8395.44,51194.66,71864.78,9360.3,138,Government,Q4,October
TXN001966,2024-05-25,Central,UAE,Keytruda,Oncology,Sunrise Clinic,Medium Prescriber,Rep_028,99,77057.8,3231.87,31173.71,42652.22,3422.15,212,Government,Q2,May
TXN001967,2024-10-03,South,Brazil,Opdivo,Oncology,City Medical Center,Low Prescriber,Rep_038,163,33804.87,1999.79,14722.95,17082.13,1825.03,455,Online Pharmacy,Q4,October
TXN001968,2025-04-28,North,USA,Aduhelm,Neurology,St. Luke's,Non-Prescriber,Rep_037,457,114815.2,20666.74,51184.28,42964.18,8206.27,385,Hospital,Q2,April
TXN001969,2023-11-21,West,Germany,Herceptin,Oncology,Cleveland Partners,Medium Prescriber,Rep_035,126,50859.16,2725.17,16522.25,31611.74,2149.08,487,Online Pharmacy,Q4,November
TXN001970,2023-10-19,West,Germany,Avastin,Oncology,Sunrise Clinic,Medium Prescriber,Rep_022,104,58431.07,3410.78,21095.99,33924.3,2056.55,65,Government,Q4,October
TXN001971,2025-10-10,West,Germany,Comirnaty,Vaccines,Mercy General,Low Prescriber,Rep_029,29,3862.85,280.2,1324.24,2258.41,226.23,304,Retail Pharmacy,Q4,October
TXN001972,2025-04-13,South,Brazil,Keytruda,Oncology,Sunrise Clinic,Low Prescriber,Rep_020,95,11114.02,1002.09,3470.15,6641.78,223.25,155,Retail Pharmacy,Q2,April
TXN001973,2023-07-12,East,India,Herceptin,Oncology,Mercy General,High Prescriber,Rep_012,384,56236.9,5151.98,18877.55,32207.37,1374.45,288,Government,Q3,July
TXN001974,2024-03-19,West,Germany,Aduhelm,Neurology,City Medical Center,Non-Prescriber,Rep_007,185,142715.75,7020.65,52168.47,83526.63,5500.74,385,Retail Pharmacy,Q1,March
TXN001975,2023-06-15,Central,UAE,Jardiance,Diabetes,Mercy General,Medium Prescriber,Rep_008,151,74329.48,4259.69,30496.52,39573.27,3828.68,158,Retail Pharmacy,Q2,June
TXN001976,2024-05-20,North,USA,Keytruda,Oncology,Sunrise Clinic,Non-Prescriber,Rep_004,185,96610.57,17389.9,28278.13,50942.54,5444.2,222,Online Pharmacy,Q2,May
TXN001977,2025-06-19,East,India,Aduhelm,Neurology,Mercy General,High Prescriber,Rep_026,934,530226.68,40213.12,194799.51,295214.05,15562.33,144,Hospital,Q2,June
TXN001978,2023-06-05,West,Germany,Entresto,Cardiology,Sunrise Clinic,Medium Prescriber,Rep_019,201,145537.95,13460.31,39606.57,92471.07,9872.28,250,Online Pharmacy,Q2,June
TXN001979,2025-04-06,North,USA,Ozempic,Diabetes,Cleveland Partners,Low Prescriber,Rep_002,287,223721.94,40269.95,84642.84,98809.15,9300.92,33,Online Pharmacy,Q2,April
TXN001980,2023-08-26,North,USA,Keytruda,Oncology,Cleveland Partners,High Prescriber,Rep_001,429,285680.82,51422.55,78208.91,156049.36,17196.51,339,Government,Q3,August
TXN001981,2025-07-16,East,India,Opdivo,Oncology,Cleveland Partners,High Prescriber,Rep_031,430,235698.32,8005.9,60253.23,167439.19,6869.36,344,Government,Q3,July
TXN001982,2024-08-23,North,USA,Prevnar,Vaccines,Apollo Hospital,Low Prescriber,Rep_012,280,176464.43,31763.6,76603.3,68097.53,9722.53,400,Retail Pharmacy,Q3,August
TXN001983,2023-12-07,South,Brazil,Brilinta,Cardiology,Metro Health,Non-Prescriber,Rep_002,187,27060.19,1689.27,10721.06,14649.86,1894.89,295,Hospital,Q4,December
TXN001984,2023-10-26,North,USA,Herceptin,Oncology,City Medical Center,Non-Prescriber,Rep_007,64,7856.94,1414.25,2882.44,3560.25,312.49,476,Retail Pharmacy,Q4,October
TXN001985,2024-07-26,South,Brazil,Eliquis,Cardiology,Apollo Hospital,Medium Prescriber,Rep_012,194,32309.95,2489.95,8244.12,21575.88,1518.56,297,Retail Pharmacy,Q3,July
TXN001986,2024-07-10,East,India,Prevnar,Vaccines,Metro Health,Medium Prescriber,Rep_029,313,221117.66,22026.29,78187.4,120903.97,5659.67,124,Government,Q3,July
TXN001987,2025-06-27,West,Germany,Opdivo,Oncology,City Medical Center,Medium Prescriber,Rep_016,161,64426.27,4153.94,23009.08,37263.25,1409.03,358,Government,Q2,June
TXN001988,2024-08-27,West,Germany,Keytruda,Oncology,St. Luke's,Non-Prescriber,Rep_003,252,199816.94,8119.76,68471.23,123225.95,12777.7,52,Government,Q3,August
TXN001989,2024-06-05,Central,UAE,Jardiance,Diabetes,City Medical Center,Medium Prescriber,Rep_003,221,94525.27,4661.32,27285.93,62578.02,5829.51,291,Hospital,Q2,June
TXN001990,2024-11-08,West,Germany,Herceptin,Oncology,Metro Health,Medium Prescriber,Rep_010,353,57247.05,5413.14,16978.62,34855.29,4555.5,355,Government,Q4,November
TXN001991,2023-03-03,South,Brazil,Herceptin,Oncology,Mercy General,High Prescriber,Rep_013,87,7620.75,333.47,2226.24,5061.04,606.44,306,Hospital,Q1,March
TXN001992,2023-06-24,North,USA,Keytruda,Oncology,Apollo Hospital,Low Prescriber,Rep_018,136,71183.43,12813.02,22511.78,35858.63,3788.5,165,Government,Q2,June
TXN001993,2023-04-27,East,India,Ozempic,Diabetes,Metro Health,Non-Prescriber,Rep_022,361,44147.88,3793.36,19629.5,20725.02,1363.01,36,Retail Pharmacy,Q2,April
TXN001994,2024-02-14,North,USA,Trulicity,Diabetes,City Medical Center,Low Prescriber,Rep_012,103,79111.28,14240.03,33688.74,31182.51,3050.18,196,Government,Q1,February
TXN001995,2024-04-08,North,USA,Entresto,Cardiology,Sunrise Clinic,High Prescriber,Rep_025,373,144424.06,25996.33,52460.21,65967.52,9088.28,420,Government,Q2,April
TXN001996,2024-09-27,East,India,Eliquis,Cardiology,Sunrise Clinic,Medium Prescriber,Rep_039,313,173845.33,12267.23,73418.55,88159.55,4539.8,185,Hospital,Q3,September
TXN001997,2023-11-07,North,USA,Keytruda,Oncology,Cleveland Partners,Medium Prescriber,Rep_009,277,142609.05,25669.63,42463.98,74475.44,8898.87,197,Retail Pharmacy,Q4,November
TXN001998,2023-12-27,North,USA,Avastin,Oncology,City Medical Center,High Prescriber,Rep_007,168,36709.94,6607.79,14957.97,15144.18,2266.34,355,Hospital,Q4,December
TXN001999,2023-11-29,North,USA,Opdivo,Oncology,Metro Health,Low Prescriber,Rep_027,275,18521.84,3333.93,6592.14,8595.77,375.2,405,Government,Q4,November
TXN002000,2025-11-13,West,Germany,Keytruda,Oncology,Mercy General,Low Prescriber,Rep_026,240,124640.48,8485.99,31397.8,84756.69,5422.31,458,Retail Pharmacy,Q4,November
TXN002001,2024-02-09,South,Brazil,Brilinta,Cardiology,Mercy General,Non-Prescriber,Rep_010,466,31406.35,3079.82,9725.06,18601.47,1097.86,268,Retail Pharmacy,Q1,February
TXN002002,2024-07-28,South,Brazil,Entresto,Cardiology,City Medical Center,High Prescriber,Rep_027,217,10881.71,1012.71,2991.03,6877.97,377.28,118,Retail Pharmacy,Q3,July
TXN002003,2024-04-01,East,India,Shingrix,Vaccines,Apollo Hospital,Non-Prescriber,Rep_038,298,225389.11,22537.19,96305.74,106546.18,14500.24,269,Government,Q2,April
TXN002004,2024-06-10,North,USA,Avastin,Oncology,St. Luke's,High Prescriber,Rep_039,180,118866.78,21396.02,39855.83,57614.93,4600.44,244,Retail Pharmacy,Q2,June
TXN002005,2024-08-03,Central,UAE,Herceptin,Oncology,Metro Health,Non-Prescriber,Rep_024,83,20240.06,652.26,8468.56,11119.24,759.99,427,Government,Q3,August
TXN002006,2024-08-19,West,Germany,Entresto,Cardiology,Metro Health,High Prescriber,Rep_003,271,134099.07,9078.18,60301.26,64719.63,7086.31,239,Online Pharmacy,Q3,August
TXN002007,2024-01-22,North,USA,Vyepti,Neurology,Mercy General,High Prescriber,Rep_013,181,33458.34,6022.5,13954.16,13481.68,1481.61,71,Online Pharmacy,Q1,January
TXN002008,2024-05-13,Central,UAE,Herceptin,Oncology,Cleveland Partners,Non-Prescriber,Rep_019,355,125762.81,7604.1,56156.06,62002.65,8923.77,380,Government,Q2,May
TXN002009,2023-08-17,North,USA,Brilinta,Cardiology,Sunrise Clinic,Low Prescriber,Rep_031,138,33949.41,6110.89,10817.2,17021.32,1727.73,434,Hospital,Q3,August
TXN002010,2025-01-07,North,USA,Aduhelm,Neurology,Apollo Hospital,Medium Prescriber,Rep_016,152,112224.75,20200.45,28350.97,63673.33,6037.49,465,Government,Q1,January
TXN002011,2024-06-28,South,Brazil,Keytruda,Oncology,Cleveland Partners,Medium Prescriber,Rep_009,247,56766.91,4064.17,14595.92,38106.82,3791.99,463,Hospital,Q2,June
TXN002012,2025-07-22,Central,UAE,Avastin,Oncology,St. Luke's,Low Prescriber,Rep_013,349,46186.05,3848.66,20397.49,21939.9,2524.01,267,Online Pharmacy,Q3,July
TXN002013,2023-11-04,North,USA,Keytruda,Oncology,St. Luke's,Medium Prescriber,Rep_010,104,6344.98,1142.1,2424.41,2778.47,126.94,78,Hospital,Q4,November
TXN002014,2024-12-29,North,USA,Eliquis,Cardiology,St. Luke's,Low Prescriber,Rep_012,90,61736.18,11112.51,25626.21,24997.46,4536.44,461,Retail Pharmacy,Q4,December
TXN002015,2023-11-14,North,USA,Keytruda,Oncology,Cleveland Partners,Low Prescriber,Rep_025,165,118467.92,21324.23,44120.05,53023.64,8597.06,287,Hospital,Q4,November
TXN002016,2025-03-16,West,Germany,Keytruda,Oncology,St. Luke's,Low Prescriber,Rep_036,114,38950.76,2003.55,10791.24,26155.97,1365.24,357,Online Pharmacy,Q1,March
TXN002017,2024-11-03,East,India,Eliquis,Cardiology,Sunrise Clinic,Medium Prescriber,Rep_023,456,110543.01,5015.02,29195.69,76332.3,4518.05,490,Hospital,Q4,November
TXN002018,2024-12-13,North,USA,Trulicity,Diabetes,Mercy General,Medium Prescriber,Rep_002,92,29943.18,5389.77,8365.57,16187.84,1929.41,74,Government,Q4,December
TXN002019,2025-05-07,South,Brazil,Herceptin,Oncology,St. Luke's,Non-Prescriber,Rep_022,475,271285.72,25887.13,88585.98,156812.61,5772.41,62,Online Pharmacy,Q2,May
TXN002020,2024-11-01,North,USA,Opdivo,Oncology,Cleveland Partners,Low Prescriber,Rep_037,151,21199.1,3815.84,6578.17,10805.09,1416.13,286,Hospital,Q4,November
TXN002021,2025-06-19,East,India,Eliquis,Cardiology,Metro Health,Non-Prescriber,Rep_029,120,82749.77,5366.79,26550.3,50832.68,4357.24,109,Retail Pharmacy,Q2,June
TXN002022,2024-11-18,East,India,Vyepti,Neurology,St. Luke's,Low Prescriber,Rep_005,168,120585.22,6845.66,30973.2,82766.36,7671.86,474,Government,Q4,November
TXN002023,2025-01-27,West,Germany,Prevnar,Vaccines,Apollo Hospital,Low Prescriber,Rep_008,139,31577.13,1074.85,11801.08,18701.2,2139.13,202,Hospital,Q1,January
TXN002024,2025-01-16,North,USA,Herceptin,Oncology,Sunrise Clinic,Low Prescriber,Rep_017,219,109443.24,19699.78,42986.53,46756.93,2561.53,242,Government,Q1,January
TXN002025,2023-07-26,Central,UAE,Keytruda,Oncology,Sunrise Clinic,Medium Prescriber,Rep_031,149,67593.69,6634.84,22297.4,38661.45,2244.27,125,Hospital,Q3,July
TXN002026,2024-02-24,Central,UAE,Trulicity,Diabetes,Cleveland Partners,High Prescriber,Rep_039,213,67770.83,5307.67,23332.91,39130.25,2693.46,169,Hospital,Q1,February
TXN002027,2023-05-12,South,Brazil,Brilinta,Cardiology,Cleveland Partners,Low Prescriber,Rep_003,165,58564.94,4962.66,22945.17,30657.11,1846.14,303,Online Pharmacy,Q2,May
TXN002028,2025-12-08,East,India,Nurtec,Neurology,St. Luke's,High Prescriber,Rep_036,204,118291.94,10762.82,47271.3,60257.82,7358.19,372,Retail Pharmacy,Q4,December
TXN002029,2025-07-11,North,USA,Keytruda,Oncology,St. Luke's,Low Prescriber,Rep_032,216,93937.36,16908.72,37591.16,39437.48,4399.5,335,Hospital,Q3,July
TXN002030,2025-09-18,West,Germany,Keytruda,Oncology,City Medical Center,Non-Prescriber,Rep_010,240,92480.05,4866.89,23370.53,64242.63,6272.58,197,Government,Q3,September
TXN002031,2025-09-13,West,Germany,Vyepti,Neurology,Sunrise Clinic,Medium Prescriber,Rep_024,245,133811.76,5112.99,42669.42,86029.35,5285.87,307,Hospital,Q3,September
TXN002032,2025-10-10,West,Germany,Opdivo,Oncology,City Medical Center,Non-Prescriber,Rep_023,118,62824.35,4159.87,18475.0,40189.48,4137.96,470,Retail Pharmacy,Q4,October
TXN002033,2025-08-04,South,Brazil,Herceptin,Oncology,Sunrise Clinic,Medium Prescriber,Rep_004,213,121820.33,6991.5,39474.91,75353.92,7374.29,219,Online Pharmacy,Q3,August
TXN002034,2025-05-31,East,India,Trulicity,Diabetes,St. Luke's,High Prescriber,Rep_005,371,238639.25,9594.6,94906.03,134138.62,14303.76,340,Government,Q2,May
TXN002035,2024-11-06,Central,UAE,Jardiance,Diabetes,St. Luke's,High Prescriber,Rep_017,72,44568.47,1533.1,17983.88,25051.49,2854.01,315,Government,Q4,November
TXN002036,2024-02-14,North,USA,Keytruda,Oncology,Cleveland Partners,Low Prescriber,Rep_038,128,61547.65,11078.58,16394.62,34074.45,3706.15,261,Government,Q1,February
TXN002037,2023-11-27,North,USA,Opdivo,Oncology,Cleveland Partners,Non-Prescriber,Rep_030,130,102486.94,18447.65,31603.64,52435.65,7264.74,498,Online Pharmacy,Q4,November
TXN002038,2023-08-04,East,India,Trulicity,Diabetes,Cleveland Partners,Low Prescriber,Rep_025,204,59035.72,2942.05,24922.77,31170.9,2674.27,202,Hospital,Q3,August
TXN002039,2025-06-26,South,Brazil,Jardiance,Diabetes,Apollo Hospital,Low Prescriber,Rep_013,437,99015.45,7126.63,41702.96,50185.86,4408.52,469,Online Pharmacy,Q2,June
TXN002040,2023-08-01,North,USA,Avastin,Oncology,Sunrise Clinic,Medium Prescriber,Rep_035,182,136200.32,24516.06,35463.76,76220.5,7574.94,303,Retail Pharmacy,Q3,August
TXN002041,2025-07-24,North,USA,Keytruda,Oncology,Metro Health,Low Prescriber,Rep_032,110,47023.08,8464.15,18882.81,19676.12,2046.76,198,Government,Q3,July
TXN002042,2023-11-23,Central,UAE,Herceptin,Oncology,City Medical Center,Low Prescriber,Rep_009,105,47787.58,3827.34,13528.77,30431.47,2974.39,112,Retail Pharmacy,Q4,November
TXN002043,2025-03-13,North,USA,Herceptin,Oncology,Cleveland Partners,Medium Prescriber,Rep_026,92,23952.95,4311.53,8044.78,11596.64,733.66,483,Retail Pharmacy,Q1,March
TXN002044,2024-12-19,West,Germany,Eliquis,Cardiology,Metro Health,Low Prescriber,Rep_023,290,60889.9,3271.91,21471.27,36146.72,3548.09,294,Online Pharmacy,Q4,December
TXN002045,2023-11-09,North,USA,Herceptin,Oncology,Apollo Hospital,High Prescriber,Rep_029,304,181107.62,32599.37,59672.53,88835.72,14092.03,305,Hospital,Q4,November
TXN002046,2023-09-28,Central,UAE,Entresto,Cardiology,Cleveland Partners,Low Prescriber,Rep_013,74,48163.2,2364.57,14511.21,31287.42,1689.27,327,Online Pharmacy,Q3,September
TXN002047,2024-02-02,Central,UAE,Avastin,Oncology,City Medical Center,Non-Prescriber,Rep_040,157,11198.95,1023.44,4161.19,6014.32,771.62,284,Hospital,Q1,February
TXN002048,2023-08-01,Central,UAE,Avastin,Oncology,Metro Health,Low Prescriber,Rep_038,159,84043.78,3660.27,23014.7,57368.81,6451.42,245,Government,Q3,August
TXN002049,2025-07-04,North,USA,Aduhelm,Neurology,Sunrise Clinic,Medium Prescriber,Rep_004,531,233181.17,41972.61,76586.94,114621.62,10985.39,484,Online Pharmacy,Q3,July
TXN002050,2024-04-07,South,Brazil,Opdivo,Oncology,St. Luke's,Non-Prescriber,Rep_004,257,141509.3,4718.0,44781.86,92009.44,5209.29,388,Retail Pharmacy,Q2,April
TXN002051,2023-12-11,North,USA,Eliquis,Cardiology,Metro Health,High Prescriber,Rep_034,91,32215.28,5798.75,10999.78,15416.75,2000.44,285,Retail Pharmacy,Q4,December
TXN002052,2025-01-30,Central,UAE,Brilinta,Cardiology,Mercy General,Non-Prescriber,Rep_005,343,227153.0,21789.06,74427.72,130936.22,14473.86,234,Hospital,Q1,January
TXN002053,2023-12-01,East,India,Entresto,Cardiology,St. Luke's,Medium Prescriber,Rep_001,190,49890.52,3834.78,13885.34,32170.4,3200.41,340,Hospital,Q4,December
TXN002054,2023-12-08,North,USA,Keytruda,Oncology,City Medical Center,Medium Prescriber,Rep_037,216,15243.46,2743.82,4184.87,8314.77,839.64,460,Government,Q4,December
TXN002055,2023-01-10,South,Brazil,Opdivo,Oncology,Sunrise Clinic,Medium Prescriber,Rep_018,282,34376.44,1948.99,15002.58,17424.87,1161.12,193,Retail Pharmacy,Q1,January
TXN002056,2025-06-02,Central,UAE,Entresto,Cardiology,City Medical Center,Non-Prescriber,Rep_009,332,247610.29,20762.9,103077.28,123770.11,6929.6,406,Hospital,Q2,June
TXN002057,2025-01-13,East,India,Entresto,Cardiology,City Medical Center,Non-Prescriber,Rep_037,291,203405.83,9858.88,68367.34,125179.61,14365.81,196,Retail Pharmacy,Q1,January
TXN002058,2024-10-25,South,Brazil,Brilinta,Cardiology,St. Luke's,Medium Prescriber,Rep_034,219,51916.56,5123.26,14841.81,31951.49,3885.71,196,Retail Pharmacy,Q4,October
TXN002059,2023-03-18,South,Brazil,Trulicity,Diabetes,Sunrise Clinic,Low Prescriber,Rep_039,314,171674.32,12580.55,65737.63,93356.14,6627.58,250,Government,Q1,March
TXN002060,2024-03-10,North,USA,Avastin,Oncology,Sunrise Clinic,Non-Prescriber,Rep_037,95,17102.84,3078.51,5569.65,8454.68,640.91,399,Online Pharmacy,Q1,March
TXN002061,2024-12-19,North,USA,Vyepti,Neurology,St. Luke's,Low Prescriber,Rep_032,173,96221.1,17319.8,31506.88,47394.42,7574.3,159,Online Pharmacy,Q4,December
TXN002062,2025-10-09,West,Germany,Avastin,Oncology,Sunrise Clinic,Low Prescriber,Rep_018,144,28744.36,2624.98,11238.58,14880.8,618.63,54,Government,Q4,October
TXN002063,2025-05-25,East,India,Nurtec,Neurology,St. Luke's,Non-Prescriber,Rep_008,442,260351.43,8731.43,105815.13,145804.87,13046.92,342,Hospital,Q2,May
TXN002064,2024-06-13,West,Germany,Keytruda,Oncology,City Medical Center,High Prescriber,Rep_040,288,140260.01,5215.01,55594.01,79450.99,3166.46,384,Online Pharmacy,Q2,June
TXN002065,2023-10-23,West,Germany,Ozempic,Diabetes,St. Luke's,High Prescriber,Rep_038,207,75392.44,4768.77,32281.69,38341.98,4426.78,22,Hospital,Q4,October
TXN002066,2023-12-28,North,USA,Prevnar,Vaccines,Apollo Hospital,Low Prescriber,Rep_020,121,67780.0,12200.4,17545.44,38034.16,4536.07,221,Hospital,Q4,December
TXN002067,2024-10-25,East,India,Vyepti,Neurology,St. Luke's,Low Prescriber,Rep_038,361,28137.39,2504.66,7324.16,18308.57,851.13,95,Retail Pharmacy,Q4,October
TXN002068,2023-01-14,West,Germany,Vyepti,Neurology,Sunrise Clinic,High Prescriber,Rep_035,187,41062.2,1286.33,13701.8,26074.07,1586.07,193,Government,Q1,January
TXN002069,2025-10-28,East,India,Prevnar,Vaccines,Cleveland Partners,Medium Prescriber,Rep_022,302,126341.6,7516.38,48219.56,70605.66,9482.86,475,Online Pharmacy,Q4,October
TXN002070,2023-09-09,West,Germany,Eliquis,Cardiology,City Medical Center,Medium Prescriber,Rep_031,118,87505.84,2868.48,26773.2,57864.16,2049.84,137,Hospital,Q3,September
TXN002071,2024-06-13,South,Brazil,Prevnar,Vaccines,Sunrise Clinic,Non-Prescriber,Rep_007,443,281179.12,17309.91,125592.68,138276.53,10564.88,91,Retail Pharmacy,Q2,June
TXN002072,2025-09-11,South,Brazil,Opdivo,Oncology,St. Luke's,Non-Prescriber,Rep_025,193,101040.59,8541.47,40638.58,51860.54,4296.1,305,Government,Q3,September
TXN002073,2024-09-20,Central,UAE,Herceptin,Oncology,St. Luke's,Low Prescriber,Rep_038,295,88065.84,6756.85,38533.03,42775.96,5206.53,121,Government,Q3,September
TXN002074,2024-02-23,Central,UAE,Eliquis,Cardiology,Mercy General,Non-Prescriber,Rep_004,80,35465.52,2848.99,9152.86,23463.67,1908.43,104,Retail Pharmacy,Q1,February
TXN002075,2025-12-11,North,USA,Keytruda,Oncology,St. Luke's,Non-Prescriber,Rep_009,265,76170.73,13710.73,23468.0,38992.0,3764.98,134,Government,Q4,December
TXN002076,2023-02-12,West,Germany,Entresto,Cardiology,City Medical Center,Medium Prescriber,Rep_007,177,135963.36,5724.41,47027.99,83210.96,3208.82,329,Retail Pharmacy,Q1,February
TXN002077,2024-04-12,South,Brazil,Avastin,Oncology,Cleveland Partners,Medium Prescriber,Rep_040,404,146769.2,10130.8,40391.31,96247.09,8112.61,180,Online Pharmacy,Q2,April
TXN002078,2023-08-07,South,Brazil,Shingrix,Vaccines,Cleveland Partners,Medium Prescriber,Rep_003,160,115611.42,11487.76,37776.84,66346.82,6689.61,400,Retail Pharmacy,Q3,August
TXN002079,2024-03-06,South,Brazil,Jardiance,Diabetes,Sunrise Clinic,Low Prescriber,Rep_001,182,15105.87,1230.1,3916.71,9959.06,1061.55,457,Online Pharmacy,Q1,March
TXN002080,2024-10-03,South,Brazil,Avastin,Oncology,Mercy General,Medium Prescriber,Rep_035,155,32142.28,1767.4,13066.24,17308.64,1884.36,196,Online Pharmacy,Q4,October
TXN002081,2025-09-22,East,India,Herceptin,Oncology,Mercy General,Medium Prescriber,Rep_022,276,134941.01,11803.49,44251.7,78885.82,4301.93,314,Government,Q3,September
TXN002082,2025-06-26,East,India,Aduhelm,Neurology,St. Luke's,Low Prescriber,Rep_004,367,101456.44,4211.51,34002.64,63242.29,2245.3,450,Online Pharmacy,Q2,June
TXN002083,2024-05-02,Central,UAE,Brilinta,Cardiology,Cleveland Partners,High Prescriber,Rep_002,513,55583.59,1983.87,22547.38,31052.34,2279.78,152,Online Pharmacy,Q2,May
TXN002084,2023-09-15,South,Brazil,Opdivo,Oncology,Sunrise Clinic,High Prescriber,Rep_025,100,63414.79,2261.44,18028.06,43125.29,3060.97,451,Hospital,Q3,September
TXN002085,2024-11-11,West,Germany,Entresto,Cardiology,City Medical Center,Low Prescriber,Rep_009,280,53990.19,2646.23,16691.09,34652.87,2725.69,110,Government,Q4,November
TXN002086,2023-07-06,North,USA,Vyepti,Neurology,Apollo Hospital,Non-Prescriber,Rep_001,251,145004.1,26100.74,46001.63,72901.73,11419.06,128,Online Pharmacy,Q3,July
TXN002087,2025-06-18,Central,UAE,Avastin,Oncology,Mercy General,Medium Prescriber,Rep_016,170,95388.05,8073.75,32389.31,54924.99,3024.15,196,Online Pharmacy,Q2,June
TXN002088,2023-11-02,North,USA,Jardiance,Diabetes,Apollo Hospital,Medium Prescriber,Rep_024,221,12663.39,2279.41,4070.41,6313.57,369.14,412,Retail Pharmacy,Q4,November
TXN002089,2023-10-03,North,USA,Nurtec,Neurology,Sunrise Clinic,Medium Prescriber,Rep_021,198,141988.94,25558.01,37077.24,79353.69,9854.38,491,Online Pharmacy,Q4,October
TXN002090,2025-12-15,North,USA,Entresto,Cardiology,Sunrise Clinic,Non-Prescriber,Rep_006,79,6832.86,1229.91,2598.13,3004.82,177.98,430,Online Pharmacy,Q4,December
TXN002091,2024-04-03,Central,UAE,Nurtec,Neurology,Sunrise Clinic,Non-Prescriber,Rep_005,298,88348.86,5617.88,37408.71,45322.27,3103.13,95,Government,Q2,April
TXN002092,2025-04-29,East,India,Herceptin,Oncology,Metro Health,High Prescriber,Rep_028,370,226579.55,21455.02,87606.03,117518.5,7042.46,188,Online Pharmacy,Q2,April
TXN002093,2023-09-16,Central,UAE,Eliquis,Cardiology,City Medical Center,Non-Prescriber,Rep_019,222,143484.97,8400.81,49738.35,85345.81,10886.98,351,Hospital,Q3,September
TXN002094,2023-02-02,North,USA,Opdivo,Oncology,Sunrise Clinic,High Prescriber,Rep_009,241,92064.03,16571.53,26993.91,48498.59,3499.92,485,Retail Pharmacy,Q1,February
TXN002095,2025-01-01,East,India,Nurtec,Neurology,Mercy General,High Prescriber,Rep_024,242,176330.66,12722.96,45927.33,117680.37,7723.06,83,Hospital,Q1,January
TXN002096,2024-03-16,West,Germany,Opdivo,Oncology,St. Luke's,Medium Prescriber,Rep_003,201,86148.27,5227.73,23917.39,57003.15,4258.58,477,Government,Q1,March
TXN002097,2025-04-30,West,Germany,Vyepti,Neurology,City Medical Center,Medium Prescriber,Rep_028,330,49156.39,2348.57,12517.68,34290.14,3531.25,61,Government,Q2,April
TXN002098,2024-03-28,West,Germany,Comirnaty,Vaccines,City Medical Center,High Prescriber,Rep_038,99,62147.84,4989.8,24756.21,32401.83,2283.96,83,Retail Pharmacy,Q1,March
TXN002099,2024-05-23,West,Germany,Trulicity,Diabetes,Sunrise Clinic,Non-Prescriber,Rep_019,243,54398.48,2054.78,19037.48,33306.22,3735.6,344,Hospital,Q2,May
TXN002100,2024-05-03,East,India,Shingrix,Vaccines,City Medical Center,Medium Prescriber,Rep_014,274,53496.13,3101.69,18633.35,31761.09,1759.47,458,Online Pharmacy,Q2,May
TXN002101,2024-11-08,North,USA,Keytruda,Oncology,Metro Health,Medium Prescriber,Rep_004,216,51189.01,9214.02,16330.77,25644.22,2977.57,160,Retail Pharmacy,Q4,November
TXN002102,2024-08-12,East,India,Entresto,Cardiology,Apollo Hospital,Medium Prescriber,Rep_020,342,188139.81,7680.9,49113.06,131345.85,9519.86,82,Online Pharmacy,Q3,August
TXN002103,2023-04-04,North,USA,Herceptin,Oncology,Sunrise Clinic,Medium Prescriber,Rep_025,161,90499.08,16289.83,36120.63,38088.62,2460.84,400,Government,Q2,April
TXN002104,2025-09-14,East,India,Trulicity,Diabetes,Apollo Hospital,High Prescriber,Rep_034,194,33879.36,3316.71,10203.34,20359.31,1531.57,138,Government,Q3,September
TXN002105,2024-12-05,South,Brazil,Brilinta,Cardiology,City Medical Center,High Prescriber,Rep_006,233,86916.72,3375.38,35257.77,48283.57,3427.7,110,Hospital,Q4,December
TXN002106,2025-06-09,South,Brazil,Trulicity,Diabetes,Cleveland Partners,Non-Prescriber,Rep_029,227,109839.82,6282.37,44466.83,59090.62,3048.91,246,Government,Q2,June
TXN002107,2023-03-19,North,USA,Nurtec,Neurology,Cleveland Partners,Non-Prescriber,Rep_038,151,66215.6,11918.81,18644.79,35652.0,4401.27,143,Retail Pharmacy,Q1,March
TXN002108,2024-09-29,East,India,Avastin,Oncology,Mercy General,Low Prescriber,Rep_010,116,91865.68,7369.55,41203.02,43293.11,4336.84,113,Government,Q3,September
TXN002109,2025-11-28,Central,UAE,Opdivo,Oncology,Sunrise Clinic,Non-Prescriber,Rep_040,228,34312.44,1804.99,11279.86,21227.59,2621.02,228,Online Pharmacy,Q4,November
TXN002110,2025-02-13,North,USA,Jardiance,Diabetes,Sunrise Clinic,Non-Prescriber,Rep_001,193,63863.57,11495.44,21105.83,31262.3,2968.11,271,Retail Pharmacy,Q1,February
TXN002111,2025-07-22,East,India,Herceptin,Oncology,Mercy General,Low Prescriber,Rep_013,88,12258.14,1009.78,4539.32,6709.04,513.04,127,Retail Pharmacy,Q3,July
TXN002112,2025-06-27,East,India,Prevnar,Vaccines,Sunrise Clinic,High Prescriber,Rep_032,383,152040.48,10185.71,47747.57,94107.2,9043.12,453,Government,Q2,June
TXN002113,2024-01-15,South,Brazil,Ozempic,Diabetes,Sunrise Clinic,Low Prescriber,Rep_026,247,27127.36,1865.62,11254.0,14007.74,2147.93,30,Online Pharmacy,Q1,January
TXN002114,2024-07-12,West,Germany,Aduhelm,Neurology,Apollo Hospital,Low Prescriber,Rep_012,142,41368.58,3938.35,14482.71,22947.52,2640.19,236,Government,Q3,July
TXN002115,2024-11-23,Central,UAE,Jardiance,Diabetes,City Medical Center,Non-Prescriber,Rep_020,113,47039.31,1879.17,20081.1,25079.04,1896.61,364,Government,Q4,November
TXN002116,2023-09-27,North,USA,Comirnaty,Vaccines,Sunrise Clinic,Non-Prescriber,Rep_013,278,204891.32,36880.44,89975.72,78035.16,6951.25,114,Hospital,Q3,September
TXN002117,2025-03-19,South,Brazil,Jardiance,Diabetes,City Medical Center,Low Prescriber,Rep_015,131,66012.54,5702.99,28870.82,31438.73,1589.03,175,Government,Q1,March
TXN002118,2023-05-24,West,Germany,Vyepti,Neurology,Mercy General,Low Prescriber,Rep_034,127,70423.55,2171.89,18435.09,49816.57,4139.14,222,Retail Pharmacy,Q2,May
TXN002119,2025-09-12,North,USA,Jardiance,Diabetes,Apollo Hospital,Low Prescriber,Rep_015,370,158682.84,28562.91,68072.61,62047.32,11550.14,387,Online Pharmacy,Q3,September
TXN002120,2024-07-28,South,Brazil,Herceptin,Oncology,Cleveland Partners,Non-Prescriber,Rep_029,297,40637.94,3922.05,15652.82,21063.07,2889.22,339,Hospital,Q3,July
TXN002121,2023-05-25,Central,UAE,Avastin,Oncology,Cleveland Partners,Non-Prescriber,Rep_005,137,97996.99,7300.14,37516.93,53179.92,7304.29,387,Hospital,Q2,May
TXN002122,2023-01-19,Central,UAE,Vyepti,Neurology,St. Luke's,High Prescriber,Rep_008,151,70824.82,3389.54,18147.88,49287.4,2845.61,307,Online Pharmacy,Q1,January
TXN002123,2024-12-01,East,India,Trulicity,Diabetes,St. Luke's,Medium Prescriber,Rep_036,130,88245.14,6314.97,24102.83,57827.34,3421.39,263,Online Pharmacy,Q4,December
TXN002124,2024-10-28,North,USA,Jardiance,Diabetes,Mercy General,Medium Prescriber,Rep_016,260,81033.51,14586.03,20544.1,45903.38,1979.26,100,Retail Pharmacy,Q4,October
TXN002125,2025-04-19,West,Germany,Entresto,Cardiology,Sunrise Clinic,Non-Prescriber,Rep_005,396,287816.51,14592.19,72484.84,200739.48,9153.84,99,Hospital,Q2,April
TXN002126,2025-09-07,North,USA,Ozempic,Diabetes,St. Luke's,Medium Prescriber,Rep_012,419,134743.75,24253.88,56986.27,53503.6,5268.43,8,Hospital,Q3,September
TXN002127,2023-04-05,West,Germany,Opdivo,Oncology,St. Luke's,High Prescriber,Rep_029,191,148760.61,11392.1,64619.85,72748.66,4153.84,488,Online Pharmacy,Q2,April
TXN002128,2024-07-11,West,Germany,Herceptin,Oncology,Sunrise Clinic,High Prescriber,Rep_028,117,11475.48,577.29,4346.33,6551.86,432.42,160,Retail Pharmacy,Q3,July
TXN002129,2025-09-21,Central,UAE,Keytruda,Oncology,Sunrise Clinic,Non-Prescriber,Rep_007,234,72755.39,7180.55,31674.84,33900.0,5698.15,114,Hospital,Q3,September
TXN002130,2024-11-03,Central,UAE,Vyepti,Neurology,Mercy General,Non-Prescriber,Rep_030,194,64648.21,3535.3,20542.75,40570.16,4873.55,71,Retail Pharmacy,Q4,November
TXN002131,2023-10-13,North,USA,Eliquis,Cardiology,Sunrise Clinic,Low Prescriber,Rep_013,245,192354.18,34623.75,83138.09,74592.34,9658.55,269,Retail Pharmacy,Q4,October
TXN002132,2024-11-01,North,USA,Avastin,Oncology,St. Luke's,High Prescriber,Rep_031,90,8804.47,1584.8,3417.15,3802.52,516.52,373,Government,Q4,November
TXN002133,2023-11-09,North,USA,Jardiance,Diabetes,Cleveland Partners,Medium Prescriber,Rep_033,115,53397.93,9611.63,19543.82,24242.48,2091.61,481,Hospital,Q4,November
TXN002134,2025-09-24,East,India,Brilinta,Cardiology,Metro Health,Non-Prescriber,Rep_002,663,295259.47,17895.03,114600.03,162764.41,6549.52,150,Hospital,Q3,September
TXN002135,2025-10-06,Central,UAE,Ozempic,Diabetes,Mercy General,Low Prescriber,Rep_040,229,49759.52,3062.46,19383.58,27313.48,1651.28,39,Online Pharmacy,Q4,October
TXN002136,2024-02-16,Central,UAE,Ozempic,Diabetes,Apollo Hospital,High Prescriber,Rep_015,381,164480.84,16207.82,63818.35,84454.67,9503.03,23,Government,Q1,February
TXN002137,2025-01-19,Central,UAE,Eliquis,Cardiology,City Medical Center,High Prescriber,Rep_026,325,73968.05,7182.64,25062.0,41723.41,3785.66,189,Retail Pharmacy,Q1,January
TXN002138,2025-11-20,South,Brazil,Avastin,Oncology,Apollo Hospital,Low Prescriber,Rep_001,306,146091.37,11697.15,60999.55,73394.67,6888.21,386,Online Pharmacy,Q4,November
TXN002139,2023-04-21,North,USA,Brilinta,Cardiology,City Medical Center,Non-Prescriber,Rep_024,326,34283.91,6171.1,10541.72,17571.09,1857.28,193,Hospital,Q2,April
TXN002140,2025-06-06,North,USA,Keytruda,Oncology,Apollo Hospital,Medium Prescriber,Rep_016,125,96160.02,17308.8,31282.01,47569.21,4964.29,380,Online Pharmacy,Q2,June
TXN002141,2025-09-28,West,Germany,Jardiance,Diabetes,Apollo Hospital,High Prescriber,Rep_025,381,52509.63,2521.91,17195.27,32792.45,1214.67,265,Government,Q3,September
TXN002142,2025-10-23,North,USA,Entresto,Cardiology,City Medical Center,High Prescriber,Rep_007,162,109227.84,19661.01,34484.62,55082.21,4193.64,494,Government,Q4,October
TXN002143,2023-03-20,South,Brazil,Brilinta,Cardiology,Metro Health,Non-Prescriber,Rep_018,216,76531.84,3610.92,27949.93,44970.99,4741.37,189,Retail Pharmacy,Q1,March
TXN002144,2023-11-24,East,India,Vyepti,Neurology,Cleveland Partners,High Prescriber,Rep_009,198,66471.83,3559.69,20463.85,42448.29,2707.98,404,Retail Pharmacy,Q4,November
TXN002145,2025-10-11,Central,UAE,Entresto,Cardiology,Mercy General,Non-Prescriber,Rep_031,255,137542.49,4535.03,42520.99,90486.47,4683.15,174,Retail Pharmacy,Q4,October
TXN002146,2025-01-07,Central,UAE,Ozempic,Diabetes,Sunrise Clinic,Medium Prescriber,Rep_014,202,83663.25,3605.31,32607.58,47450.36,4421.04,6,Hospital,Q1,January
TXN002147,2024-09-13,North,USA,Herceptin,Oncology,Cleveland Partners,Low Prescriber,Rep_026,201,70913.93,12764.51,21822.58,36326.84,4861.79,80,Government,Q3,September
TXN002148,2025-04-25,North,USA,Eliquis,Cardiology,St. Luke's,High Prescriber,Rep_034,165,104803.88,18864.7,40350.55,45588.63,4148.84,295,Retail Pharmacy,Q2,April
TXN002149,2025-06-17,Central,UAE,Brilinta,Cardiology,Sunrise Clinic,High Prescriber,Rep_036,200,139366.99,9331.74,37745.54,92289.71,3921.37,416,Retail Pharmacy,Q2,June
TXN002150,2024-06-25,North,USA,Avastin,Oncology,Metro Health,High Prescriber,Rep_002,187,72330.54,13019.5,24127.78,35183.26,2233.89,485,Hospital,Q2,June
TXN002151,2025-10-27,South,Brazil,Vyepti,Neurology,City Medical Center,Low Prescriber,Rep_029,229,181825.11,8421.58,70013.85,103389.68,5144.52,467,Retail Pharmacy,Q4,October
TXN002152,2025-02-09,Central,UAE,Entresto,Cardiology,Metro Health,Non-Prescriber,Rep_032,78,57656.5,4153.15,22850.57,30652.78,1348.9,302,Retail Pharmacy,Q1,February
TXN002153,2024-12-11,South,Brazil,Opdivo,Oncology,City Medical Center,Low Prescriber,Rep_016,271,182900.63,14457.65,48921.42,119521.56,12020.71,130,Online Pharmacy,Q4,December
TXN002154,2025-11-22,South,Brazil,Opdivo,Oncology,Cleveland Partners,Low Prescriber,Rep_029,273,17675.92,1115.42,7136.09,9424.41,1267.98,419,Retail Pharmacy,Q4,November
TXN002155,2025-03-10,North,USA,Keytruda,Oncology,Mercy General,Medium Prescriber,Rep_022,449,75283.25,13550.98,31666.58,30065.69,4338.96,413,Hospital,Q1,March
TXN002156,2025-06-14,North,USA,Herceptin,Oncology,City Medical Center,Low Prescriber,Rep_022,317,125103.8,22518.68,53965.04,48620.08,9047.65,373,Retail Pharmacy,Q2,June
TXN002157,2025-04-08,East,India,Opdivo,Oncology,St. Luke's,Low Prescriber,Rep_031,245,39482.51,3093.74,10040.05,26348.72,1146.82,369,Online Pharmacy,Q2,April
TXN002158,2024-11-01,East,India,Ozempic,Diabetes,Cleveland Partners,Non-Prescriber,Rep_010,289,119945.91,6993.18,49814.33,63138.4,4176.86,12,Hospital,Q4,November
TXN002159,2024-09-15,Central,UAE,Eliquis,Cardiology,Mercy General,Medium Prescriber,Rep_002,181,97751.61,3666.07,39653.56,54431.98,2296.68,99,Online Pharmacy,Q3,September
TXN002160,2025-06-14,North,USA,Eliquis,Cardiology,Cleveland Partners,High Prescriber,Rep_029,230,147119.25,26481.47,44817.34,75820.44,5562.8,81,Government,Q2,June
TXN002161,2025-08-12,South,Brazil,Vyepti,Neurology,St. Luke's,Medium Prescriber,Rep_003,113,36369.44,1853.11,13707.64,20808.69,2654.9,254,Retail Pharmacy,Q3,August
TXN002162,2023-08-26,Central,UAE,Herceptin,Oncology,Cleveland Partners,Low Prescriber,Rep_018,109,50609.55,5018.42,20682.79,24908.34,2167.41,309,Government,Q3,August
TXN002163,2025-01-11,South,Brazil,Aduhelm,Neurology,Cleveland Partners,Low Prescriber,Rep_035,221,152008.04,8915.02,67792.25,75300.77,5010.84,237,Online Pharmacy,Q1,January
TXN002164,2023-11-04,North,USA,Entresto,Cardiology,Metro Health,High Prescriber,Rep_009,161,44762.77,8057.3,18449.35,18256.12,3342.83,82,Government,Q4,November
TXN002165,2024-03-09,East,India,Vyepti,Neurology,Apollo Hospital,Low Prescriber,Rep_032,260,123371.84,10984.6,33906.59,78480.65,3381.72,104,Online Pharmacy,Q1,March
TXN002166,2025-03-10,West,Germany,Comirnaty,Vaccines,Mercy General,Medium Prescriber,Rep_027,314,234921.5,15728.0,92556.51,126636.99,17250.37,495,Hospital,Q1,March
TXN002167,2025-07-13,East,India,Entresto,Cardiology,Cleveland Partners,Low Prescriber,Rep_011,452,231553.32,18502.78,99201.65,113848.89,9241.9,437,Online Pharmacy,Q3,July
TXN002168,2023-06-19,West,Germany,Entresto,Cardiology,St. Luke's,Non-Prescriber,Rep_024,149,42110.02,2454.94,15730.24,23924.84,1433.77,389,Retail Pharmacy,Q2,June
TXN002169,2023-06-29,East,India,Avastin,Oncology,St. Luke's,Medium Prescriber,Rep_007,216,48363.3,4209.12,14235.13,29919.05,3679.37,198,Online Pharmacy,Q2,June
TXN002170,2025-03-29,North,USA,Entresto,Cardiology,Sunrise Clinic,Low Prescriber,Rep_040,393,83752.91,15075.52,33397.66,35279.73,2351.72,451,Hospital,Q1,March
TXN002171,2025-09-03,North,USA,Trulicity,Diabetes,City Medical Center,Medium Prescriber,Rep_002,189,137663.46,24779.42,56503.78,56380.26,4763.96,196,Government,Q3,September
TXN002172,2023-03-06,Central,UAE,Jardiance,Diabetes,Sunrise Clinic,High Prescriber,Rep_031,307,76069.98,6916.5,32540.05,36613.43,3197.57,132,Online Pharmacy,Q1,March
TXN002173,2024-04-23,North,USA,Shingrix,Vaccines,Cleveland Partners,Non-Prescriber,Rep_034,245,61142.72,11005.69,26278.5,23858.53,2850.64,416,Government,Q2,April
TXN002174,2025-02-13,South,Brazil,Opdivo,Oncology,Cleveland Partners,Medium Prescriber,Rep_032,291,178622.62,11325.42,50361.52,116935.68,6324.7,276,Government,Q1,February
TXN002175,2025-07-11,East,India,Entresto,Cardiology,Mercy General,Low Prescriber,Rep_010,286,123853.85,6360.25,43626.4,73867.2,9009.02,361,Retail Pharmacy,Q3,July
TXN002176,2025-01-21,West,Germany,Vyepti,Neurology,Metro Health,Low Prescriber,Rep_008,201,41768.05,3548.99,11367.69,26851.37,3078.68,428,Retail Pharmacy,Q1,January
TXN002177,2025-04-12,North,USA,Trulicity,Diabetes,Cleveland Partners,Low Prescriber,Rep_038,295,63884.25,11499.16,23328.14,29056.95,2705.79,113,Government,Q2,April
TXN002178,2025-05-26,West,Germany,Avastin,Oncology,Apollo Hospital,High Prescriber,Rep_023,143,32062.85,1030.17,13451.58,17581.1,1269.2,356,Retail Pharmacy,Q2,May
TXN002179,2024-03-17,North,USA,Shingrix,Vaccines,Cleveland Partners,Low Prescriber,Rep_035,226,97040.96,17467.37,27868.55,51705.04,5912.63,75,Online Pharmacy,Q1,March
TXN002180,2024-05-31,South,Brazil,Entresto,Cardiology,Sunrise Clinic,High Prescriber,Rep_030,87,67901.56,4790.93,21421.47,41689.16,2669.78,220,Online Pharmacy,Q2,May
TXN002181,2023-10-23,East,India,Herceptin,Oncology,Sunrise Clinic,Low Prescriber,Rep_040,117,24602.42,1997.72,6717.73,15886.97,1449.93,391,Government,Q4,October
TXN002182,2024-06-13,Central,UAE,Eliquis,Cardiology,Cleveland Partners,High Prescriber,Rep_027,323,83115.56,7345.06,23236.35,52534.15,4737.89,479,Retail Pharmacy,Q2,June
TXN002183,2024-11-01,South,Brazil,Keytruda,Oncology,City Medical Center,Medium Prescriber,Rep_038,208,148938.77,13356.13,47009.85,88572.79,3593.64,496,Retail Pharmacy,Q4,November
TXN002184,2024-10-22,South,Brazil,Aduhelm,Neurology,Sunrise Clinic,Non-Prescriber,Rep_003,217,172470.2,6486.02,64887.32,101096.86,6930.96,415,Retail Pharmacy,Q4,October
TXN002185,2023-12-12,South,Brazil,Avastin,Oncology,Mercy General,Medium Prescriber,Rep_038,146,61105.3,4213.26,26032.43,30859.61,4467.05,287,Government,Q4,December
TXN002186,2024-06-05,North,USA,Shingrix,Vaccines,Mercy General,Medium Prescriber,Rep_019,110,86524.42,15574.4,37017.89,33932.13,2746.23,75,Online Pharmacy,Q2,June
TXN002187,2025-06-13,East,India,Opdivo,Oncology,Mercy General,Non-Prescriber,Rep_039,241,41338.97,1536.25,10698.74,29103.98,2597.78,136,Government,Q2,June
TXN002188,2023-03-15,North,USA,Trulicity,Diabetes,Metro Health,High Prescriber,Rep_010,316,199017.78,35823.2,64411.32,98783.26,14312.51,83,Retail Pharmacy,Q1,March
TXN002189,2025-12-08,North,USA,Shingrix,Vaccines,Apollo Hospital,High Prescriber,Rep_029,304,233588.3,42045.89,77859.59,113682.82,6651.51,316,Retail Pharmacy,Q4,December
TXN002190,2025-07-05,North,USA,Brilinta,Cardiology,Cleveland Partners,High Prescriber,Rep_029,268,192231.76,34601.72,55699.25,101930.79,12574.65,207,Online Pharmacy,Q3,July
TXN002191,2024-02-24,East,India,Ozempic,Diabetes,Cleveland Partners,Medium Prescriber,Rep_025,189,97929.81,5103.3,37375.81,55450.7,4184.23,17,Government,Q1,February
TXN002192,2023-04-23,West,Germany,Entresto,Cardiology,Metro Health,Medium Prescriber,Rep_018,278,152669.71,5675.87,63292.65,83701.19,6008.06,318,Online Pharmacy,Q2,April
TXN002193,2024-01-16,North,USA,Herceptin,Oncology,Cleveland Partners,Low Prescriber,Rep_015,390,116780.32,21020.46,34650.83,61109.03,8169.78,450,Retail Pharmacy,Q1,January
TXN002194,2023-10-23,East,India,Ozempic,Diabetes,Cleveland Partners,Non-Prescriber,Rep_018,102,78365.16,2832.46,19659.23,55873.47,4731.38,26,Retail Pharmacy,Q4,October
TXN002195,2024-05-01,Central,UAE,Shingrix,Vaccines,Apollo Hospital,Non-Prescriber,Rep_005,213,96813.6,3981.25,35613.33,57219.02,7085.95,238,Retail Pharmacy,Q2,May
TXN002196,2023-08-14,South,Brazil,Eliquis,Cardiology,City Medical Center,Non-Prescriber,Rep_009,77,47679.23,2625.07,12988.63,32065.53,3242.02,169,Retail Pharmacy,Q3,August
TXN002197,2024-11-07,South,Brazil,Herceptin,Oncology,City Medical Center,Low Prescriber,Rep_040,307,69245.77,4064.31,22967.45,42214.01,4596.27,158,Retail Pharmacy,Q4,November
TXN002198,2023-03-07,Central,UAE,Vyepti,Neurology,City Medical Center,Low Prescriber,Rep_034,97,32221.46,1942.69,10385.78,19892.99,1254.67,271,Hospital,Q1,March
TXN002199,2024-03-02,Central,UAE,Avastin,Oncology,Metro Health,Medium Prescriber,Rep_013,199,77834.71,7473.79,22315.23,48045.69,5867.58,373,Retail Pharmacy,Q1,March
TXN002200,2025-08-01,North,USA,Herceptin,Oncology,City Medical Center,High Prescriber,Rep_019,254,105538.97,18997.01,42965.16,43576.8,8297.22,479,Online Pharmacy,Q3,August
TXN002201,2025-10-04,North,USA,Eliquis,Cardiology,Apollo Hospital,Medium Prescriber,Rep_002,85,6924.6,1246.43,2056.01,3622.16,474.43,425,Hospital,Q4,October
TXN002202,2023-05-05,North,USA,Entresto,Cardiology,Metro Health,Non-Prescriber,Rep_021,147,39452.38,7101.43,14440.3,17910.65,2744.24,213,Government,Q2,May
TXN002203,2024-06-08,East,India,Ozempic,Diabetes,Metro Health,Low Prescriber,Rep_030,220,124911.9,9464.88,44768.92,70678.1,5142.7,34,Online Pharmacy,Q2,June
TXN002204,2025-12-04,South,Brazil,Nurtec,Neurology,Mercy General,Medium Prescriber,Rep_028,197,108871.25,8155.28,47882.22,52833.75,4683.78,424,Online Pharmacy,Q4,December
TXN002205,2023-09-25,North,USA,Brilinta,Cardiology,Metro Health,Medium Prescriber,Rep_016,274,19953.06,3591.55,7408.48,8953.03,795.4,238,Retail Pharmacy,Q3,September
TXN002206,2025-04-18,North,USA,Ozempic,Diabetes,Mercy General,High Prescriber,Rep_038,260,54687.52,9843.75,17491.91,27351.86,1666.19,7,Online Pharmacy,Q2,April
TXN002207,2024-01-19,West,Germany,Entresto,Cardiology,St. Luke's,Non-Prescriber,Rep_008,280,189014.14,7398.15,48457.94,133158.05,6881.37,455,Government,Q1,January
TXN002208,2025-03-19,South,Brazil,Ozempic,Diabetes,Cleveland Partners,Non-Prescriber,Rep_030,129,45574.06,3126.47,11962.65,30484.94,1934.24,34,Online Pharmacy,Q1,March
TXN002209,2024-09-03,South,Brazil,Aduhelm,Neurology,Cleveland Partners,High Prescriber,Rep_015,112,85135.02,7602.2,31371.64,46161.18,3752.36,168,Retail Pharmacy,Q3,September
TXN002210,2025-04-03,North,USA,Herceptin,Oncology,Mercy General,High Prescriber,Rep_012,239,64202.29,11556.41,22677.03,29968.85,3862.26,399,Retail Pharmacy,Q2,April
TXN002211,2023-03-06,North,USA,Eliquis,Cardiology,Apollo Hospital,Low Prescriber,Rep_003,71,20280.7,3650.53,9039.99,7590.18,1328.62,75,Hospital,Q1,March
TXN002212,2025-03-10,South,Brazil,Brilinta,Cardiology,Apollo Hospital,High Prescriber,Rep_005,319,91935.0,3166.19,26059.61,62709.2,6567.52,313,Retail Pharmacy,Q1,March
TXN002213,2025-06-22,East,India,Opdivo,Oncology,City Medical Center,High Prescriber,Rep_004,87,36875.68,2660.72,9455.75,24759.21,810.17,374,Hospital,Q2,June
TXN002214,2025-03-01,Central,UAE,Keytruda,Oncology,City Medical Center,Low Prescriber,Rep_035,435,174159.66,15188.9,51068.32,107902.44,6742.51,247,Online Pharmacy,Q1,March
TXN002215,2024-10-17,North,USA,Trulicity,Diabetes,City Medical Center,Non-Prescriber,Rep_002,104,83197.96,14975.63,30704.83,37517.5,4800.65,100,Online Pharmacy,Q4,October
TXN002216,2023-07-31,West,Germany,Eliquis,Cardiology,Apollo Hospital,Low Prescriber,Rep_034,247,58455.68,4395.24,15635.72,38424.72,4478.67,403,Government,Q3,July
TXN002217,2023-06-24,West,Germany,Opdivo,Oncology,Metro Health,Non-Prescriber,Rep_006,126,46378.86,2892.64,16630.19,26856.03,3660.36,406,Retail Pharmacy,Q2,June
TXN002218,2025-09-13,North,USA,Trulicity,Diabetes,Metro Health,Non-Prescriber,Rep_013,180,130442.9,23479.72,55741.86,51221.32,3236.4,475,Retail Pharmacy,Q3,September
TXN002219,2024-11-03,Central,UAE,Avastin,Oncology,Mercy General,Non-Prescriber,Rep_024,371,249114.49,18504.78,103444.73,127164.98,14815.12,184,Online Pharmacy,Q4,November
TXN002220,2025-10-03,East,India,Avastin,Oncology,Apollo Hospital,Medium Prescriber,Rep_013,379,125732.23,6065.16,40745.64,78921.43,2924.16,375,Hospital,Q4,October
TXN002221,2024-11-30,West,Germany,Opdivo,Oncology,St. Luke's,High Prescriber,Rep_015,256,72108.34,4209.73,31996.75,35901.86,2314.81,310,Hospital,Q4,November
TXN002222,2025-07-24,West,Germany,Keytruda,Oncology,St. Luke's,Medium Prescriber,Rep_025,282,154844.4,13387.66,41792.06,99664.68,8458.8,78,Online Pharmacy,Q3,July
TXN002223,2024-02-08,East,India,Avastin,Oncology,St. Luke's,Low Prescriber,Rep_019,212,60401.49,2710.01,16620.29,41071.19,2576.42,293,Online Pharmacy,Q1,February
TXN002224,2023-10-10,Central,UAE,Jardiance,Diabetes,Metro Health,Low Prescriber,Rep_020,324,150867.52,14451.16,65114.59,71301.77,8263.57,112,Online Pharmacy,Q4,October
TXN002225,2024-10-28,South,Brazil,Trulicity,Diabetes,Cleveland Partners,High Prescriber,Rep_034,212,119284.34,8672.68,53034.96,57576.7,9080.28,54,Retail Pharmacy,Q4,October
TXN002226,2024-07-31,East,India,Trulicity,Diabetes,Sunrise Clinic,Medium Prescriber,Rep_030,141,8171.77,743.59,2917.88,4510.3,641.67,371,Retail Pharmacy,Q3,July
TXN002227,2023-11-15,West,Germany,Herceptin,Oncology,Sunrise Clinic,Low Prescriber,Rep_040,201,144760.17,6291.35,38709.06,99759.76,8342.92,227,Retail Pharmacy,Q4,November
TXN002228,2024-08-29,West,Germany,Brilinta,Cardiology,Mercy General,Medium Prescriber,Rep_021,53,6251.77,339.47,1761.74,4150.56,487.37,309,Retail Pharmacy,Q3,August
TXN002229,2023-08-19,Central,UAE,Brilinta,Cardiology,Mercy General,Low Prescriber,Rep_008,110,9325.37,876.63,2515.38,5933.36,342.77,99,Hospital,Q3,August
TXN002230,2024-08-31,East,India,Keytruda,Oncology,Mercy General,Medium Prescriber,Rep_011,105,64599.88,5770.98,24155.83,34673.07,3235.57,218,Retail Pharmacy,Q3,August
TXN002231,2024-11-19,Central,UAE,Eliquis,Cardiology,Apollo Hospital,Medium Prescriber,Rep_019,335,178816.81,8139.0,49839.5,120838.31,14076.05,70,Hospital,Q4,November
TXN002232,2023-12-13,South,Brazil,Ozempic,Diabetes,Cleveland Partners,Medium Prescriber,Rep_004,369,127901.17,8888.18,54800.72,64212.27,10184.88,38,Retail Pharmacy,Q4,December
TXN002233,2024-07-29,West,Germany,Prevnar,Vaccines,Sunrise Clinic,Non-Prescriber,Rep_007,96,29567.01,2374.81,8654.68,18537.52,1759.86,467,Government,Q3,July
TXN002234,2023-10-04,North,USA,Keytruda,Oncology,City Medical Center,Low Prescriber,Rep_008,111,23545.73,4238.23,8536.88,10770.62,1554.47,107,Retail Pharmacy,Q4,October
TXN002235,2023-09-06,South,Brazil,Opdivo,Oncology,Sunrise Clinic,Medium Prescriber,Rep_014,292,169979.38,5912.15,62456.76,101610.47,9493.89,185,Hospital,Q3,September
TXN002236,2024-05-10,East,India,Eliquis,Cardiology,City Medical Center,Non-Prescriber,Rep_008,148,79700.78,4850.15,26267.06,48583.57,3339.71,177,Online Pharmacy,Q2,May
TXN002237,2024-07-31,Central,UAE,Nurtec,Neurology,St. Luke's,High Prescriber,Rep_010,376,222516.59,16024.42,78189.31,128302.86,13706.4,249,Hospital,Q3,July
TXN002238,2023-05-15,West,Germany,Trulicity,Diabetes,Mercy General,High Prescriber,Rep_030,417,298563.85,13073.44,100893.43,184596.98,19395.88,338,Government,Q2,May
TXN002239,2024-01-15,East,India,Avastin,Oncology,St. Luke's,Non-Prescriber,Rep_025,262,206839.86,16990.96,87614.19,102234.71,12498.07,126,Government,Q1,January
TXN002240,2024-09-28,East,India,Trulicity,Diabetes,Mercy General,Medium Prescriber,Rep_005,236,79772.35,4970.69,24280.06,50521.6,2907.54,77,Retail Pharmacy,Q3,September
TXN002241,2023-09-22,West,Germany,Avastin,Oncology,Sunrise Clinic,High Prescriber,Rep_018,64,49294.13,2905.29,19493.96,26894.88,1530.23,420,Retail Pharmacy,Q3,September
TXN002242,2025-08-09,East,India,Avastin,Oncology,Sunrise Clinic,Low Prescriber,Rep_011,445,64199.21,5093.99,24430.17,34675.05,2600.27,133,Hospital,Q3,August
TXN002243,2023-10-24,East,India,Trulicity,Diabetes,Sunrise Clinic,Non-Prescriber,Rep_029,198,78803.59,6537.04,28912.99,43353.56,1830.46,450,Online Pharmacy,Q4,October
TXN002244,2025-04-08,North,USA,Aduhelm,Neurology,Sunrise Clinic,Non-Prescriber,Rep_035,400,187706.08,33787.09,69976.03,83942.96,14230.27,344,Retail Pharmacy,Q2,April
TXN002245,2024-06-14,Central,UAE,Opdivo,Oncology,Metro Health,Low Prescriber,Rep_028,445,178312.67,6198.76,52050.52,120063.39,3652.63,399,Hospital,Q2,June
TXN002246,2024-11-29,South,Brazil,Opdivo,Oncology,St. Luke's,Medium Prescriber,Rep_003,407,57460.16,4546.43,22032.6,30881.13,2012.85,415,Government,Q4,November
TXN002247,2024-10-18,Central,UAE,Aduhelm,Neurology,City Medical Center,High Prescriber,Rep_001,471,33413.66,3280.7,13829.34,16303.62,815.46,252,Hospital,Q4,October
TXN002248,2025-08-18,North,USA,Opdivo,Oncology,Metro Health,Non-Prescriber,Rep_025,207,33682.76,6062.9,14387.92,13231.94,2678.88,74,Retail Pharmacy,Q3,August
TXN002249,2025-01-01,East,India,Keytruda,Oncology,Cleveland Partners,Low Prescriber,Rep_002,164,88587.68,6003.14,32925.0,49659.54,4675.02,139,Government,Q1,January
TXN002250,2024-05-25,West,Germany,Vyepti,Neurology,Metro Health,High Prescriber,Rep_010,322,29672.29,2671.37,12207.69,14793.23,650.87,71,Online Pharmacy,Q2,May
TXN002251,2023-04-19,West,Germany,Herceptin,Oncology,Sunrise Clinic,High Prescriber,Rep_026,187,87066.65,6324.74,29952.3,50789.61,3437.74,114,Hospital,Q2,April
TXN002252,2025-03-14,West,Germany,Brilinta,Cardiology,St. Luke's,Medium Prescriber,Rep_034,119,82710.92,7494.9,25976.65,49239.37,4372.33,322,Hospital,Q1,March
TXN002253,2023-03-14,East,India,Brilinta,Cardiology,St. Luke's,High Prescriber,Rep_006,178,30178.98,1600.86,10349.22,18228.9,2137.48,471,Government,Q1,March
TXN002254,2023-05-12,North,USA,Opdivo,Oncology,Cleveland Partners,Non-Prescriber,Rep_025,147,61150.94,11007.17,24866.55,25277.22,4257.04,438,Online Pharmacy,Q2,May
TXN002255,2025-09-06,East,India,Vyepti,Neurology,Sunrise Clinic,Medium Prescriber,Rep_036,182,33273.23,2567.72,10696.52,20008.99,2294.65,279,Retail Pharmacy,Q3,September
TXN002256,2025-11-10,South,Brazil,Jardiance,Diabetes,St. Luke's,Medium Prescriber,Rep_034,230,174552.58,9943.87,76404.88,88203.83,6362.92,148,Retail Pharmacy,Q4,November
TXN002257,2025-10-23,Central,UAE,Prevnar,Vaccines,Apollo Hospital,Low Prescriber,Rep_040,271,55895.59,3194.65,21137.88,31563.06,4051.66,347,Government,Q4,October
TXN002258,2024-07-09,West,Germany,Comirnaty,Vaccines,Sunrise Clinic,Non-Prescriber,Rep_020,311,165580.61,15142.48,54961.31,95476.82,7471.25,287,Hospital,Q3,July
TXN002259,2025-09-11,North,USA,Shingrix,Vaccines,Metro Health,Non-Prescriber,Rep_023,297,96589.7,17386.15,25888.64,53314.91,6487.59,195,Government,Q3,September
TXN002260,2023-02-09,South,Brazil,Eliquis,Cardiology,Cleveland Partners,Low Prescriber,Rep_035,423,92640.53,2999.63,38773.1,50867.8,3324.89,211,Online Pharmacy,Q1,February
TXN002261,2024-04-30,South,Brazil,Avastin,Oncology,Cleveland Partners,High Prescriber,Rep_013,327,219603.07,10089.7,91389.85,118123.52,8033.48,213,Hospital,Q2,April
TXN002262,2025-10-23,Central,UAE,Avastin,Oncology,St. Luke's,High Prescriber,Rep_029,350,245909.99,22881.93,77510.36,145517.7,6276.03,144,Retail Pharmacy,Q4,October
TXN002263,2023-02-27,South,Brazil,Trulicity,Diabetes,St. Luke's,Medium Prescriber,Rep_009,373,88458.21,5300.31,30160.83,52997.07,3342.18,498,Government,Q1,February
TXN002264,2023-10-31,South,Brazil,Entresto,Cardiology,Cleveland Partners,Non-Prescriber,Rep_014,123,47026.15,3344.51,20757.33,22924.31,2559.89,121,Online Pharmacy,Q4,October
TXN002265,2024-01-23,South,Brazil,Keytruda,Oncology,Apollo Hospital,Non-Prescriber,Rep_002,323,101066.83,7852.38,27632.67,65581.78,6533.13,124,Retail Pharmacy,Q1,January
TXN002266,2024-10-20,South,Brazil,Herceptin,Oncology,Mercy General,Medium Prescriber,Rep_001,154,82438.24,8049.44,34513.14,39875.66,4253.24,142,Retail Pharmacy,Q4,October
TXN002267,2024-02-29,Central,UAE,Keytruda,Oncology,Apollo Hospital,Medium Prescriber,Rep_025,236,99405.03,5968.65,25081.34,68355.04,5376.06,106,Government,Q1,February
TXN002268,2023-12-09,East,India,Aduhelm,Neurology,Sunrise Clinic,High Prescriber,Rep_020,73,50901.88,1572.69,14573.44,34755.75,2881.57,417,Government,Q4,December
TXN002269,2025-05-28,East,India,Keytruda,Oncology,Mercy General,Low Prescriber,Rep_027,271,15539.39,1134.46,4265.34,10139.59,663.75,167,Online Pharmacy,Q2,May
TXN002270,2024-01-06,Central,UAE,Opdivo,Oncology,Sunrise Clinic,Low Prescriber,Rep_039,212,100375.55,5580.42,37986.12,56809.01,2177.62,216,Government,Q1,January
TXN002271,2025-08-09,East,India,Herceptin,Oncology,St. Luke's,Medium Prescriber,Rep_011,110,78241.21,5198.31,29911.18,43131.72,3244.02,224,Government,Q3,August
TXN002272,2025-06-03,South,Brazil,Avastin,Oncology,Apollo Hospital,Non-Prescriber,Rep_005,173,135837.65,12061.44,60866.52,62909.69,4882.44,429,Online Pharmacy,Q2,June
TXN002273,2024-01-29,North,USA,Trulicity,Diabetes,Sunrise Clinic,Low Prescriber,Rep_038,323,137577.03,24763.87,52906.42,59906.74,4283.38,350,Government,Q1,January
TXN002274,2024-01-04,West,Germany,Herceptin,Oncology,Cleveland Partners,High Prescriber,Rep_018,173,55324.79,2305.23,23148.59,29870.97,2398.06,288,Hospital,Q1,January
TXN002275,2025-08-03,Central,UAE,Eliquis,Cardiology,City Medical Center,Medium Prescriber,Rep_030,523,317465.02,31742.93,124480.47,161241.62,19264.74,344,Government,Q3,August
TXN002276,2025-11-17,South,Brazil,Ozempic,Diabetes,St. Luke's,Non-Prescriber,Rep_001,440,43484.55,2856.52,19213.54,21414.49,3423.75,23,Government,Q4,November
TXN002277,2023-12-02,North,USA,Opdivo,Oncology,City Medical Center,Low Prescriber,Rep_020,457,266618.65,47991.36,80563.64,138063.65,11651.94,427,Government,Q4,December
TXN002278,2024-10-13,South,Brazil,Ozempic,Diabetes,St. Luke's,Non-Prescriber,Rep_032,317,149830.81,6041.66,58100.76,85688.39,4276.31,18,Online Pharmacy,Q4,October
TXN002279,2024-11-09,West,Germany,Herceptin,Oncology,St. Luke's,Non-Prescriber,Rep_016,235,114312.55,5978.09,37337.98,70996.48,5305.27,240,Hospital,Q4,November
TXN002280,2025-07-07,South,Brazil,Shingrix,Vaccines,Cleveland Partners,Non-Prescriber,Rep_014,295,18048.57,1078.49,6644.2,10325.88,661.92,166,Government,Q3,July
TXN002281,2025-03-19,West,Germany,Herceptin,Oncology,Sunrise Clinic,Medium Prescriber,Rep_022,267,21646.61,1162.05,6064.23,14420.33,1255.74,353,Online Pharmacy,Q1,March
TXN002282,2024-12-23,South,Brazil,Nurtec,Neurology,Sunrise Clinic,Non-Prescriber,Rep_020,142,69996.36,6138.02,26687.18,37171.16,2509.96,76,Government,Q4,December
TXN002283,2025-12-08,Central,UAE,Herceptin,Oncology,Sunrise Clinic,Low Prescriber,Rep_006,261,78187.98,3805.91,26981.52,47400.55,3533.07,198,Government,Q4,December
TXN002284,2023-02-06,East,India,Opdivo,Oncology,Apollo Hospital,Non-Prescriber,Rep_025,88,36145.58,2971.82,12542.67,20631.09,1505.87,263,Online Pharmacy,Q1,February
TXN002285,2025-11-25,East,India,Ozempic,Diabetes,Cleveland Partners,Non-Prescriber,Rep_017,250,108639.64,5435.7,45677.49,57526.45,6063.2,25,Government,Q4,November
TXN002286,2024-01-16,West,Germany,Avastin,Oncology,Sunrise Clinic,High Prescriber,Rep_006,294,136980.64,13105.92,56528.33,67346.39,8213.55,207,Government,Q1,January
TXN002287,2023-03-28,West,Germany,Trulicity,Diabetes,Cleveland Partners,Medium Prescriber,Rep_027,216,77700.59,7200.87,25012.09,45487.63,2893.88,208,Government,Q1,March
TXN002288,2024-09-01,North,USA,Trulicity,Diabetes,St. Luke's,High Prescriber,Rep_009,419,148879.47,26798.3,52339.3,69741.87,5632.97,222,Hospital,Q3,September
TXN002289,2023-08-26,North,USA,Herceptin,Oncology,Apollo Hospital,High Prescriber,Rep_003,75,32509.21,5851.66,8965.82,17691.73,1195.57,378,Retail Pharmacy,Q3,August
TXN002290,2024-04-29,East,India,Shingrix,Vaccines,City Medical Center,Low Prescriber,Rep_038,293,215772.04,20690.83,89000.49,106080.72,8152.71,205,Online Pharmacy,Q2,April
TXN002291,2025-01-25,South,Brazil,Opdivo,Oncology,Apollo Hospital,High Prescriber,Rep_040,149,115453.99,4145.65,47769.41,63538.93,4675.13,432,Online Pharmacy,Q1,January
TXN002292,2025-11-15,North,USA,Opdivo,Oncology,Metro Health,Low Prescriber,Rep_021,137,33608.32,6049.5,9775.98,17782.84,1389.39,83,Retail Pharmacy,Q4,November
TXN002293,2024-05-16,East,India,Vyepti,Neurology,Cleveland Partners,Non-Prescriber,Rep_005,591,183220.51,9733.76,55688.72,117798.03,9698.01,212,Hospital,Q2,May
TXN002294,2025-08-05,West,Germany,Keytruda,Oncology,St. Luke's,High Prescriber,Rep_016,237,80055.75,4761.03,32824.96,42469.76,2949.29,442,Hospital,Q3,August
TXN002295,2024-01-19,West,Germany,Nurtec,Neurology,Cleveland Partners,High Prescriber,Rep_028,175,51427.8,1745.62,15015.59,34666.59,2289.58,383,Hospital,Q1,January
TXN002296,2023-12-17,West,Germany,Brilinta,Cardiology,St. Luke's,High Prescriber,Rep_028,296,61258.79,5692.73,15580.92,39985.14,4550.77,100,Government,Q4,December
TXN002297,2025-11-27,West,Germany,Brilinta,Cardiology,City Medical Center,Low Prescriber,Rep_038,251,22856.8,1959.08,8576.25,12321.47,1722.48,296,Retail Pharmacy,Q4,November
TXN002298,2024-03-18,East,India,Entresto,Cardiology,Metro Health,Medium Prescriber,Rep_015,333,153072.47,7007.27,42925.75,103139.45,8988.16,314,Retail Pharmacy,Q1,March
TXN002299,2023-12-15,East,India,Trulicity,Diabetes,Metro Health,High Prescriber,Rep_030,107,61360.33,2400.15,23502.11,35458.07,2455.27,127,Retail Pharmacy,Q4,December
TXN002300,2025-03-15,Central,UAE,Vyepti,Neurology,Metro Health,Low Prescriber,Rep_009,396,173016.99,10800.1,77472.13,84744.76,9579.68,197,Retail Pharmacy,Q1,March
TXN002301,2023-06-26,North,USA,Eliquis,Cardiology,Cleveland Partners,Non-Prescriber,Rep_035,263,27918.51,5025.33,7746.28,15146.9,1565.4,283,Hospital,Q2,June
TXN002302,2024-03-24,East,India,Opdivo,Oncology,City Medical Center,Non-Prescriber,Rep_035,266,169981.31,5289.78,44114.94,120576.59,9007.37,497,Hospital,Q1,March
TXN002303,2025-11-09,North,USA,Vyepti,Neurology,St. Luke's,Medium Prescriber,Rep_033,110,50748.55,9134.74,20845.77,20768.04,1553.65,167,Government,Q4,November
TXN002304,2025-03-02,South,Brazil,Opdivo,Oncology,Sunrise Clinic,High Prescriber,Rep_013,291,19543.11,1846.61,7188.67,10507.83,1299.31,229,Hospital,Q1,March
TXN002305,2023-03-19,West,Germany,Trulicity,Diabetes,Sunrise Clinic,High Prescriber,Rep_002,366,200821.98,13925.29,78735.01,108161.68,13065.13,133,Government,Q1,March
TXN002306,2024-10-05,South,Brazil,Entresto,Cardiology,Sunrise Clinic,Medium Prescriber,Rep_018,322,95985.26,7991.85,34196.81,53796.6,3187.23,326,Hospital,Q4,October
TXN002307,2023-01-01,South,Brazil,Vyepti,Neurology,City Medical Center,High Prescriber,Rep_040,294,180953.34,11432.75,77760.56,91760.03,12276.95,455,Hospital,Q1,January
TXN002308,2023-04-18,West,Germany,Prevnar,Vaccines,Metro Health,Medium Prescriber,Rep_019,211,143506.32,13381.25,62981.01,67144.06,10439.96,378,Retail Pharmacy,Q2,April
TXN002309,2023-08-06,North,USA,Opdivo,Oncology,St. Luke's,Non-Prescriber,Rep_025,310,104384.07,18789.13,33968.82,51626.12,3577.89,444,Retail Pharmacy,Q3,August
TXN002310,2025-07-12,North,USA,Herceptin,Oncology,Mercy General,Non-Prescriber,Rep_020,132,72304.55,13014.82,24167.07,35122.66,2699.69,234,Online Pharmacy,Q3,July
TXN002311,2025-07-05,Central,UAE,Herceptin,Oncology,Sunrise Clinic,Low Prescriber,Rep_017,321,180000.63,11159.54,63279.36,105561.73,6485.12,83,Government,Q3,July
TXN002312,2025-08-24,North,USA,Avastin,Oncology,St. Luke's,Low Prescriber,Rep_038,180,24914.62,4484.63,7353.91,13076.08,889.42,80,Hospital,Q3,August
TXN002313,2024-04-06,West,Germany,Brilinta,Cardiology,Metro Health,High Prescriber,Rep_023,210,165669.66,14657.53,41923.11,109089.02,9444.86,165,Online Pharmacy,Q2,April
TXN002314,2024-10-10,West,Germany,Herceptin,Oncology,Metro Health,High Prescriber,Rep_001,162,103567.73,8719.73,33257.57,61590.43,2123.52,380,Retail Pharmacy,Q4,October
TXN002315,2024-10-23,West,Germany,Entresto,Cardiology,Mercy General,Medium Prescriber,Rep_006,198,47746.86,4749.21,14060.73,28936.92,2009.67,317,Government,Q4,October
TXN002316,2025-11-03,South,Brazil,Opdivo,Oncology,City Medical Center,Medium Prescriber,Rep_039,367,196973.31,16616.99,59459.34,120896.98,13716.04,238,Government,Q4,November
TXN002317,2025-04-25,North,USA,Herceptin,Oncology,Metro Health,Non-Prescriber,Rep_023,292,149559.83,26920.77,52036.15,70602.91,7111.85,382,Retail Pharmacy,Q2,April
TXN002318,2024-04-15,South,Brazil,Jardiance,Diabetes,Cleveland Partners,Non-Prescriber,Rep_029,265,48147.26,2370.8,20889.73,24886.73,2226.0,473,Hospital,Q2,April
TXN002319,2024-12-27,Central,UAE,Vyepti,Neurology,Metro Health,High Prescriber,Rep_036,334,63640.64,3687.52,26544.64,33408.48,3479.4,431,Retail Pharmacy,Q4,December
TXN002320,2023-07-16,North,USA,Opdivo,Oncology,Metro Health,Low Prescriber,Rep_038,169,68676.83,12361.83,18052.74,38262.26,2698.44,208,Retail Pharmacy,Q3,July
TXN002321,2024-08-06,East,India,Herceptin,Oncology,Metro Health,High Prescriber,Rep_017,253,28119.58,862.44,10212.62,17044.52,1624.27,72,Retail Pharmacy,Q3,August
TXN002322,2023-01-30,North,USA,Avastin,Oncology,Mercy General,Medium Prescriber,Rep_007,106,84572.39,15223.03,27152.17,42197.19,3652.42,104,Government,Q1,January
TXN002323,2025-03-31,South,Brazil,Jardiance,Diabetes,Mercy General,Low Prescriber,Rep_007,301,153778.49,13525.4,52039.57,88213.52,11841.53,298,Government,Q1,March
TXN002324,2024-12-23,East,India,Nurtec,Neurology,Mercy General,High Prescriber,Rep_035,236,93094.76,9078.13,27350.84,56665.79,5145.48,365,Government,Q4,December
TXN002325,2024-04-15,East,India,Herceptin,Oncology,Mercy General,Low Prescriber,Rep_007,166,39734.22,2302.08,17397.04,20035.1,2401.28,164,Online Pharmacy,Q2,April
TXN002326,2025-04-27,South,Brazil,Vyepti,Neurology,Cleveland Partners,Low Prescriber,Rep_030,330,33675.67,1659.57,12479.89,19536.21,1088.18,352,Retail Pharmacy,Q2,April
TXN002327,2023-07-02,South,Brazil,Shingrix,Vaccines,Cleveland Partners,Non-Prescriber,Rep_001,121,35770.67,1913.52,13489.9,20367.25,1065.46,394,Government,Q3,July
TXN002328,2024-09-18,East,India,Eliquis,Cardiology,Sunrise Clinic,Low Prescriber,Rep_030,188,13910.05,1027.3,5502.85,7379.9,1016.98,334,Hospital,Q3,September
TXN002329,2024-04-04,North,USA,Avastin,Oncology,Metro Health,Medium Prescriber,Rep_029,140,50305.84,9055.05,13226.81,28023.98,2772.23,108,Retail Pharmacy,Q2,April
TXN002330,2023-11-09,South,Brazil,Eliquis,Cardiology,Sunrise Clinic,Low Prescriber,Rep_036,108,32341.02,2790.7,14063.53,15486.79,2120.74,247,Online Pharmacy,Q4,November
TXN002331,2023-04-08,East,India,Brilinta,Cardiology,City Medical Center,Non-Prescriber,Rep_013,233,180227.35,12700.29,75334.28,92192.78,13793.27,306,Retail Pharmacy,Q2,April
TXN002332,2024-03-25,North,USA,Avastin,Oncology,City Medical Center,Medium Prescriber,Rep_013,401,27344.07,4921.93,9008.62,13413.52,1338.67,126,Hospital,Q1,March
TXN002333,2025-11-08,East,India,Opdivo,Oncology,Sunrise Clinic,Non-Prescriber,Rep_011,202,25375.04,1068.9,8114.7,16191.44,1009.42,387,Retail Pharmacy,Q4,November
TXN002334,2024-02-21,West,Germany,Ozempic,Diabetes,St. Luke's,Medium Prescriber,Rep_034,200,28661.38,950.04,12549.73,15161.61,1102.91,37,Online Pharmacy,Q1,February
TXN002335,2023-12-18,West,Germany,Keytruda,Oncology,Sunrise Clinic,Non-Prescriber,Rep_006,197,116117.74,5924.93,46535.56,63657.25,2837.17,285,Online Pharmacy,Q4,December
TXN002336,2025-10-25,North,USA,Jardiance,Diabetes,Cleveland Partners,Medium Prescriber,Rep_023,260,167822.27,30208.01,58700.3,78913.96,5711.09,152,Online Pharmacy,Q4,October
TXN002337,2023-06-24,North,USA,Avastin,Oncology,Apollo Hospital,Non-Prescriber,Rep_019,227,162977.52,29335.95,71427.84,62213.73,8107.73,209,Online Pharmacy,Q2,June
TXN002338,2024-07-09,East,India,Entresto,Cardiology,Mercy General,High Prescriber,Rep_015,240,155440.73,6566.65,42421.7,106452.38,8919.85,229,Government,Q3,July
TXN002339,2025-07-29,West,Germany,Vyepti,Neurology,Cleveland Partners,Non-Prescriber,Rep_014,289,154529.61,13429.13,54750.7,86349.78,9747.46,453,Retail Pharmacy,Q3,July
TXN002340,2025-11-13,South,Brazil,Comirnaty,Vaccines,Apollo Hospital,Medium Prescriber,Rep_030,131,10418.74,792.34,4371.65,5254.75,317.27,347,Online Pharmacy,Q4,November
TXN002341,2024-11-04,East,India,Keytruda,Oncology,Cleveland Partners,High Prescriber,Rep_005,188,114053.36,7994.24,45940.15,60118.97,2759.38,268,Retail Pharmacy,Q4,November
TXN002342,2025-07-24,Central,UAE,Keytruda,Oncology,Apollo Hospital,Low Prescriber,Rep_027,185,43271.65,1543.41,13020.91,28707.33,1024.27,288,Online Pharmacy,Q3,July
TXN002343,2025-02-16,East,India,Aduhelm,Neurology,Mercy General,Low Prescriber,Rep_011,184,76558.57,2825.95,29513.96,44218.66,4116.68,438,Online Pharmacy,Q1,February
TXN002344,2024-10-21,Central,UAE,Avastin,Oncology,Apollo Hospital,Low Prescriber,Rep_010,160,10513.44,534.85,2735.51,7243.08,838.24,242,Retail Pharmacy,Q4,October
TXN002345,2024-04-24,Central,UAE,Herceptin,Oncology,Metro Health,High Prescriber,Rep_023,282,190989.3,9157.36,50656.2,131175.74,4183.43,322,Government,Q2,April
TXN002346,2023-02-06,West,Germany,Herceptin,Oncology,City Medical Center,Non-Prescriber,Rep_038,208,87270.91,7674.3,28353.9,51242.71,3831.38,125,Government,Q1,February
TXN002347,2023-07-03,South,Brazil,Entresto,Cardiology,Mercy General,Medium Prescriber,Rep_022,123,54051.28,3322.71,23746.39,26982.18,1989.57,181,Hospital,Q3,July
TXN002348,2024-06-09,North,USA,Keytruda,Oncology,Apollo Hospital,High Prescriber,Rep_034,175,42101.18,7578.21,14062.72,20460.25,2806.66,349,Retail Pharmacy,Q2,June
TXN002349,2023-05-01,West,Germany,Keytruda,Oncology,Metro Health,Low Prescriber,Rep_021,200,132215.28,11530.63,33427.29,87257.36,7634.22,488,Online Pharmacy,Q2,May
TXN002350,2023-09-27,North,USA,Jardiance,Diabetes,Mercy General,Medium Prescriber,Rep_030,217,93395.97,16811.27,27200.37,49384.33,5626.03,361,Retail Pharmacy,Q3,September
TXN002351,2024-03-13,Central,UAE,Entresto,Cardiology,Cleveland Partners,High Prescriber,Rep_014,217,16043.33,543.65,5737.53,9762.15,644.39,451,Online Pharmacy,Q1,March
TXN002352,2025-11-10,East,India,Entresto,Cardiology,St. Luke's,High Prescriber,Rep_032,75,28264.02,2506.88,10250.08,15507.06,1205.11,130,Hospital,Q4,November
TXN002353,2024-05-13,Central,UAE,Eliquis,Cardiology,Metro Health,Non-Prescriber,Rep_037,208,149858.11,13457.95,66562.82,69837.34,9349.34,340,Online Pharmacy,Q2,May
TXN002354,2023-12-27,Central,UAE,Jardiance,Diabetes,Sunrise Clinic,Medium Prescriber,Rep_039,165,61402.73,4574.28,22069.71,34758.74,4253.22,418,Government,Q4,December
TXN002355,2025-12-27,North,USA,Keytruda,Oncology,Mercy General,Medium Prescriber,Rep_015,165,126104.62,22698.83,45208.83,58196.96,7717.36,417,Government,Q4,December
TXN002356,2025-11-30,Central,UAE,Aduhelm,Neurology,Mercy General,High Prescriber,Rep_032,210,19990.52,750.48,8135.49,11104.55,637.58,62,Government,Q4,November
TXN002357,2023-06-20,Central,UAE,Keytruda,Oncology,City Medical Center,High Prescriber,Rep_003,347,102245.79,4601.49,45985.67,51658.63,6161.22,232,Government,Q2,June
TXN002358,2025-07-24,West,Germany,Eliquis,Cardiology,Metro Health,Medium Prescriber,Rep_003,305,99015.2,9435.68,35244.16,54335.36,6746.06,309,Online Pharmacy,Q3,July
TXN002359,2023-04-23,North,USA,Trulicity,Diabetes,Metro Health,Low Prescriber,Rep_026,196,89968.99,16194.42,28252.06,45522.51,3546.42,109,Retail Pharmacy,Q2,April
TXN002360,2023-05-08,Central,UAE,Entresto,Cardiology,Mercy General,Non-Prescriber,Rep_040,139,85845.5,3006.22,36057.5,46781.78,5988.53,262,Online Pharmacy,Q2,May
TXN002361,2024-02-02,West,Germany,Entresto,Cardiology,Apollo Hospital,Medium Prescriber,Rep_017,203,136841.68,11163.26,57464.4,68214.02,10296.76,401,Hospital,Q1,February
TXN002362,2025-03-21,South,Brazil,Herceptin,Oncology,Cleveland Partners,High Prescriber,Rep_035,218,111705.38,5508.14,37883.2,68314.04,3654.26,72,Hospital,Q1,March
TXN002363,2023-03-01,East,India,Comirnaty,Vaccines,St. Luke's,Low Prescriber,Rep_029,462,194580.98,10658.64,60708.26,123214.08,8284.71,325,Online Pharmacy,Q1,March
TXN002364,2025-01-02,East,India,Opdivo,Oncology,Cleveland Partners,Non-Prescriber,Rep_039,217,14185.0,623.67,4818.3,8743.03,827.08,145,Online Pharmacy,Q1,January
TXN002365,2024-01-17,East,India,Entresto,Cardiology,City Medical Center,Low Prescriber,Rep_002,118,22272.7,1925.11,7640.7,12706.89,1038.48,386,Retail Pharmacy,Q1,January
TXN002366,2025-12-17,North,USA,Brilinta,Cardiology,Apollo Hospital,Medium Prescriber,Rep_004,162,61919.06,11145.43,17968.61,32805.02,3439.92,283,Government,Q4,December
TXN002367,2025-12-10,East,India,Opdivo,Oncology,St. Luke's,High Prescriber,Rep_009,250,43624.81,1935.8,13984.58,27704.43,1831.35,385,Government,Q4,December
TXN002368,2023-04-18,East,India,Aduhelm,Neurology,Cleveland Partners,Medium Prescriber,Rep_036,320,134823.25,10859.4,57295.13,66668.72,2957.06,295,Online Pharmacy,Q2,April
TXN002369,2024-08-25,Central,UAE,Avastin,Oncology,Mercy General,Non-Prescriber,Rep_003,180,20072.42,661.43,6899.73,12511.26,1417.28,469,Online Pharmacy,Q3,August
TXN002370,2023-08-04,West,Germany,Nurtec,Neurology,Metro Health,Low Prescriber,Rep_030,274,181383.2,17899.87,69294.2,94189.13,10427.47,193,Online Pharmacy,Q3,August
TXN002371,2023-01-20,South,Brazil,Vyepti,Neurology,Apollo Hospital,Non-Prescriber,Rep_008,63,17869.79,1671.08,7316.9,8881.81,1113.81,315,Retail Pharmacy,Q1,January
TXN002372,2023-10-09,North,USA,Nurtec,Neurology,Metro Health,Non-Prescriber,Rep_006,419,225835.88,40650.46,72220.54,112964.88,5055.44,164,Retail Pharmacy,Q4,October
TXN002373,2025-04-01,North,USA,Opdivo,Oncology,Apollo Hospital,High Prescriber,Rep_014,252,119205.21,21456.94,38463.62,59284.65,3832.4,317,Retail Pharmacy,Q2,April
TXN002374,2025-11-28,West,Germany,Jardiance,Diabetes,Cleveland Partners,Low Prescriber,Rep_031,169,113816.48,5412.58,38939.75,69464.15,3374.45,231,Online Pharmacy,Q4,November
TXN002375,2024-05-02,East,India,Opdivo,Oncology,Sunrise Clinic,High Prescriber,Rep_011,308,134978.22,8071.42,43685.53,83221.27,9056.63,82,Retail Pharmacy,Q2,May
TXN002376,2023-07-20,Central,UAE,Prevnar,Vaccines,Mercy General,Non-Prescriber,Rep_030,87,26245.12,1500.69,7394.52,17349.91,1349.2,385,Retail Pharmacy,Q3,July
TXN002377,2025-09-20,North,USA,Keytruda,Oncology,Cleveland Partners,Non-Prescriber,Rep_025,153,113155.27,20367.95,31981.47,60805.85,6056.88,299,Online Pharmacy,Q3,September
TXN002378,2023-04-30,North,USA,Vyepti,Neurology,City Medical Center,Non-Prescriber,Rep_034,289,67928.03,12227.05,22326.04,33374.94,5233.59,392,Government,Q2,April
TXN002379,2025-11-23,West,Germany,Ozempic,Diabetes,Sunrise Clinic,Low Prescriber,Rep_018,108,64516.09,4184.4,26403.56,33928.13,3860.43,30,Retail Pharmacy,Q4,November
TXN002380,2023-06-11,West,Germany,Keytruda,Oncology,Cleveland Partners,High Prescriber,Rep_022,222,177365.27,14770.4,52916.33,109678.54,10824.19,181,Hospital,Q2,June
TXN002381,2025-12-27,East,India,Avastin,Oncology,Sunrise Clinic,High Prescriber,Rep_002,651,42628.2,2248.21,14055.21,26324.78,2478.59,468,Government,Q4,December
TXN002382,2023-10-05,North,USA,Entresto,Cardiology,Sunrise Clinic,High Prescriber,Rep_022,201,111493.24,20068.78,36087.07,55337.39,4391.34,257,Hospital,Q4,October
TXN002383,2025-08-26,Central,UAE,Avastin,Oncology,Cleveland Partners,High Prescriber,Rep_032,156,80251.46,3754.37,22820.47,53676.62,6331.53,181,Hospital,Q3,August
TXN002384,2025-08-02,East,India,Opdivo,Oncology,City Medical Center,Low Prescriber,Rep_006,280,28328.65,2407.17,12468.41,13453.07,1318.61,122,Retail Pharmacy,Q3,August
TXN002385,2024-05-28,South,Brazil,Nurtec,Neurology,Sunrise Clinic,Low Prescriber,Rep_038,360,33008.89,2177.7,8854.93,21976.26,2556.53,160,Hospital,Q2,May
TXN002386,2023-06-04,South,Brazil,Ozempic,Diabetes,Cleveland Partners,Non-Prescriber,Rep_030,170,32246.9,2460.74,11238.23,18547.93,1392.99,15,Retail Pharmacy,Q2,June
TXN002387,2023-12-27,East,India,Prevnar,Vaccines,St. Luke's,Non-Prescriber,Rep_008,131,37127.8,1600.58,14428.16,21099.06,1316.35,268,Online Pharmacy,Q4,December
TXN002388,2025-11-17,South,Brazil,Herceptin,Oncology,City Medical Center,Medium Prescriber,Rep_036,343,165022.55,11968.09,71961.4,81093.06,4795.36,344,Government,Q4,November
TXN002389,2025-12-17,West,Germany,Brilinta,Cardiology,City Medical Center,Low Prescriber,Rep_001,368,84120.84,2917.58,22145.38,59057.88,1751.95,149,Retail Pharmacy,Q4,December
TXN002390,2025-10-01,South,Brazil,Herceptin,Oncology,Cleveland Partners,High Prescriber,Rep_040,552,307595.16,25192.71,112868.53,169533.92,11246.96,278,Online Pharmacy,Q4,October
TXN002391,2024-09-14,West,Germany,Eliquis,Cardiology,Cleveland Partners,High Prescriber,Rep_031,65,29757.6,2685.0,12597.69,14474.91,1674.58,227,Retail Pharmacy,Q3,September
TXN002392,2024-02-25,South,Brazil,Brilinta,Cardiology,Apollo Hospital,Low Prescriber,Rep_024,308,198123.4,6254.24,54459.06,137410.1,14099.79,425,Government,Q1,February
TXN002393,2023-04-10,South,Brazil,Keytruda,Oncology,City Medical Center,Non-Prescriber,Rep_004,235,108732.15,7978.27,44524.32,56229.56,6716.21,132,Hospital,Q2,April
TXN002394,2023-09-18,South,Brazil,Prevnar,Vaccines,Cleveland Partners,Non-Prescriber,Rep_018,164,72938.11,6119.37,29205.48,37613.26,4334.62,498,Government,Q3,September
TXN002395,2023-12-16,East,India,Eliquis,Cardiology,City Medical Center,Low Prescriber,Rep_014,204,10424.14,968.81,3202.81,6252.52,369.66,419,Online Pharmacy,Q4,December
TXN002396,2025-08-15,West,Germany,Ozempic,Diabetes,Apollo Hospital,Non-Prescriber,Rep_005,202,97250.74,4382.17,42606.39,50262.18,3457.78,39,Hospital,Q3,August
TXN002397,2025-07-09,South,Brazil,Herceptin,Oncology,Metro Health,Medium Prescriber,Rep_016,349,201842.9,15768.95,52748.64,133325.31,5366.35,415,Retail Pharmacy,Q3,July
TXN002398,2023-06-07,North,USA,Avastin,Oncology,Sunrise Clinic,Low Prescriber,Rep_004,247,95533.73,17196.07,26781.38,51556.28,5796.58,377,Hospital,Q2,June
TXN002399,2023-08-27,West,Germany,Entresto,Cardiology,Apollo Hospital,Non-Prescriber,Rep_012,264,120246.19,9273.34,40596.33,70376.52,4705.78,235,Retail Pharmacy,Q3,August
TXN002400,2024-02-02,North,USA,Aduhelm,Neurology,Metro Health,Non-Prescriber,Rep_037,340,29045.27,5228.15,11648.97,12168.15,1232.21,73,Retail Pharmacy,Q1,February
TXN002401,2025-04-18,West,Germany,Avastin,Oncology,City Medical Center,Medium Prescriber,Rep_017,326,222430.44,8051.71,56724.09,157654.64,7585.67,199,Online Pharmacy,Q2,April
TXN002402,2024-12-14,South,Brazil,Opdivo,Oncology,Metro Health,Non-Prescriber,Rep_004,210,66560.19,4938.51,28795.11,32826.57,4797.63,452,Hospital,Q4,December
TXN002403,2023-12-09,Central,UAE,Opdivo,Oncology,Cleveland Partners,Low Prescriber,Rep_017,122,56117.29,3081.67,22926.57,30109.05,3255.83,360,Retail Pharmacy,Q4,December
TXN002404,2023-08-01,East,India,Herceptin,Oncology,Cleveland Partners,Low Prescriber,Rep_008,376,167570.06,11519.88,48225.51,107824.67,6854.07,475,Government,Q3,August
TXN002405,2023-11-20,South,Brazil,Vyepti,Neurology,Cleveland Partners,High Prescriber,Rep_021,234,114222.57,10980.63,51154.22,52087.72,2981.15,425,Online Pharmacy,Q4,November
TXN002406,2024-10-16,North,USA,Ozempic,Diabetes,Metro Health,High Prescriber,Rep_001,191,27609.78,4969.76,10885.28,11754.74,1237.47,32,Retail Pharmacy,Q4,October
TXN002407,2023-10-09,North,USA,Jardiance,Diabetes,City Medical Center,Low Prescriber,Rep_009,331,174829.66,31469.34,69476.61,73883.71,4955.81,297,Retail Pharmacy,Q4,October
TXN002408,2025-11-30,South,Brazil,Entresto,Cardiology,St. Luke's,High Prescriber,Rep_034,144,44423.63,3827.75,15345.77,25250.11,3299.62,308,Retail Pharmacy,Q4,November
TXN002409,2025-03-02,South,Brazil,Brilinta,Cardiology,St. Luke's,Medium Prescriber,Rep_036,441,298227.38,19250.09,80205.21,198772.08,9973.25,369,Government,Q1,March
TXN002410,2024-06-06,West,Germany,Brilinta,Cardiology,Apollo Hospital,High Prescriber,Rep_006,305,201313.72,15302.61,67996.9,118014.21,14468.63,112,Retail Pharmacy,Q2,June
TXN002411,2024-02-12,Central,UAE,Nurtec,Neurology,Cleveland Partners,High Prescriber,Rep_031,199,54986.28,4630.15,19193.42,31162.71,2871.67,424,Retail Pharmacy,Q1,February
TXN002412,2023-10-11,East,India,Herceptin,Oncology,St. Luke's,High Prescriber,Rep_025,253,173813.95,13790.42,59683.45,100340.08,7697.05,227,Retail Pharmacy,Q4,October
TXN002413,2023-11-16,South,Brazil,Prevnar,Vaccines,Sunrise Clinic,Medium Prescriber,Rep_030,163,89141.74,2885.29,28973.74,57282.71,4498.58,379,Retail Pharmacy,Q4,November
TXN002414,2023-05-26,South,Brazil,Keytruda,Oncology,Mercy General,Medium Prescriber,Rep_009,275,115780.92,9695.53,45760.71,60324.68,3713.83,317,Hospital,Q2,May
TXN002415,2023-03-05,West,Germany,Eliquis,Cardiology,Metro Health,Medium Prescriber,Rep_022,127,16313.8,1171.25,4630.48,10512.07,1004.69,381,Hospital,Q1,March
TXN002416,2023-05-06,North,USA,Prevnar,Vaccines,Cleveland Partners,High Prescriber,Rep_005,283,179567.82,32322.21,50656.18,96589.43,8429.53,384,Government,Q2,May
TXN002417,2024-12-11,East,India,Aduhelm,Neurology,Apollo Hospital,High Prescriber,Rep_033,98,60563.53,4534.36,19105.65,36923.52,2470.56,393,Retail Pharmacy,Q4,December
TXN002418,2024-11-25,North,USA,Trulicity,Diabetes,Cleveland Partners,Non-Prescriber,Rep_031,99,33662.6,6059.27,9455.74,18147.59,1149.33,241,Hospital,Q4,November
TXN002419,2025-08-11,East,India,Jardiance,Diabetes,St. Luke's,Low Prescriber,Rep_028,242,126287.93,3848.23,56376.15,66063.55,3817.81,346,Online Pharmacy,Q3,August
TXN002420,2025-10-25,North,USA,Keytruda,Oncology,Apollo Hospital,Non-Prescriber,Rep_021,152,84435.93,15198.47,28215.67,41021.79,4413.25,71,Government,Q4,October
TXN002421,2024-05-04,South,Brazil,Opdivo,Oncology,Apollo Hospital,High Prescriber,Rep_039,400,185641.04,17947.13,65240.84,102453.07,8718.58,161,Online Pharmacy,Q2,May
TXN002422,2025-05-04,South,Brazil,Brilinta,Cardiology,City Medical Center,Low Prescriber,Rep_030,416,332705.53,17489.75,139225.79,175989.99,24080.95,498,Online Pharmacy,Q2,May
TXN002423,2025-12-16,North,USA,Aduhelm,Neurology,Apollo Hospital,Low Prescriber,Rep_006,320,67928.68,12227.16,24352.85,31348.67,4877.38,485,Government,Q4,December
TXN002424,2024-12-23,North,USA,Keytruda,Oncology,Metro Health,High Prescriber,Rep_012,195,26376.43,4747.76,11248.15,10380.52,1501.5,408,Government,Q4,December
TXN002425,2025-04-10,South,Brazil,Entresto,Cardiology,St. Luke's,Non-Prescriber,Rep_012,477,266148.47,11989.7,69872.03,184286.74,15902.34,104,Hospital,Q2,April
TXN002426,2024-08-02,North,USA,Herceptin,Oncology,Apollo Hospital,High Prescriber,Rep_002,186,77822.24,14008.0,29306.81,34507.43,1729.69,454,Government,Q3,August
TXN002427,2025-06-14,South,Brazil,Jardiance,Diabetes,Mercy General,Medium Prescriber,Rep_023,177,71316.39,6745.48,22070.62,42500.29,5301.28,74,Retail Pharmacy,Q2,June
TXN002428,2023-09-04,Central,UAE,Nurtec,Neurology,St. Luke's,Medium Prescriber,Rep_033,267,48421.85,4659.1,13709.15,30053.6,1043.02,364,Retail Pharmacy,Q3,September
TXN002429,2025-05-19,North,USA,Opdivo,Oncology,Apollo Hospital,Medium Prescriber,Rep_017,176,58669.99,10560.6,22126.11,25983.28,2954.9,422,Online Pharmacy,Q2,May
TXN002430,2023-03-12,East,India,Opdivo,Oncology,Cleveland Partners,Medium Prescriber,Rep_011,113,13989.27,720.76,6010.03,7258.48,771.68,456,Hospital,Q1,March
TXN002431,2024-07-31,South,Brazil,Ozempic,Diabetes,Apollo Hospital,Non-Prescriber,Rep_014,400,154978.36,6134.15,59479.11,89365.1,12027.27,29,Retail Pharmacy,Q3,July
TXN002432,2023-01-28,South,Brazil,Comirnaty,Vaccines,Sunrise Clinic,Low Prescriber,Rep_022,283,189314.9,16662.67,63114.92,109537.31,12047.54,251,Online Pharmacy,Q1,January
TXN002433,2025-10-07,North,USA,Nurtec,Neurology,Mercy General,Non-Prescriber,Rep_026,188,122050.14,21969.03,44060.71,56020.4,5731.97,132,Government,Q4,October
TXN002434,2025-06-05,South,Brazil,Brilinta,Cardiology,St. Luke's,High Prescriber,Rep_027,358,20935.62,1614.76,6341.21,12979.65,1633.3,188,Government,Q2,June
TXN002435,2024-11-29,South,Brazil,Trulicity,Diabetes,Mercy General,Non-Prescriber,Rep_032,230,45185.79,3002.17,15341.08,26842.54,3050.22,456,Retail Pharmacy,Q4,November
TXN002436,2024-05-10,Central,UAE,Ozempic,Diabetes,Cleveland Partners,Medium Prescriber,Rep_040,242,19563.62,1152.46,7758.36,10652.8,910.05,31,Hospital,Q2,May
TXN002437,2024-01-06,Central,UAE,Shingrix,Vaccines,Sunrise Clinic,Low Prescriber,Rep_021,338,143233.02,12541.46,41059.99,89631.57,5738.59,358,Online Pharmacy,Q1,January
TXN002438,2025-06-14,North,USA,Herceptin,Oncology,Cleveland Partners,Medium Prescriber,Rep_025,103,34646.16,6236.31,9723.1,18686.75,1728.37,199,Online Pharmacy,Q2,June
TXN002439,2023-03-12,West,Germany,Vyepti,Neurology,St. Luke's,Non-Prescriber,Rep_025,244,38920.78,2435.16,11700.75,24784.87,1300.56,480,Retail Pharmacy,Q1,March
TXN002440,2024-11-29,South,Brazil,Jardiance,Diabetes,Metro Health,Non-Prescriber,Rep_017,189,91699.68,6089.21,29823.35,55787.12,6519.35,309,Government,Q4,November
TXN002441,2025-09-15,West,Germany,Avastin,Oncology,Metro Health,High Prescriber,Rep_009,432,259917.71,10187.35,98947.84,150782.52,18085.16,450,Government,Q3,September
TXN002442,2023-02-21,North,USA,Opdivo,Oncology,St. Luke's,Non-Prescriber,Rep_015,286,218614.45,39350.6,93878.97,85384.88,4804.58,302,Government,Q1,February
TXN002443,2023-09-01,South,Brazil,Herceptin,Oncology,St. Luke's,Low Prescriber,Rep_025,243,44731.45,4159.86,12538.3,28033.29,1150.78,343,Government,Q3,September
TXN002444,2024-02-23,East,India,Herceptin,Oncology,Apollo Hospital,Low Prescriber,Rep_040,204,50987.87,1704.42,13630.86,35652.59,3472.52,460,Online Pharmacy,Q1,February
TXN002445,2023-08-31,East,India,Shingrix,Vaccines,Cleveland Partners,Low Prescriber,Rep_016,230,179458.49,10923.37,79067.2,89467.92,8528.12,288,Retail Pharmacy,Q3,August
TXN002446,2023-09-15,Central,UAE,Eliquis,Cardiology,Metro Health,High Prescriber,Rep_024,174,121710.51,9215.66,49921.49,62573.36,8970.51,387,Government,Q3,September
TXN002447,2025-08-30,South,Brazil,Keytruda,Oncology,City Medical Center,Low Prescriber,Rep_035,453,54358.23,2814.5,21971.91,29571.82,3948.8,460,Government,Q3,August
TXN002448,2024-12-30,West,Germany,Avastin,Oncology,Apollo Hospital,Low Prescriber,Rep_003,292,222855.88,13556.4,57897.77,151401.71,12261.1,139,Online Pharmacy,Q4,December
TXN002449,2025-12-17,North,USA,Prevnar,Vaccines,Cleveland Partners,Non-Prescriber,Rep_037,111,72109.38,12979.69,29458.15,29671.54,4462.07,448,Hospital,Q4,December
TXN002450,2024-11-24,Central,UAE,Shingrix,Vaccines,Metro Health,Medium Prescriber,Rep_010,345,69859.38,6482.88,21888.42,41488.08,2766.97,462,Online Pharmacy,Q4,November
TXN002451,2025-07-10,South,Brazil,Vyepti,Neurology,Metro Health,High Prescriber,Rep_022,232,37383.15,2714.01,15562.03,19107.11,2424.77,345,Hospital,Q3,July
TXN002452,2025-07-06,North,USA,Ozempic,Diabetes,Apollo Hospital,Non-Prescriber,Rep_036,300,229536.65,41316.6,81967.89,106252.16,18295.08,9,Retail Pharmacy,Q3,July
TXN002453,2024-02-24,South,Brazil,Opdivo,Oncology,Mercy General,High Prescriber,Rep_025,281,210253.48,14511.67,81088.02,114653.79,6307.73,388,Hospital,Q1,February
TXN002454,2025-10-28,North,USA,Entresto,Cardiology,St. Luke's,Non-Prescriber,Rep_032,214,58534.92,10536.29,22172.13,25826.5,1525.99,265,Government,Q4,October
TXN002455,2025-12-24,North,USA,Jardiance,Diabetes,Mercy General,Medium Prescriber,Rep_036,244,193043.34,34747.8,49586.17,108709.37,9201.93,223,Retail Pharmacy,Q4,December
TXN002456,2024-04-14,West,Germany,Ozempic,Diabetes,Metro Health,Medium Prescriber,Rep_012,235,131817.24,11980.46,53259.39,66577.39,3589.06,37,Government,Q2,April
TXN002457,2025-08-24,Central,UAE,Eliquis,Cardiology,Sunrise Clinic,Medium Prescriber,Rep_018,464,354318.03,31559.54,147383.51,175374.98,27795.94,255,Government,Q3,August
TXN002458,2025-05-10,West,Germany,Eliquis,Cardiology,Cleveland Partners,Medium Prescriber,Rep_034,548,69302.97,2253.13,21716.26,45333.58,2289.62,370,Government,Q2,May
TXN002459,2023-10-03,South,Brazil,Brilinta,Cardiology,City Medical Center,Low Prescriber,Rep_006,182,78960.26,3795.1,23272.59,51892.57,3330.97,124,Government,Q4,October
TXN002460,2024-06-14,East,India,Avastin,Oncology,St. Luke's,Non-Prescriber,Rep_037,146,82867.24,7562.68,27404.29,47900.27,4378.68,382,Hospital,Q2,June
TXN002461,2023-07-03,Central,UAE,Ozempic,Diabetes,Cleveland Partners,High Prescriber,Rep_025,288,93276.67,6134.83,40760.93,46380.91,5948.87,22,Online Pharmacy,Q3,July
TXN002462,2025-10-03,South,Brazil,Opdivo,Oncology,Cleveland Partners,Medium Prescriber,Rep_032,315,87772.67,3267.12,25244.62,59260.93,6590.79,333,Hospital,Q4,October
TXN002463,2025-08-11,South,Brazil,Aduhelm,Neurology,St. Luke's,Non-Prescriber,Rep_023,237,12815.21,1183.35,5052.93,6578.93,388.71,168,Hospital,Q3,August
TXN002464,2025-11-07,West,Germany,Opdivo,Oncology,Metro Health,Low Prescriber,Rep_032,313,74508.6,2587.62,23544.2,48376.78,5822.12,406,Online Pharmacy,Q4,November
TXN002465,2024-01-07,West,Germany,Eliquis,Cardiology,Mercy General,High Prescriber,Rep_020,146,80411.69,7447.06,22976.98,49987.65,4091.33,103,Hospital,Q1,January
TXN002466,2023-09-21,East,India,Comirnaty,Vaccines,St. Luke's,Non-Prescriber,Rep_002,281,209282.57,7617.02,69650.23,132015.32,15730.64,141,Government,Q3,September
TXN002467,2024-06-24,North,USA,Brilinta,Cardiology,Metro Health,Medium Prescriber,Rep_005,260,106983.6,19257.05,28631.84,59094.71,7289.77,266,Retail Pharmacy,Q2,June
TXN002468,2025-04-08,West,Germany,Keytruda,Oncology,St. Luke's,Non-Prescriber,Rep_008,105,81511.53,3472.82,30613.62,47425.09,2619.11,296,Online Pharmacy,Q2,April
TXN002469,2023-09-11,South,Brazil,Eliquis,Cardiology,Cleveland Partners,Non-Prescriber,Rep_008,72,40575.7,2719.52,17568.94,20287.24,2834.66,377,Online Pharmacy,Q3,September
TXN002470,2024-02-19,East,India,Prevnar,Vaccines,Apollo Hospital,Low Prescriber,Rep_038,330,249651.26,15550.42,83245.81,150855.03,9000.93,451,Government,Q1,February
TXN002471,2023-03-09,North,USA,Brilinta,Cardiology,Apollo Hospital,Non-Prescriber,Rep_002,175,108632.34,19553.82,48225.43,40853.09,5286.03,52,Government,Q1,March
TXN002472,2023-04-16,Central,UAE,Nurtec,Neurology,St. Luke's,Non-Prescriber,Rep_004,572,407841.55,26828.23,173499.5,207513.82,16482.6,344,Government,Q2,April
TXN002473,2024-11-06,North,USA,Brilinta,Cardiology,Metro Health,Non-Prescriber,Rep_022,91,43287.73,7791.79,13881.06,21614.88,2380.53,301,Online Pharmacy,Q4,November
TXN002474,2023-08-03,South,Brazil,Trulicity,Diabetes,Cleveland Partners,High Prescriber,Rep_038,234,98367.44,8891.55,37489.79,51986.1,2558.75,439,Online Pharmacy,Q3,August
TXN002475,2025-12-04,South,Brazil,Avastin,Oncology,Apollo Hospital,High Prescriber,Rep_006,328,120930.23,12059.69,32665.11,76205.43,8813.58,475,Online Pharmacy,Q4,December
TXN002476,2023-04-23,West,Germany,Jardiance,Diabetes,Apollo Hospital,Low Prescriber,Rep_023,151,85539.58,5471.03,27424.3,52644.25,4925.85,396,Government,Q2,April
TXN002477,2023-09-01,North,USA,Entresto,Cardiology,Cleveland Partners,Medium Prescriber,Rep_026,80,37485.79,6747.44,15663.69,15074.66,2465.61,103,Hospital,Q3,September
TXN002478,2023-11-20,South,Brazil,Aduhelm,Neurology,Metro Health,Non-Prescriber,Rep_034,322,152112.46,12081.33,67018.82,73012.31,11374.35,75,Hospital,Q4,November
TXN002479,2023-11-27,Central,UAE,Nurtec,Neurology,Metro Health,Medium Prescriber,Rep_037,424,308456.13,17729.24,129186.66,161540.23,16207.15,261,Government,Q4,November
TXN002480,2023-08-10,West,Germany,Prevnar,Vaccines,St. Luke's,Non-Prescriber,Rep_024,271,140963.55,8332.14,57874.03,74757.38,5317.1,169,Government,Q3,August
TXN002481,2025-03-14,North,USA,Keytruda,Oncology,St. Luke's,Medium Prescriber,Rep_004,180,64465.66,11603.82,25274.35,27587.49,4805.72,428,Government,Q1,March
TXN002482,2024-08-27,West,Germany,Herceptin,Oncology,St. Luke's,Low Prescriber,Rep_040,402,265220.41,18955.45,97160.1,149104.86,17231.55,457,Retail Pharmacy,Q3,August
TXN002483,2023-04-21,West,Germany,Herceptin,Oncology,Mercy General,Medium Prescriber,Rep_005,376,261262.82,12816.46,66007.28,182439.08,10295.88,54,Hospital,Q2,April
TXN002484,2025-12-07,West,Germany,Ozempic,Diabetes,Sunrise Clinic,Low Prescriber,Rep_009,555,379947.32,37678.7,148082.61,194186.01,16260.27,19,Retail Pharmacy,Q4,December
TXN002485,2024-04-09,West,Germany,Ozempic,Diabetes,Apollo Hospital,Medium Prescriber,Rep_036,370,69337.35,2680.17,24069.92,42587.26,2050.07,25,Hospital,Q2,April
TXN002486,2024-09-15,North,USA,Keytruda,Oncology,Apollo Hospital,Low Prescriber,Rep_039,350,277344.19,49921.95,88444.79,138977.45,10405.51,73,Online Pharmacy,Q3,September
TXN002487,2024-09-08,South,Brazil,Opdivo,Oncology,City Medical Center,Medium Prescriber,Rep_003,131,7646.43,591.08,3220.05,3835.3,477.17,418,Retail Pharmacy,Q3,September
TXN002488,2024-07-09,North,USA,Keytruda,Oncology,City Medical Center,Low Prescriber,Rep_040,151,110957.3,19972.31,47718.36,43266.63,2936.67,300,Hospital,Q3,July
TXN002489,2023-12-25,South,Brazil,Vyepti,Neurology,Cleveland Partners,Low Prescriber,Rep_009,295,144200.05,4390.38,48512.45,91297.22,8943.34,102,Hospital,Q4,December
TXN002490,2024-05-02,South,Brazil,Prevnar,Vaccines,Mercy General,High Prescriber,Rep_034,176,21349.07,953.66,8715.97,11679.44,1294.24,91,Online Pharmacy,Q2,May
TXN002491,2023-05-15,North,USA,Aduhelm,Neurology,Metro Health,Medium Prescriber,Rep_011,743,347545.23,62558.14,128111.12,156875.97,13893.02,106,Online Pharmacy,Q2,May
TXN002492,2024-10-09,North,USA,Vyepti,Neurology,Metro Health,Low Prescriber,Rep_019,212,137968.14,24834.27,46304.66,66829.21,9910.61,50,Retail Pharmacy,Q4,October
TXN002493,2025-11-06,West,Germany,Keytruda,Oncology,Sunrise Clinic,Non-Prescriber,Rep_025,374,205764.6,20306.49,52362.33,133095.78,16040.1,58,Hospital,Q4,November
TXN002494,2025-07-31,Central,UAE,Entresto,Cardiology,Metro Health,Low Prescriber,Rep_031,195,71962.46,3710.26,23678.2,44574.0,4470.23,89,Retail Pharmacy,Q3,July
TXN002495,2023-02-26,East,India,Avastin,Oncology,Apollo Hospital,Medium Prescriber,Rep_020,758,421639.47,20512.46,138250.1,262876.91,17765.76,352,Online Pharmacy,Q1,February
TXN002496,2025-07-07,North,USA,Herceptin,Oncology,Apollo Hospital,Medium Prescriber,Rep_030,262,156971.05,28254.79,59972.47,68743.79,7614.87,73,Hospital,Q3,July
TXN002497,2024-05-05,East,India,Comirnaty,Vaccines,Cleveland Partners,Non-Prescriber,Rep_026,371,268726.05,11332.44,104535.33,152858.28,20901.59,342,Government,Q2,May
TXN002498,2025-12-22,South,Brazil,Herceptin,Oncology,Mercy General,Low Prescriber,Rep_019,164,130901.91,5970.97,51061.93,73869.01,2838.29,486,Government,Q4,December
TXN002499,2023-01-17,North,USA,Aduhelm,Neurology,St. Luke's,Low Prescriber,Rep_005,41,4698.47,845.72,1367.09,2485.66,274.14,273,Retail Pharmacy,Q1,January
TXN002500,2024-05-15,North,USA,Opdivo,Oncology,Mercy General,Medium Prescriber,Rep_016,191,76794.67,13823.04,34465.73,28505.9,4916.01,283,Government,Q2,May
TXN002501,2025-07-17,North,USA,Entresto,Cardiology,Apollo Hospital,Low Prescriber,Rep_016,434,222407.92,40033.43,93404.11,88970.38,16597.88,131,Hospital,Q3,July
TXN002502,2024-09-11,Central,UAE,Entresto,Cardiology,Mercy General,Non-Prescriber,Rep_022,131,90483.87,8149.16,38949.08,43385.63,1839.34,184,Online Pharmacy,Q3,September
TXN002503,2023-08-08,South,Brazil,Opdivo,Oncology,Apollo Hospital,Low Prescriber,Rep_016,52,37887.46,1697.61,15808.9,20380.95,1055.97,152,Hospital,Q3,August
TXN002504,2023-08-28,North,USA,Opdivo,Oncology,Metro Health,High Prescriber,Rep_002,206,128299.51,23093.91,50608.56,54597.04,3383.71,198,Online Pharmacy,Q3,August
TXN002505,2025-11-28,North,USA,Avastin,Oncology,Sunrise Clinic,High Prescriber,Rep_020,79,15042.4,2707.63,5574.3,6760.47,1113.7,71,Online Pharmacy,Q4,November
TXN002506,2025-01-08,Central,UAE,Aduhelm,Neurology,Apollo Hospital,Non-Prescriber,Rep_019,291,141714.24,7695.35,57684.74,76334.15,8515.63,52,Retail Pharmacy,Q1,January
TXN002507,2024-11-19,East,India,Brilinta,Cardiology,Sunrise Clinic,High Prescriber,Rep_023,218,85176.42,6252.57,31772.88,47150.97,3708.23,438,Government,Q4,November
TXN002508,2025-09-30,South,Brazil,Aduhelm,Neurology,St. Luke's,Low Prescriber,Rep_018,150,89945.8,3949.73,39373.43,46622.64,5487.48,476,Hospital,Q3,September
TXN002509,2025-04-19,North,USA,Jardiance,Diabetes,City Medical Center,High Prescriber,Rep_013,150,80659.05,14518.63,33786.29,32354.13,3314.41,199,Retail Pharmacy,Q2,April
TXN002510,2024-02-03,South,Brazil,Herceptin,Oncology,St. Luke's,Non-Prescriber,Rep_014,344,251727.29,17033.03,111740.6,122953.66,6192.52,201,Online Pharmacy,Q1,February
TXN002511,2025-12-10,South,Brazil,Shingrix,Vaccines,Sunrise Clinic,Non-Prescriber,Rep_006,377,213520.74,14921.87,65658.58,132940.29,8256.52,424,Retail Pharmacy,Q4,December
TXN002512,2024-08-05,North,USA,Avastin,Oncology,Cleveland Partners,Low Prescriber,Rep_008,307,235024.05,42304.33,69435.01,123284.71,8999.24,66,Government,Q3,August
TXN002513,2023-08-07,Central,UAE,Avastin,Oncology,Metro Health,Low Prescriber,Rep_031,128,68498.32,5823.44,25111.91,37562.97,2429.22,152,Retail Pharmacy,Q3,August
TXN002514,2025-01-26,West,Germany,Jardiance,Diabetes,City Medical Center,High Prescriber,Rep_037,139,17958.08,1092.45,6199.66,10665.97,1238.52,355,Online Pharmacy,Q1,January
TXN002515,2023-07-05,North,USA,Avastin,Oncology,Metro Health,High Prescriber,Rep_005,159,124649.98,22437.0,44770.88,57442.1,6057.9,383,Retail Pharmacy,Q3,July
TXN002516,2023-10-13,Central,UAE,Herceptin,Oncology,Cleveland Partners,Low Prescriber,Rep_014,250,190775.15,9177.98,80464.82,101132.35,7352.31,243,Government,Q4,October
TXN002517,2023-08-22,North,USA,Jardiance,Diabetes,City Medical Center,High Prescriber,Rep_010,137,63872.27,11497.01,22475.85,29899.41,2644.08,348,Retail Pharmacy,Q3,August
TXN002518,2024-04-01,West,Germany,Brilinta,Cardiology,Apollo Hospital,Medium Prescriber,Rep_024,339,185441.1,10311.3,72842.66,102287.14,10698.15,343,Government,Q2,April
TXN002519,2025-04-09,South,Brazil,Avastin,Oncology,Apollo Hospital,Low Prescriber,Rep_017,186,91465.95,5808.83,23186.55,62470.57,3929.79,338,Online Pharmacy,Q2,April
TXN002520,2025-03-02,Central,UAE,Aduhelm,Neurology,Metro Health,Low Prescriber,Rep_003,393,301818.43,28664.43,116647.07,156506.93,7829.38,143,Online Pharmacy,Q1,March
TXN002521,2023-07-20,Central,UAE,Brilinta,Cardiology,City Medical Center,Medium Prescriber,Rep_033,127,40168.08,2157.16,10136.96,27873.96,3183.87,325,Hospital,Q3,July
TXN002522,2023-05-20,East,India,Avastin,Oncology,Apollo Hospital,Medium Prescriber,Rep_008,274,164803.47,16146.63,44682.63,103974.21,6063.93,163,Hospital,Q2,May
TXN002523,2025-04-18,East,India,Herceptin,Oncology,Mercy General,Medium Prescriber,Rep_010,39,26050.02,1665.07,11204.33,13180.62,1836.75,343,Retail Pharmacy,Q2,April
TXN002524,2025-02-12,South,Brazil,Eliquis,Cardiology,Metro Health,Non-Prescriber,Rep_006,558,85419.66,5571.16,22941.5,56907.0,6633.57,146,Hospital,Q1,February
TXN002525,2023-01-03,East,India,Opdivo,Oncology,Apollo Hospital,Low Prescriber,Rep_040,271,56101.68,3256.49,24571.12,28274.07,1505.16,352,Online Pharmacy,Q1,January
TXN002526,2023-03-29,East,India,Avastin,Oncology,Metro Health,Low Prescriber,Rep_018,205,56813.83,2223.9,18130.73,36459.2,4184.71,109,Hospital,Q1,March
TXN002527,2025-07-12,North,USA,Avastin,Oncology,Sunrise Clinic,Low Prescriber,Rep_010,409,224296.1,40373.3,58911.73,125011.07,5208.33,439,Online Pharmacy,Q3,July
TXN002528,2025-02-21,East,India,Aduhelm,Neurology,Metro Health,Low Prescriber,Rep_021,63,32948.34,2545.56,11673.56,18729.22,2021.65,195,Government,Q1,February
TXN002529,2025-09-30,North,USA,Brilinta,Cardiology,Mercy General,High Prescriber,Rep_001,163,17951.68,3231.3,6901.31,7819.07,700.43,153,Government,Q3,September
TXN002530,2025-09-30,North,USA,Trulicity,Diabetes,Cleveland Partners,Low Prescriber,Rep_015,431,293026.62,52744.79,83257.78,157024.05,6364.65,487,Hospital,Q3,September
TXN002531,2023-02-08,North,USA,Aduhelm,Neurology,Cleveland Partners,Low Prescriber,Rep_029,170,105220.41,18939.67,42157.75,44122.99,2484.36,195,Government,Q1,February
TXN002532,2025-07-06,South,Brazil,Shingrix,Vaccines,Apollo Hospital,Medium Prescriber,Rep_028,291,111269.37,5117.29,30832.35,75319.73,6980.38,332,Online Pharmacy,Q3,July
TXN002533,2025-06-27,South,Brazil,Opdivo,Oncology,St. Luke's,High Prescriber,Rep_005,304,164783.3,11329.64,50952.46,102501.2,4055.58,328,Government,Q2,June
TXN002534,2023-11-02,South,Brazil,Shingrix,Vaccines,St. Luke's,Low Prescriber,Rep_021,244,171590.51,9898.28,72785.17,88907.06,3713.43,361,Hospital,Q4,November
TXN002535,2023-08-11,West,Germany,Opdivo,Oncology,Cleveland Partners,Non-Prescriber,Rep_033,121,80037.83,7999.09,24385.46,47653.28,4273.79,110,Retail Pharmacy,Q3,August
TXN002536,2024-10-23,North,USA,Entresto,Cardiology,Sunrise Clinic,High Prescriber,Rep_026,116,8213.03,1478.35,3493.33,3241.35,645.87,275,Hospital,Q4,October
TXN002537,2025-08-05,Central,UAE,Jardiance,Diabetes,Sunrise Clinic,Low Prescriber,Rep_033,239,134635.29,5941.37,50072.35,78621.57,3427.38,363,Hospital,Q3,August
TXN002538,2023-07-04,North,USA,Herceptin,Oncology,Mercy General,High Prescriber,Rep_033,248,93430.27,16817.45,32779.93,43832.89,6641.47,58,Retail Pharmacy,Q3,July
TXN002539,2024-08-10,Central,UAE,Opdivo,Oncology,Apollo Hospital,Medium Prescriber,Rep_011,466,245696.02,19755.66,92119.08,133821.28,12499.48,185,Hospital,Q3,August
TXN002540,2024-04-17,North,USA,Opdivo,Oncology,Apollo Hospital,Non-Prescriber,Rep_037,189,144365.96,25985.87,52919.17,65460.92,6886.83,406,Online Pharmacy,Q2,April
TXN002541,2023-09-26,South,Brazil,Avastin,Oncology,Metro Health,Medium Prescriber,Rep_016,277,85864.54,2966.14,31033.24,51865.16,4866.38,439,Retail Pharmacy,Q3,September
TXN002542,2024-12-14,North,USA,Herceptin,Oncology,St. Luke's,High Prescriber,Rep_034,175,26702.28,4806.41,9269.96,12625.91,867.02,411,Online Pharmacy,Q4,December
TXN002543,2025-11-06,East,India,Shingrix,Vaccines,City Medical Center,High Prescriber,Rep_016,268,67036.4,5789.01,28519.31,32728.08,4149.12,95,Online Pharmacy,Q4,November
TXN002544,2025-03-31,East,India,Keytruda,Oncology,City Medical Center,High Prescriber,Rep_002,251,112327.1,8929.02,35347.04,68051.04,2495.32,153,Hospital,Q1,March
TXN002545,2025-10-07,Central,UAE,Ozempic,Diabetes,Apollo Hospital,High Prescriber,Rep_038,257,102619.82,6709.07,28414.18,67496.57,4641.22,18,Hospital,Q4,October
TXN002546,2025-03-06,North,USA,Comirnaty,Vaccines,Apollo Hospital,High Prescriber,Rep_006,126,69337.44,12480.74,27704.3,29152.4,5215.19,229,Government,Q1,March
TXN002547,2023-11-26,North,USA,Keytruda,Oncology,St. Luke's,Medium Prescriber,Rep_021,281,85680.38,15422.47,31021.11,39236.8,2243.76,464,Retail Pharmacy,Q4,November
TXN002548,2024-05-30,Central,UAE,Keytruda,Oncology,Cleveland Partners,Low Prescriber,Rep_004,200,10786.2,442.7,3632.95,6710.55,648.0,123,Online Pharmacy,Q2,May
TXN002549,2025-10-01,South,Brazil,Trulicity,Diabetes,Sunrise Clinic,Low Prescriber,Rep_021,417,179981.19,14278.23,61588.33,104114.63,4853.79,131,Government,Q4,October
TXN002550,2024-03-22,East,India,Herceptin,Oncology,Sunrise Clinic,Low Prescriber,Rep_023,160,78944.09,4294.44,23768.32,50881.33,4996.23,197,Retail Pharmacy,Q1,March
TXN002551,2023-09-26,West,Germany,Eliquis,Cardiology,Cleveland Partners,High Prescriber,Rep_010,214,61857.67,4895.26,26654.09,30308.32,4845.26,180,Online Pharmacy,Q3,September
TXN002552,2023-07-05,South,Brazil,Comirnaty,Vaccines,Mercy General,Non-Prescriber,Rep_009,219,157944.26,12272.92,53397.92,92273.42,12143.22,483,Hospital,Q3,July
TXN002553,2023-04-24,South,Brazil,Jardiance,Diabetes,City Medical Center,Non-Prescriber,Rep_023,217,150281.26,6835.71,56221.89,87223.66,7944.24,384,Retail Pharmacy,Q2,April
TXN002554,2025-07-19,North,USA,Jardiance,Diabetes,Apollo Hospital,High Prescriber,Rep_025,271,63250.0,11385.0,27483.41,24381.59,3379.85,286,Retail Pharmacy,Q3,July
TXN002555,2025-04-03,South,Brazil,Aduhelm,Neurology,St. Luke's,Non-Prescriber,Rep_013,155,120582.45,7561.76,34046.64,78974.05,7894.37,449,Government,Q2,April
TXN002556,2023-03-03,South,Brazil,Opdivo,Oncology,Mercy General,Low Prescriber,Rep_035,161,51005.22,3845.56,18713.09,28446.57,3794.25,318,Government,Q1,March
TXN002557,2025-01-21,North,USA,Herceptin,Oncology,Apollo Hospital,High Prescriber,Rep_016,79,40098.96,7217.81,16463.9,16417.25,2750.4,104,Retail Pharmacy,Q1,January
TXN002558,2023-11-04,South,Brazil,Nurtec,Neurology,Sunrise Clinic,Non-Prescriber,Rep_033,96,51486.88,4292.03,17630.31,29564.54,2064.93,459,Government,Q4,November
TXN002559,2023-03-13,East,India,Comirnaty,Vaccines,Mercy General,Non-Prescriber,Rep_039,129,29683.57,970.84,9672.2,19040.53,1681.01,114,Retail Pharmacy,Q1,March
TXN002560,2025-09-26,Central,UAE,Keytruda,Oncology,St. Luke's,Low Prescriber,Rep_023,236,160134.53,11345.13,41569.38,107220.02,9115.13,105,Government,Q3,September
TXN002561,2023-06-27,North,USA,Entresto,Cardiology,Cleveland Partners,Low Prescriber,Rep_027,237,88864.11,15995.54,33021.72,39846.85,6283.6,463,Hospital,Q2,June
TXN002562,2024-02-24,Central,UAE,Eliquis,Cardiology,St. Luke's,High Prescriber,Rep_031,366,124290.63,5969.42,45944.26,72376.95,9041.14,376,Hospital,Q1,February
TXN002563,2023-07-14,East,India,Comirnaty,Vaccines,St. Luke's,High Prescriber,Rep_005,178,139043.96,4244.36,60717.25,74082.35,10748.76,72,Retail Pharmacy,Q3,July
TXN002564,2023-03-15,West,Germany,Keytruda,Oncology,Apollo Hospital,Non-Prescriber,Rep_028,130,94122.69,7257.56,33635.88,53229.25,2856.6,130,Retail Pharmacy,Q1,March
TXN002565,2025-04-16,North,USA,Prevnar,Vaccines,City Medical Center,High Prescriber,Rep_012,158,78661.37,14159.05,21069.09,43433.23,5188.54,463,Retail Pharmacy,Q2,April
TXN002566,2023-12-11,East,India,Avastin,Oncology,St. Luke's,Low Prescriber,Rep_028,132,78384.71,3634.09,27493.43,47257.19,2560.45,417,Retail Pharmacy,Q4,December
TXN002567,2023-08-10,West,Germany,Herceptin,Oncology,St. Luke's,Medium Prescriber,Rep_014,243,137185.84,9387.72,50686.67,77111.45,2750.42,166,Online Pharmacy,Q3,August
TXN002568,2025-12-26,South,Brazil,Opdivo,Oncology,Mercy General,Medium Prescriber,Rep_025,380,188231.27,12979.28,77217.36,98034.63,10117.28,430,Online Pharmacy,Q4,December
TXN002569,2023-03-13,West,Germany,Trulicity,Diabetes,City Medical Center,Non-Prescriber,Rep_008,178,140976.51,7663.69,56730.48,76582.34,3324.6,184,Hospital,Q1,March
TXN002570,2024-07-20,North,USA,Entresto,Cardiology,St. Luke's,Non-Prescriber,Rep_008,169,89054.82,16029.87,25030.77,47994.18,4704.33,108,Government,Q3,July
TXN002571,2025-05-17,West,Germany,Vyepti,Neurology,St. Luke's,Low Prescriber,Rep_017,435,344332.05,14454.55,86187.96,243689.54,19175.69,478,Hospital,Q2,May
TXN002572,2024-06-28,East,India,Shingrix,Vaccines,Sunrise Clinic,Non-Prescriber,Rep_038,151,50158.92,4622.24,21207.28,24329.4,2023.55,94,Hospital,Q2,June
TXN002573,2023-05-11,West,Germany,Comirnaty,Vaccines,Metro Health,Medium Prescriber,Rep_019,380,249842.29,11338.72,62963.43,175540.14,12613.25,376,Online Pharmacy,Q2,May
TXN002574,2024-06-21,South,Brazil,Herceptin,Oncology,Metro Health,Medium Prescriber,Rep_012,125,42410.76,3982.12,15185.22,23243.42,1734.85,207,Government,Q2,June
TXN002575,2023-06-20,North,USA,Nurtec,Neurology,St. Luke's,High Prescriber,Rep_037,161,47722.25,8590.0,15505.96,23626.29,1355.06,124,Hospital,Q2,June
TXN002576,2023-09-06,North,USA,Eliquis,Cardiology,Apollo Hospital,Low Prescriber,Rep_036,121,95028.86,17105.19,24466.68,53456.99,3131.23,178,Hospital,Q3,September
TXN002577,2025-03-19,South,Brazil,Entresto,Cardiology,Apollo Hospital,High Prescriber,Rep_038,169,99357.83,4227.26,27046.49,68084.08,5276.46,329,Retail Pharmacy,Q1,March
TXN002578,2023-07-30,North,USA,Eliquis,Cardiology,St. Luke's,Medium Prescriber,Rep_035,290,150229.17,27041.25,60477.45,62710.47,8475.37,65,Retail Pharmacy,Q3,July
TXN002579,2025-06-13,West,Germany,Entresto,Cardiology,Apollo Hospital,Non-Prescriber,Rep_014,366,152860.39,8925.3,60302.03,83633.06,9955.47,375,Government,Q2,June
TXN002580,2023-11-07,South,Brazil,Comirnaty,Vaccines,Mercy General,Low Prescriber,Rep_012,214,116720.89,5067.67,38257.47,73395.75,4525.24,92,Government,Q4,November
TXN002581,2023-08-10,Central,UAE,Jardiance,Diabetes,Sunrise Clinic,Low Prescriber,Rep_005,205,62557.15,4254.53,22554.38,35748.24,3823.6,359,Online Pharmacy,Q3,August
TXN002582,2023-04-18,Central,UAE,Opdivo,Oncology,St. Luke's,Low Prescriber,Rep_006,220,91465.36,3151.4,27059.84,61254.12,5004.98,89,Hospital,Q2,April
TXN002583,2025-03-17,West,Germany,Avastin,Oncology,St. Luke's,Low Prescriber,Rep_025,538,272915.44,21063.19,72062.32,179789.93,18956.89,437,Retail Pharmacy,Q1,March
TXN002584,2023-02-09,East,India,Opdivo,Oncology,Cleveland Partners,High Prescriber,Rep_004,85,39659.99,3780.58,15274.21,20605.2,860.76,84,Online Pharmacy,Q1,February
TXN002585,2023-07-13,East,India,Eliquis,Cardiology,Metro Health,Non-Prescriber,Rep_020,186,59691.18,2127.23,19119.97,38443.98,4742.21,228,Retail Pharmacy,Q3,July
TXN002586,2024-06-07,East,India,Avastin,Oncology,Sunrise Clinic,Non-Prescriber,Rep_040,220,77207.6,3710.87,34602.07,38894.66,5298.97,170,Online Pharmacy,Q2,June
TXN002587,2023-11-08,North,USA,Herceptin,Oncology,Mercy General,Non-Prescriber,Rep_036,207,93681.85,16862.73,29991.38,46827.74,6526.15,293,Online Pharmacy,Q4,November
TXN002588,2025-03-19,Central,UAE,Herceptin,Oncology,Metro Health,High Prescriber,Rep_038,359,194995.21,9965.67,82280.58,102748.96,10258.06,113,Government,Q1,March
TXN002589,2024-06-21,Central,UAE,Trulicity,Diabetes,Cleveland Partners,Non-Prescriber,Rep_030,193,117966.75,4815.13,49895.93,63255.69,9150.73,305,Hospital,Q2,June
TXN002590,2025-10-07,South,Brazil,Shingrix,Vaccines,City Medical Center,Medium Prescriber,Rep_026,557,245781.83,9294.22,100567.3,135920.31,13238.43,408,Retail Pharmacy,Q4,October
TXN002591,2025-12-21,West,Germany,Prevnar,Vaccines,Apollo Hospital,Medium Prescriber,Rep_002,78,41052.0,1691.36,17595.6,21765.04,2199.11,59,Hospital,Q4,December
TXN002592,2025-03-03,South,Brazil,Brilinta,Cardiology,Cleveland Partners,Medium Prescriber,Rep_001,298,106516.86,7597.15,32679.79,66239.92,7537.11,491,Online Pharmacy,Q1,March
TXN002593,2024-06-21,West,Germany,Avastin,Oncology,Apollo Hospital,Medium Prescriber,Rep_017,249,15215.81,669.04,4772.2,9774.57,746.66,427,Retail Pharmacy,Q2,June
TXN002594,2025-09-27,South,Brazil,Opdivo,Oncology,Sunrise Clinic,Low Prescriber,Rep_021,286,88072.84,5294.92,37964.76,44813.16,2111.12,287,Hospital,Q3,September
TXN002595,2023-11-16,West,Germany,Keytruda,Oncology,Mercy General,Medium Prescriber,Rep_034,385,173458.69,11186.63,76999.84,85272.22,12009.16,364,Government,Q4,November
TXN002596,2023-11-14,West,Germany,Comirnaty,Vaccines,Metro Health,Medium Prescriber,Rep_028,220,172548.73,10763.85,68446.99,93337.89,13548.91,296,Government,Q4,November
TXN002597,2024-05-08,West,Germany,Keytruda,Oncology,Cleveland Partners,Low Prescriber,Rep_002,565,105454.29,4962.97,31262.83,69228.49,7579.01,404,Retail Pharmacy,Q2,May
TXN002598,2024-07-14,East,India,Brilinta,Cardiology,Mercy General,Non-Prescriber,Rep_033,234,35670.56,2346.21,10310.75,23013.6,1793.71,182,Government,Q3,July
TXN002599,2025-04-29,North,USA,Avastin,Oncology,Mercy General,Low Prescriber,Rep_020,400,189757.18,34156.29,69042.37,86558.52,9447.56,413,Government,Q2,April
TXN002600,2024-08-27,North,USA,Comirnaty,Vaccines,City Medical Center,Medium Prescriber,Rep_024,225,81537.99,14676.84,31491.15,35370.0,4704.04,123,Retail Pharmacy,Q3,August
TXN002601,2024-01-23,East,India,Vyepti,Neurology,Sunrise Clinic,High Prescriber,Rep_022,124,28237.95,1067.55,7738.85,19431.55,1587.71,67,Hospital,Q1,January
TXN002602,2023-10-25,South,Brazil,Trulicity,Diabetes,Sunrise Clinic,High Prescriber,Rep_003,274,66052.19,2375.49,20327.29,43349.41,3053.87,211,Retail Pharmacy,Q4,October
TXN002603,2023-04-03,Central,UAE,Keytruda,Oncology,City Medical Center,Non-Prescriber,Rep_021,172,132902.94,11986.05,47117.42,73799.47,6723.36,147,Retail Pharmacy,Q2,April
TXN002604,2023-12-31,North,USA,Ozempic,Diabetes,Apollo Hospital,Low Prescriber,Rep_013,385,31004.2,5580.76,8018.93,17404.51,2268.03,9,Retail Pharmacy,Q4,December
TXN002605,2024-10-03,West,Germany,Ozempic,Diabetes,Metro Health,Non-Prescriber,Rep_038,208,19202.06,1669.09,5455.68,12077.29,835.24,11,Retail Pharmacy,Q4,October
TXN002606,2023-09-16,East,India,Nurtec,Neurology,Metro Health,Medium Prescriber,Rep_002,400,226364.71,11139.75,63520.5,151704.46,13110.76,391,Retail Pharmacy,Q3,September
TXN002607,2025-08-08,North,USA,Entresto,Cardiology,City Medical Center,Medium Prescriber,Rep_039,72,44976.79,8095.82,12879.53,24001.44,1443.43,350,Retail Pharmacy,Q3,August
TXN002608,2024-05-21,Central,UAE,Avastin,Oncology,Metro Health,Medium Prescriber,Rep_023,237,99634.58,9023.51,42851.88,47759.19,5067.53,61,Online Pharmacy,Q2,May
TXN002609,2024-12-05,North,USA,Opdivo,Oncology,St. Luke's,High Prescriber,Rep_015,264,162817.72,29307.19,61130.22,72380.31,8418.04,205,Government,Q4,December
TXN002610,2025-11-22,East,India,Keytruda,Oncology,Sunrise Clinic,Low Prescriber,Rep_009,241,120905.67,6284.04,45652.59,68969.04,5877.39,181,Hospital,Q4,November
TXN002611,2024-12-11,Central,UAE,Trulicity,Diabetes,City Medical Center,Non-Prescriber,Rep_026,159,67199.98,4786.17,27312.54,35101.27,2259.1,107,Online Pharmacy,Q4,December
TXN002612,2023-08-05,South,Brazil,Herceptin,Oncology,City Medical Center,Low Prescriber,Rep_020,227,142436.32,5469.94,50933.8,86032.58,9987.92,315,Government,Q3,August
TXN002613,2023-04-10,South,Brazil,Avastin,Oncology,Mercy General,Low Prescriber,Rep_030,445,176050.04,13666.05,77927.98,84456.01,7206.12,184,Hospital,Q2,April
TXN002614,2024-08-16,Central,UAE,Brilinta,Cardiology,Apollo Hospital,Non-Prescriber,Rep_018,204,147014.33,7393.57,40830.75,98790.01,11727.29,206,Retail Pharmacy,Q3,August
TXN002615,2024-04-23,West,Germany,Avastin,Oncology,Cleveland Partners,Low Prescriber,Rep_001,226,119112.54,4163.31,37930.79,77018.44,7272.44,381,Hospital,Q2,April
TXN002616,2023-05-20,North,USA,Eliquis,Cardiology,St. Luke's,High Prescriber,Rep_029,294,173846.55,31292.38,75493.54,67060.63,13805.19,365,Online Pharmacy,Q2,May
TXN002617,2025-09-27,West,Germany,Opdivo,Oncology,Apollo Hospital,Non-Prescriber,Rep_008,148,32484.57,2770.48,8818.14,20895.95,1226.85,303,Retail Pharmacy,Q3,September
TXN002618,2024-09-04,Central,UAE,Keytruda,Oncology,Sunrise Clinic,Medium Prescriber,Rep_014,281,75867.64,5064.54,29182.94,41620.16,4579.78,89,Online Pharmacy,Q3,September
TXN002619,2024-04-11,North,USA,Brilinta,Cardiology,Cleveland Partners,Low Prescriber,Rep_002,114,44044.21,7927.96,19774.98,16341.27,1003.8,107,Government,Q2,April
TXN002620,2024-12-03,East,India,Nurtec,Neurology,City Medical Center,Non-Prescriber,Rep_007,236,126462.82,9406.32,33422.3,83634.2,3825.87,264,Government,Q4,December
TXN002621,2023-10-08,North,USA,Keytruda,Oncology,Sunrise Clinic,Non-Prescriber,Rep_006,282,21278.27,3830.09,8335.24,9112.94,1517.59,112,Hospital,Q4,October
TXN002622,2025-03-29,North,USA,Aduhelm,Neurology,Sunrise Clinic,Non-Prescriber,Rep_028,308,140861.79,25355.12,35443.29,80063.38,3630.7,357,Retail Pharmacy,Q1,March
TXN002623,2023-09-02,South,Brazil,Nurtec,Neurology,St. Luke's,Medium Prescriber,Rep_028,67,19047.51,1284.75,4850.17,12912.59,1285.78,329,Government,Q3,September
TXN002624,2025-08-09,North,USA,Jardiance,Diabetes,Apollo Hospital,Non-Prescriber,Rep_040,288,206432.89,37157.92,53404.83,115870.14,9296.04,317,Hospital,Q3,August
TXN002625,2023-12-07,Central,UAE,Comirnaty,Vaccines,Sunrise Clinic,Non-Prescriber,Rep_019,167,111030.24,4843.82,39933.45,66252.97,7436.38,423,Retail Pharmacy,Q4,December
TXN002626,2023-09-15,West,Germany,Vyepti,Neurology,Apollo Hospital,Non-Prescriber,Rep_003,108,61724.59,5933.93,24982.71,30807.95,4313.84,295,Government,Q3,September
TXN002627,2024-05-07,West,Germany,Vyepti,Neurology,Apollo Hospital,Low Prescriber,Rep_001,413,44995.35,1996.53,20120.14,22878.68,3060.41,465,Retail Pharmacy,Q2,May
TXN002628,2023-05-07,East,India,Vyepti,Neurology,City Medical Center,Medium Prescriber,Rep_022,267,160304.43,15596.13,54459.02,90249.28,8287.33,168,Government,Q2,May
TXN002629,2024-04-13,East,India,Keytruda,Oncology,Sunrise Clinic,Low Prescriber,Rep_008,335,231510.65,15400.67,72293.96,143816.02,10871.97,240,Hospital,Q2,April
TXN002630,2024-05-11,North,USA,Herceptin,Oncology,Mercy General,Medium Prescriber,Rep_028,213,165957.63,29872.37,58786.03,77299.23,4461.82,139,Government,Q2,May
TXN002631,2025-02-01,North,USA,Opdivo,Oncology,Metro Health,Non-Prescriber,Rep_006,329,239645.35,43136.16,67155.2,129353.99,5404.76,229,Online Pharmacy,Q1,February
TXN002632,2024-10-31,North,USA,Keytruda,Oncology,Metro Health,Low Prescriber,Rep_009,329,44995.28,8099.15,13166.72,23729.41,1142.51,444,Online Pharmacy,Q4,October
TXN002633,2025-05-01,Central,UAE,Avastin,Oncology,Cleveland Partners,High Prescriber,Rep_037,208,88930.68,8311.82,30668.46,49950.4,2539.21,180,Online Pharmacy,Q2,May
TXN002634,2025-12-27,West,Germany,Jardiance,Diabetes,Metro Health,High Prescriber,Rep_013,276,171062.21,14915.28,54301.83,101845.1,11648.26,416,Online Pharmacy,Q4,December
TXN002635,2023-08-26,North,USA,Opdivo,Oncology,Apollo Hospital,Low Prescriber,Rep_024,138,37000.05,6660.01,11710.71,18629.33,1958.05,221,Government,Q3,August
TXN002636,2023-05-08,North,USA,Avastin,Oncology,Cleveland Partners,Low Prescriber,Rep_030,168,118697.88,21365.62,32982.7,64349.56,5215.45,177,Retail Pharmacy,Q2,May
TXN002637,2025-09-14,East,India,Brilinta,Cardiology,Cleveland Partners,High Prescriber,Rep_033,337,139570.39,13650.84,60407.86,65511.69,7408.55,250,Online Pharmacy,Q3,September
TXN002638,2023-10-22,Central,UAE,Herceptin,Oncology,Sunrise Clinic,High Prescriber,Rep_033,268,172613.14,9656.0,67735.52,95221.62,13045.57,329,Retail Pharmacy,Q4,October
TXN002639,2025-07-26,Central,UAE,Ozempic,Diabetes,Cleveland Partners,Low Prescriber,Rep_021,222,16668.98,1378.49,5371.42,9919.07,582.79,25,Retail Pharmacy,Q3,July
TXN002640,2025-10-10,South,Brazil,Vyepti,Neurology,Mercy General,Medium Prescriber,Rep_006,149,86151.23,5864.41,27964.35,52322.47,6331.17,406,Government,Q4,October
TXN002641,2025-07-05,East,India,Entresto,Cardiology,Cleveland Partners,Low Prescriber,Rep_027,137,15272.72,982.89,4427.97,9861.86,1089.06,51,Government,Q3,July
TXN002642,2024-05-19,Central,UAE,Herceptin,Oncology,Cleveland Partners,High Prescriber,Rep_030,360,208816.4,11710.62,52775.43,144330.35,9275.15,155,Online Pharmacy,Q2,May
TXN002643,2024-11-26,West,Germany,Prevnar,Vaccines,Apollo Hospital,Medium Prescriber,Rep_012,123,64595.36,5446.68,28780.94,30367.74,4271.68,120,Online Pharmacy,Q4,November
TXN002644,2025-04-20,East,India,Herceptin,Oncology,City Medical Center,High Prescriber,Rep_002,381,234962.52,14461.67,104819.31,115681.54,15905.2,52,Retail Pharmacy,Q2,April
TXN002645,2025-10-21,South,Brazil,Ozempic,Diabetes,Sunrise Clinic,Medium Prescriber,Rep_009,314,108008.24,9188.76,39205.34,59614.14,6277.12,7,Online Pharmacy,Q4,October
TXN002646,2024-01-29,North,USA,Trulicity,Diabetes,Sunrise Clinic,Medium Prescriber,Rep_006,156,77360.21,13924.84,27998.72,35436.65,2021.09,239,Retail Pharmacy,Q1,January
TXN002647,2025-11-19,North,USA,Keytruda,Oncology,City Medical Center,High Prescriber,Rep_004,140,21118.94,3801.41,7227.73,10089.8,1213.99,82,Hospital,Q4,November
TXN002648,2023-09-14,West,Germany,Herceptin,Oncology,St. Luke's,Low Prescriber,Rep_037,251,22753.65,1618.78,9117.38,12017.49,904.66,269,Government,Q3,September
TXN002649,2023-04-09,North,USA,Vyepti,Neurology,City Medical Center,Low Prescriber,Rep_004,157,58086.31,10455.54,25094.05,22536.72,2187.79,106,Online Pharmacy,Q2,April
TXN002650,2025-12-25,South,Brazil,Comirnaty,Vaccines,Metro Health,High Prescriber,Rep_028,215,129383.78,6362.76,33043.84,89977.18,5423.02,70,Government,Q4,December
TXN002651,2023-12-06,West,Germany,Vyepti,Neurology,Metro Health,Medium Prescriber,Rep_012,212,65314.2,6060.68,27913.72,31339.8,1861.6,272,Government,Q4,December
TXN002652,2025-11-14,West,Germany,Comirnaty,Vaccines,Sunrise Clinic,Medium Prescriber,Rep_036,182,84125.67,3933.64,27394.1,52797.93,3158.47,224,Government,Q4,November
TXN002653,2023-06-08,South,Brazil,Entresto,Cardiology,Cleveland Partners,Non-Prescriber,Rep_029,67,36906.85,2497.66,12898.92,21510.27,2549.71,158,Hospital,Q2,June
TXN002654,2024-01-28,West,Germany,Opdivo,Oncology,Cleveland Partners,Low Prescriber,Rep_036,81,31283.69,1070.04,8658.08,21555.57,1582.81,155,Retail Pharmacy,Q1,January
TXN002655,2023-03-27,North,USA,Eliquis,Cardiology,Metro Health,Medium Prescriber,Rep_034,332,210657.3,37918.31,82841.54,89897.45,12446.06,244,Hospital,Q1,March
TXN002656,2024-08-27,East,India,Ozempic,Diabetes,City Medical Center,Low Prescriber,Rep_032,155,41672.9,3165.38,17299.1,21208.42,1635.89,32,Retail Pharmacy,Q3,August
TXN002657,2024-06-01,West,Germany,Avastin,Oncology,Metro Health,Low Prescriber,Rep_006,252,16012.09,484.92,5765.76,9761.41,823.77,82,Hospital,Q2,June
TXN002658,2023-09-04,East,India,Vyepti,Neurology,St. Luke's,High Prescriber,Rep_036,423,68118.19,4541.36,25093.94,38482.89,1859.65,83,Hospital,Q3,September
TXN002659,2025-12-03,West,Germany,Aduhelm,Neurology,City Medical Center,Non-Prescriber,Rep_034,394,310258.08,17385.36,133834.95,159037.77,7832.19,235,Retail Pharmacy,Q4,December
TXN002660,2023-07-18,East,India,Avastin,Oncology,Sunrise Clinic,High Prescriber,Rep_027,149,108495.42,3274.85,40794.02,64426.55,4854.9,277,Online Pharmacy,Q3,July
TXN002661,2024-05-24,East,India,Keytruda,Oncology,Apollo Hospital,Non-Prescriber,Rep_003,513,251406.01,18201.16,100336.65,132868.2,18441.59,248,Online Pharmacy,Q2,May
TXN002662,2023-07-04,South,Brazil,Opdivo,Oncology,St. Luke's,Low Prescriber,Rep_008,152,55165.09,2657.57,15093.39,37414.13,3920.82,444,Hospital,Q3,July
TXN002663,2023-03-24,North,USA,Keytruda,Oncology,Sunrise Clinic,Medium Prescriber,Rep_013,124,15951.16,2871.21,4988.79,8091.16,959.46,141,Hospital,Q1,March
TXN002664,2025-04-25,South,Brazil,Opdivo,Oncology,Apollo Hospital,Low Prescriber,Rep_034,308,213971.63,16730.38,90949.42,106291.83,5625.64,255,Government,Q2,April
TXN002665,2023-09-21,South,Brazil,Trulicity,Diabetes,Metro Health,Non-Prescriber,Rep_035,108,38199.42,3208.7,10630.16,24360.56,1125.52,331,Online Pharmacy,Q3,September
TXN002666,2025-08-02,Central,UAE,Opdivo,Oncology,St. Luke's,Medium Prescriber,Rep_031,126,36795.33,2539.68,12058.92,22196.73,1308.67,457,Government,Q3,August
TXN002667,2023-06-18,South,Brazil,Eliquis,Cardiology,Metro Health,Medium Prescriber,Rep_015,199,131204.31,5207.7,49954.71,76041.9,6371.15,384,Hospital,Q2,June
TXN002668,2023-09-07,East,India,Trulicity,Diabetes,Cleveland Partners,Non-Prescriber,Rep_030,266,190311.03,11146.8,52808.8,126355.43,11003.22,443,Online Pharmacy,Q3,September
TXN002669,2023-12-19,East,India,Vyepti,Neurology,Cleveland Partners,Low Prescriber,Rep_020,80,57664.22,4513.51,23549.29,29601.42,2130.68,179,Online Pharmacy,Q4,December
TXN002670,2024-08-26,North,USA,Eliquis,Cardiology,Metro Health,Non-Prescriber,Rep_028,200,158416.3,28514.93,60269.51,69631.86,6076.12,162,Retail Pharmacy,Q3,August
TXN002671,2023-12-20,Central,UAE,Vyepti,Neurology,St. Luke's,Medium Prescriber,Rep_019,116,41380.77,2622.22,11218.83,27539.72,1092.03,483,Hospital,Q4,December
TXN002672,2024-08-06,West,Germany,Vyepti,Neurology,Cleveland Partners,Low Prescriber,Rep_004,220,163378.93,13936.64,68842.9,80599.39,12004.06,410,Hospital,Q3,August
TXN002673,2023-07-21,East,India,Vyepti,Neurology,Sunrise Clinic,Medium Prescriber,Rep_037,233,48958.33,4198.4,16709.52,28050.41,1509.71,345,Online Pharmacy,Q3,July
TXN002674,2025-11-16,Central,UAE,Jardiance,Diabetes,St. Luke's,Low Prescriber,Rep_020,148,39018.54,3672.44,11185.95,24160.15,1186.73,265,Online Pharmacy,Q4,November
TXN002675,2025-02-15,North,USA,Nurtec,Neurology,Apollo Hospital,Non-Prescriber,Rep_029,321,252917.42,45525.14,66579.55,140812.73,13826.28,495,Hospital,Q1,February
TXN002676,2025-12-19,North,USA,Avastin,Oncology,City Medical Center,Medium Prescriber,Rep_001,449,120438.13,21678.86,33625.33,65133.94,4787.23,216,Hospital,Q4,December
TXN002677,2023-02-10,West,Germany,Vyepti,Neurology,Cleveland Partners,Medium Prescriber,Rep_022,197,51630.85,4004.22,22813.65,24812.98,2832.64,460,Online Pharmacy,Q1,February
TXN002678,2024-02-28,South,Brazil,Keytruda,Oncology,Apollo Hospital,High Prescriber,Rep_031,490,229306.93,13733.05,96561.07,119012.81,13112.38,166,Retail Pharmacy,Q1,February
TXN002679,2025-08-11,South,Brazil,Herceptin,Oncology,Sunrise Clinic,Medium Prescriber,Rep_020,250,144300.54,9706.34,63576.11,71018.09,10509.69,480,Online Pharmacy,Q3,August
TXN002680,2025-12-10,Central,UAE,Vyepti,Neurology,St. Luke's,Low Prescriber,Rep_027,159,118132.04,6496.54,44227.87,67407.63,3599.54,391,Online Pharmacy,Q4,December
TXN002681,2023-10-30,East,India,Eliquis,Cardiology,Sunrise Clinic,High Prescriber,Rep_025,128,84267.79,8153.66,26582.72,49531.41,4087.13,367,Online Pharmacy,Q4,October
TXN002682,2023-05-29,West,Germany,Comirnaty,Vaccines,Sunrise Clinic,Low Prescriber,Rep_008,54,42905.86,4047.93,16589.73,22268.2,3024.51,165,Government,Q2,May
TXN002683,2024-09-27,West,Germany,Shingrix,Vaccines,Mercy General,Non-Prescriber,Rep_023,359,76112.73,6509.78,23135.94,46467.01,5527.07,94,Government,Q3,September
TXN002684,2024-10-08,North,USA,Avastin,Oncology,City Medical Center,Medium Prescriber,Rep_020,217,54543.07,9817.75,22811.42,21913.9,3734.96,310,Retail Pharmacy,Q4,October
TXN002685,2024-04-29,South,Brazil,Herceptin,Oncology,St. Luke's,Low Prescriber,Rep_037,433,318179.25,12783.97,83346.97,222048.31,16569.65,50,Online Pharmacy,Q2,April
TXN002686,2024-09-28,South,Brazil,Brilinta,Cardiology,St. Luke's,Non-Prescriber,Rep_017,129,8001.13,286.83,2808.47,4905.83,232.09,400,Retail Pharmacy,Q3,September
TXN002687,2024-05-13,North,USA,Entresto,Cardiology,Apollo Hospital,Non-Prescriber,Rep_008,194,126156.26,22708.13,52815.46,50632.67,3987.18,105,Hospital,Q2,May
TXN002688,2023-03-23,East,India,Jardiance,Diabetes,Cleveland Partners,High Prescriber,Rep_010,144,13926.88,1081.32,4286.52,8559.04,340.87,270,Retail Pharmacy,Q1,March
TXN002689,2023-06-24,West,Germany,Ozempic,Diabetes,City Medical Center,Non-Prescriber,Rep_032,430,194375.61,12964.55,55007.61,126403.45,11153.85,20,Hospital,Q2,June
TXN002690,2024-03-14,South,Brazil,Vyepti,Neurology,Cleveland Partners,Medium Prescriber,Rep_020,214,49191.64,1645.62,21412.78,26133.24,1149.09,372,Government,Q1,March
TXN002691,2025-12-12,South,Brazil,Shingrix,Vaccines,Metro Health,Low Prescriber,Rep_020,668,272670.28,14613.62,117726.14,140330.52,12828.64,287,Online Pharmacy,Q4,December
TXN002692,2024-10-13,West,Germany,Entresto,Cardiology,Apollo Hospital,Low Prescriber,Rep_034,347,244834.37,14067.06,100941.78,129825.53,8699.02,347,Online Pharmacy,Q4,October
TXN002693,2023-01-31,South,Brazil,Opdivo,Oncology,Sunrise Clinic,High Prescriber,Rep_040,289,213002.97,17781.04,66318.79,128903.14,7315.91,248,Government,Q1,January
TXN002694,2025-08-17,South,Brazil,Herceptin,Oncology,Metro Health,Non-Prescriber,Rep_036,308,76461.2,2735.68,28121.38,45604.14,3694.65,387,Retail Pharmacy,Q3,August
TXN002695,2025-10-05,North,USA,Aduhelm,Neurology,City Medical Center,Non-Prescriber,Rep_022,205,159741.85,28753.53,54821.81,76166.51,9693.78,271,Government,Q4,October
TXN002696,2023-11-07,East,India,Prevnar,Vaccines,City Medical Center,Low Prescriber,Rep_034,119,12372.89,921.33,3695.9,7755.66,498.76,425,Hospital,Q4,November
TXN002697,2025-08-14,South,Brazil,Jardiance,Diabetes,Cleveland Partners,High Prescriber,Rep_031,466,205631.57,13360.81,71840.16,120430.6,13368.59,242,Online Pharmacy,Q3,August
TXN002698,2024-11-14,Central,UAE,Opdivo,Oncology,City Medical Center,High Prescriber,Rep_037,305,162332.15,14993.19,65615.1,81723.86,11862.32,54,Online Pharmacy,Q4,November
TXN002699,2024-04-24,West,Germany,Avastin,Oncology,Apollo Hospital,Low Prescriber,Rep_021,265,174079.71,7802.64,48271.77,118005.3,12454.12,100,Hospital,Q2,April
TXN002700,2025-12-09,South,Brazil,Keytruda,Oncology,Cleveland Partners,Non-Prescriber,Rep_003,440,203160.02,13359.42,89141.94,100658.66,15455.23,212,Hospital,Q4,December
TXN002701,2023-06-27,North,USA,Avastin,Oncology,Apollo Hospital,Non-Prescriber,Rep_020,190,127659.82,22978.77,33976.26,70704.79,5443.41,250,Government,Q2,June
TXN002702,2024-08-04,Central,UAE,Ozempic,Diabetes,Apollo Hospital,Low Prescriber,Rep_002,490,275968.05,17991.58,87748.92,170227.55,11000.94,7,Government,Q3,August
TXN002703,2023-05-02,East,India,Brilinta,Cardiology,Cleveland Partners,Medium Prescriber,Rep_033,37,12468.22,1226.38,4788.3,6453.54,743.04,463,Government,Q2,May
TXN002704,2023-02-20,Central,UAE,Jardiance,Diabetes,Cleveland Partners,Non-Prescriber,Rep_019,210,78382.47,4650.22,26497.46,47234.79,5749.56,162,Government,Q1,February
TXN002705,2025-06-15,South,Brazil,Prevnar,Vaccines,St. Luke's,Low Prescriber,Rep_015,169,110064.04,5126.02,38374.72,66563.3,6365.87,352,Online Pharmacy,Q2,June
TXN002706,2025-02-25,Central,UAE,Aduhelm,Neurology,Apollo Hospital,Non-Prescriber,Rep_037,321,182689.67,17925.18,46728.15,118036.34,7096.6,198,Government,Q1,February
TXN002707,2025-04-18,East,India,Keytruda,Oncology,St. Luke's,High Prescriber,Rep_016,287,100147.72,3092.47,30743.32,66311.93,2818.19,162,Online Pharmacy,Q2,April
TXN002708,2023-12-30,South,Brazil,Trulicity,Diabetes,Apollo Hospital,Medium Prescriber,Rep_030,542,299747.19,29235.85,134840.71,135670.63,23133.09,373,Hospital,Q4,December
TXN002709,2025-09-19,Central,UAE,Prevnar,Vaccines,City Medical Center,Medium Prescriber,Rep_023,122,77053.25,7007.08,26293.82,43752.35,3221.01,492,Hospital,Q3,September
TXN002710,2024-04-08,West,Germany,Opdivo,Oncology,Sunrise Clinic,Medium Prescriber,Rep_019,63,11121.57,784.95,3611.2,6725.42,530.88,138,Online Pharmacy,Q2,April
TXN002711,2023-03-17,South,Brazil,Herceptin,Oncology,Metro Health,Medium Prescriber,Rep_002,218,74832.54,2530.38,32132.81,40169.35,4517.51,406,Government,Q1,March
TXN002712,2023-12-21,Central,UAE,Brilinta,Cardiology,St. Luke's,Medium Prescriber,Rep_040,129,10537.06,1050.58,3391.21,6095.27,508.42,389,Government,Q4,December
TXN002713,2025-04-14,East,India,Entresto,Cardiology,Cleveland Partners,High Prescriber,Rep_006,601,110397.56,8721.33,32242.13,69434.1,7375.13,141,Government,Q2,April
TXN002714,2024-04-28,South,Brazil,Jardiance,Diabetes,Metro Health,Medium Prescriber,Rep_014,64,10767.09,845.11,4459.23,5462.75,670.48,248,Hospital,Q2,April
TXN002715,2023-12-18,North,USA,Opdivo,Oncology,City Medical Center,Medium Prescriber,Rep_034,151,104946.93,18890.45,45592.03,40464.45,6286.33,129,Hospital,Q4,December
TXN002716,2024-02-15,North,USA,Jardiance,Diabetes,Apollo Hospital,Non-Prescriber,Rep_038,152,83827.3,15088.91,25098.75,43639.64,4746.91,232,Government,Q1,February
TXN002717,2024-10-19,South,Brazil,Keytruda,Oncology,City Medical Center,Non-Prescriber,Rep_011,199,140666.56,5564.33,51691.85,83410.38,3094.78,189,Government,Q4,October
TXN002718,2024-06-05,South,Brazil,Avastin,Oncology,Mercy General,High Prescriber,Rep_037,55,22964.43,1273.9,6866.99,14823.54,691.69,377,Retail Pharmacy,Q2,June
TXN002719,2023-07-10,East,India,Opdivo,Oncology,Apollo Hospital,High Prescriber,Rep_001,74,22767.26,1018.03,7788.34,13960.89,1811.0,213,Government,Q3,July
TXN002720,2024-04-07,West,Germany,Nurtec,Neurology,Cleveland Partners,Low Prescriber,Rep_018,343,43961.65,2168.61,13482.04,28311.0,3182.41,299,Government,Q2,April
TXN002721,2024-12-07,North,USA,Keytruda,Oncology,City Medical Center,Non-Prescriber,Rep_019,194,24870.2,4476.64,7521.96,12871.6,1604.69,82,Retail Pharmacy,Q4,December
TXN002722,2024-09-09,Central,UAE,Opdivo,Oncology,St. Luke's,Medium Prescriber,Rep_015,104,75264.16,6189.51,23940.63,45134.02,2788.48,381,Retail Pharmacy,Q3,September
TXN002723,2023-09-30,East,India,Avastin,Oncology,Metro Health,Low Prescriber,Rep_022,326,242526.51,9381.8,91247.34,141897.37,16239.95,154,Online Pharmacy,Q3,September
TXN002724,2024-08-22,South,Brazil,Herceptin,Oncology,Apollo Hospital,Low Prescriber,Rep_006,272,56964.92,2643.83,17962.32,36358.77,2102.42,315,Online Pharmacy,Q3,August
TXN002725,2025-11-22,North,USA,Trulicity,Diabetes,Mercy General,Medium Prescriber,Rep_028,263,84488.72,15207.97,34470.8,34809.95,5435.66,309,Online Pharmacy,Q4,November
TXN002726,2024-05-25,South,Brazil,Ozempic,Diabetes,Mercy General,Medium Prescriber,Rep_019,122,55293.79,4731.58,15240.11,35322.1,3828.03,38,Online Pharmacy,Q2,May
TXN002727,2023-04-03,East,India,Aduhelm,Neurology,City Medical Center,High Prescriber,Rep_009,207,128081.06,7658.92,35288.85,85133.29,9263.23,87,Online Pharmacy,Q2,April
TXN002728,2023-06-16,West,Germany,Prevnar,Vaccines,Cleveland Partners,Non-Prescriber,Rep_033,440,290761.48,19250.47,120731.69,150779.32,23124.61,341,Retail Pharmacy,Q2,June
TXN002729,2025-05-19,North,USA,Vyepti,Neurology,Mercy General,High Prescriber,Rep_020,398,150449.19,27080.85,60354.28,63014.06,4491.52,79,Online Pharmacy,Q2,May
TXN002730,2025-06-29,North,USA,Ozempic,Diabetes,City Medical Center,Low Prescriber,Rep_039,140,94701.84,17046.33,33316.23,44339.28,5059.08,35,Online Pharmacy,Q2,June
TXN002731,2024-03-21,East,India,Nurtec,Neurology,Mercy General,Medium Prescriber,Rep_003,112,17837.51,1725.37,6933.46,9178.68,983.31,195,Online Pharmacy,Q1,March
TXN002732,2023-07-12,Central,UAE,Ozempic,Diabetes,Apollo Hospital,Medium Prescriber,Rep_009,196,43079.39,2949.53,11374.69,28755.17,1054.08,24,Online Pharmacy,Q3,July
TXN002733,2023-08-30,North,USA,Opdivo,Oncology,Sunrise Clinic,High Prescriber,Rep_023,212,22146.81,3986.43,5747.17,12413.21,1256.27,66,Hospital,Q3,August
TXN002734,2023-08-19,Central,UAE,Brilinta,Cardiology,Cleveland Partners,High Prescriber,Rep_007,253,50037.21,2834.13,13856.57,33346.51,3327.41,276,Retail Pharmacy,Q3,August
TXN002735,2023-06-11,East,India,Eliquis,Cardiology,City Medical Center,Non-Prescriber,Rep_018,104,31326.93,1523.34,12773.69,17029.9,1328.91,379,Retail Pharmacy,Q2,June
TXN002736,2024-07-14,East,India,Jardiance,Diabetes,Mercy General,Medium Prescriber,Rep_004,242,169302.13,5172.81,72313.1,91816.22,5572.73,460,Online Pharmacy,Q3,July
TXN002737,2025-07-07,Central,UAE,Avastin,Oncology,Apollo Hospital,Medium Prescriber,Rep_011,258,50716.74,3776.73,13116.37,33823.64,4037.48,62,Government,Q3,July
TXN002738,2024-04-02,West,Germany,Nurtec,Neurology,St. Luke's,Medium Prescriber,Rep_013,594,116286.7,9139.88,47337.78,59809.04,8258.69,110,Online Pharmacy,Q2,April
TXN002739,2025-08-23,West,Germany,Avastin,Oncology,Metro Health,Non-Prescriber,Rep_006,208,87751.62,3288.65,24532.81,59930.16,2000.78,137,Online Pharmacy,Q3,August
TXN002740,2023-03-30,West,Germany,Nurtec,Neurology,Mercy General,Medium Prescriber,Rep_021,312,136070.17,8664.54,61125.55,66280.08,5855.89,434,Retail Pharmacy,Q1,March
TXN002741,2024-12-19,North,USA,Keytruda,Oncology,Metro Health,High Prescriber,Rep_010,355,97618.87,17571.4,38920.33,41127.14,5170.23,400,Hospital,Q4,December
TXN002742,2025-01-14,East,India,Entresto,Cardiology,Sunrise Clinic,Medium Prescriber,Rep_006,277,150161.62,9487.98,48920.33,91753.31,10162.05,414,Government,Q1,January
TXN002743,2023-05-12,Central,UAE,Aduhelm,Neurology,Apollo Hospital,High Prescriber,Rep_013,182,91176.69,4433.03,36789.96,49953.7,2362.17,302,Government,Q2,May
TXN002744,2025-03-28,West,Germany,Vyepti,Neurology,Sunrise Clinic,High Prescriber,Rep_003,148,108364.96,8514.77,35366.76,64483.43,3718.69,81,Government,Q1,March
TXN002745,2023-01-25,South,Brazil,Jardiance,Diabetes,Metro Health,Medium Prescriber,Rep_039,282,193030.58,17356.42,73435.9,102238.26,6413.52,378,Government,Q1,January
TXN002746,2025-08-04,North,USA,Eliquis,Cardiology,Cleveland Partners,Non-Prescriber,Rep_039,236,53915.19,9704.73,20725.08,23485.38,2847.34,376,Retail Pharmacy,Q3,August
TXN002747,2025-05-07,Central,UAE,Ozempic,Diabetes,Metro Health,Medium Prescriber,Rep_018,409,250370.22,18694.47,77735.52,153940.23,17327.14,34,Government,Q2,May
TXN002748,2023-06-25,East,India,Shingrix,Vaccines,Sunrise Clinic,Low Prescriber,Rep_032,327,257603.4,17029.35,72286.26,168287.79,7866.11,379,Hospital,Q2,June
TXN002749,2025-06-06,North,USA,Prevnar,Vaccines,Metro Health,Medium Prescriber,Rep_033,543,214185.15,38553.33,93547.45,82084.37,10455.4,163,Government,Q2,June
TXN002750,2023-02-05,East,India,Vyepti,Neurology,Cleveland Partners,Medium Prescriber,Rep_010,278,211121.26,17612.92,60783.24,132725.1,5066.74,207,Hospital,Q1,February
TXN002751,2025-10-10,East,India,Opdivo,Oncology,Mercy General,Low Prescriber,Rep_016,338,145086.63,12655.26,52134.51,80296.86,10899.61,268,Government,Q4,October
TXN002752,2023-07-26,West,Germany,Keytruda,Oncology,Sunrise Clinic,Low Prescriber,Rep_033,381,117193.8,4019.36,32066.19,81108.25,2996.58,121,Online Pharmacy,Q3,July
TXN002753,2024-05-26,East,India,Nurtec,Neurology,City Medical Center,Non-Prescriber,Rep_002,133,84166.84,6059.67,29576.37,48530.8,4463.83,343,Hospital,Q2,May
TXN002754,2025-11-05,North,USA,Entresto,Cardiology,Mercy General,Non-Prescriber,Rep_031,583,376144.71,67706.05,131389.3,177049.36,7681.86,316,Government,Q4,November
TXN002755,2025-10-15,North,USA,Ozempic,Diabetes,St. Luke's,High Prescriber,Rep_032,375,282572.85,50863.11,90947.45,140762.29,21612.97,27,Hospital,Q4,October
TXN002756,2024-03-24,Central,UAE,Brilinta,Cardiology,Cleveland Partners,Non-Prescriber,Rep_017,245,82857.71,6138.75,23926.74,52792.22,2949.43,436,Hospital,Q1,March
TXN002757,2024-12-27,South,Brazil,Brilinta,Cardiology,Metro Health,Medium Prescriber,Rep_003,246,19839.75,1504.75,6205.22,12129.78,1062.79,345,Retail Pharmacy,Q4,December
TXN002758,2024-01-08,East,India,Prevnar,Vaccines,City Medical Center,Medium Prescriber,Rep_018,238,77983.73,4680.04,24794.14,48509.55,3452.11,407,Retail Pharmacy,Q1,January
TXN002759,2024-02-24,North,USA,Eliquis,Cardiology,Metro Health,Medium Prescriber,Rep_016,230,67540.66,12157.32,17997.6,37385.74,2811.99,274,Government,Q1,February
TXN002760,2024-04-05,East,India,Vyepti,Neurology,Metro Health,Low Prescriber,Rep_024,322,159115.62,15404.77,61377.82,82333.03,4059.99,386,Retail Pharmacy,Q2,April
TXN002761,2025-08-08,North,USA,Brilinta,Cardiology,Metro Health,Medium Prescriber,Rep_010,181,99122.73,17842.09,37200.94,44079.7,5941.9,172,Retail Pharmacy,Q3,August
TXN002762,2024-01-30,North,USA,Avastin,Oncology,Sunrise Clinic,Non-Prescriber,Rep_007,120,73409.18,13213.65,21959.13,38236.4,4993.69,391,Online Pharmacy,Q1,January
TXN002763,2023-03-15,South,Brazil,Opdivo,Oncology,Apollo Hospital,High Prescriber,Rep_007,211,94676.51,4852.8,30923.3,58900.41,6388.95,347,Government,Q1,March
TXN002764,2024-08-13,Central,UAE,Prevnar,Vaccines,Cleveland Partners,High Prescriber,Rep_006,241,73804.69,5357.05,29371.82,39075.82,3045.6,259,Online Pharmacy,Q3,August
TXN002765,2023-06-23,South,Brazil,Brilinta,Cardiology,Apollo Hospital,Non-Prescriber,Rep_038,157,9846.45,723.39,4193.76,4929.3,651.57,491,Retail Pharmacy,Q2,June
TXN002766,2023-05-19,East,India,Herceptin,Oncology,Metro Health,Medium Prescriber,Rep_005,164,107377.86,8594.46,29625.26,69158.14,3563.35,386,Retail Pharmacy,Q2,May
TXN002767,2025-03-26,North,USA,Trulicity,Diabetes,Metro Health,Low Prescriber,Rep_016,234,69165.94,12449.87,27918.1,28797.97,2102.14,221,Online Pharmacy,Q1,March
TXN002768,2025-08-20,North,USA,Eliquis,Cardiology,St. Luke's,Medium Prescriber,Rep_022,349,43923.99,7906.32,18415.64,17602.03,2321.74,321,Retail Pharmacy,Q3,August
TXN002769,2025-11-15,West,Germany,Herceptin,Oncology,St. Luke's,Low Prescriber,Rep_009,185,49963.8,4336.61,15702.37,29924.82,1555.84,228,Online Pharmacy,Q4,November
TXN002770,2023-01-04,West,Germany,Aduhelm,Neurology,Sunrise Clinic,Low Prescriber,Rep_018,98,30540.15,2410.7,8401.08,19728.37,2383.57,400,Online Pharmacy,Q1,January
TXN002771,2023-12-23,West,Germany,Vyepti,Neurology,Metro Health,Non-Prescriber,Rep_040,83,9299.64,874.72,2805.98,5618.94,588.59,77,Online Pharmacy,Q4,December
TXN002772,2024-02-11,South,Brazil,Avastin,Oncology,Cleveland Partners,Non-Prescriber,Rep_008,269,39971.63,2567.47,13180.27,24223.89,1556.7,397,Government,Q1,February
TXN002773,2025-10-20,West,Germany,Herceptin,Oncology,Cleveland Partners,Non-Prescriber,Rep_026,338,270030.19,15433.43,119206.81,135389.95,11942.58,356,Online Pharmacy,Q4,October
TXN002774,2023-01-15,West,Germany,Herceptin,Oncology,Mercy General,Low Prescriber,Rep_007,296,196077.36,19513.25,73865.91,102698.2,8375.9,148,Online Pharmacy,Q1,January
TXN002775,2024-03-19,Central,UAE,Vyepti,Neurology,Metro Health,High Prescriber,Rep_007,718,373860.03,24606.69,129506.47,219746.87,21662.35,189,Hospital,Q1,March
TXN002776,2024-08-21,West,Germany,Vyepti,Neurology,Apollo Hospital,Medium Prescriber,Rep_040,118,52003.64,1926.9,18935.63,31141.11,2257.83,65,Online Pharmacy,Q3,August
TXN002777,2025-07-23,Central,UAE,Avastin,Oncology,Sunrise Clinic,High Prescriber,Rep_021,217,129915.09,12371.47,57794.64,59748.98,9970.81,445,Online Pharmacy,Q3,July
TXN002778,2023-11-15,West,Germany,Avastin,Oncology,Mercy General,Low Prescriber,Rep_023,258,56312.94,4613.97,15669.89,36029.08,3903.08,407,Government,Q4,November
TXN002779,2025-11-12,North,USA,Entresto,Cardiology,Sunrise Clinic,Medium Prescriber,Rep_021,171,97663.0,17579.34,32909.83,47173.83,4529.65,458,Online Pharmacy,Q4,November
TXN002780,2023-08-17,East,India,Entresto,Cardiology,Mercy General,High Prescriber,Rep_008,347,21832.89,1485.15,8188.14,12159.6,1722.01,68,Online Pharmacy,Q3,August
TXN002781,2024-04-25,North,USA,Aduhelm,Neurology,Cleveland Partners,Low Prescriber,Rep_020,232,101070.57,18192.7,29678.62,53199.25,5015.88,50,Online Pharmacy,Q2,April
TXN002782,2024-01-25,North,USA,Nurtec,Neurology,Mercy General,Non-Prescriber,Rep_009,77,36505.41,6570.97,15036.14,14898.3,1022.85,67,Government,Q1,January
TXN002783,2025-03-01,West,Germany,Prevnar,Vaccines,St. Luke's,Medium Prescriber,Rep_034,408,24672.94,758.38,7237.99,16676.57,1049.96,186,Retail Pharmacy,Q1,March
TXN002784,2025-05-22,North,USA,Trulicity,Diabetes,St. Luke's,High Prescriber,Rep_002,397,220910.89,39763.96,60465.3,120681.63,13593.61,157,Hospital,Q2,May
TXN002785,2025-12-27,West,Germany,Opdivo,Oncology,City Medical Center,Medium Prescriber,Rep_014,173,14014.33,1151.29,6253.06,6609.98,934.81,437,Online Pharmacy,Q4,December
TXN002786,2025-02-15,East,India,Prevnar,Vaccines,Sunrise Clinic,Medium Prescriber,Rep_023,163,52496.58,4197.98,13458.23,34840.37,3734.12,473,Online Pharmacy,Q1,February
TXN002787,2024-12-20,North,USA,Opdivo,Oncology,City Medical Center,High Prescriber,Rep_001,198,143493.45,25828.82,42863.77,74800.86,3920.24,425,Hospital,Q4,December
TXN002788,2023-01-24,East,India,Keytruda,Oncology,Cleveland Partners,Low Prescriber,Rep_040,118,29289.31,1626.58,9615.5,18047.23,948.55,443,Government,Q1,January
TXN002789,2025-11-16,West,Germany,Entresto,Cardiology,Cleveland Partners,Medium Prescriber,Rep_002,378,160416.79,6643.0,50270.24,103503.55,8905.76,346,Hospital,Q4,November
TXN002790,2025-02-21,South,Brazil,Avastin,Oncology,Apollo Hospital,Low Prescriber,Rep_034,303,234443.9,17252.91,99787.24,117403.75,6150.63,163,Retail Pharmacy,Q1,February
TXN002791,2025-06-17,North,USA,Jardiance,Diabetes,St. Luke's,Non-Prescriber,Rep_011,267,97726.58,17590.78,35448.19,44687.61,6987.92,226,Government,Q2,June
TXN002792,2023-05-08,North,USA,Vyepti,Neurology,St. Luke's,Medium Prescriber,Rep_005,438,302677.17,54481.89,99257.63,148937.65,21374.62,66,Hospital,Q2,May
TXN002793,2024-02-19,Central,UAE,Entresto,Cardiology,Cleveland Partners,Medium Prescriber,Rep_010,204,139673.57,9493.6,46968.91,83211.06,10850.02,485,Retail Pharmacy,Q1,February
TXN002794,2023-01-26,East,India,Vyepti,Neurology,St. Luke's,Non-Prescriber,Rep_033,329,90615.25,3980.55,36822.82,49811.88,6168.41,165,Online Pharmacy,Q1,January
TXN002795,2024-05-09,East,India,Brilinta,Cardiology,Cleveland Partners,Non-Prescriber,Rep_034,293,17968.84,631.98,5076.83,12260.03,1033.65,148,Retail Pharmacy,Q2,May
TXN002796,2025-07-05,North,USA,Brilinta,Cardiology,Metro Health,Low Prescriber,Rep_022,328,34428.89,6197.2,8686.61,19545.08,2662.72,185,Online Pharmacy,Q3,July
TXN002797,2024-11-05,West,Germany,Avastin,Oncology,St. Luke's,Non-Prescriber,Rep_014,260,198061.78,15699.3,80397.36,101965.12,7598.45,97,Retail Pharmacy,Q4,November
TXN002798,2023-11-14,Central,UAE,Nurtec,Neurology,Sunrise Clinic,High Prescriber,Rep_019,163,64538.24,4480.6,25988.32,34069.32,2645.67,116,Hospital,Q4,November
TXN002799,2023-10-01,Central,UAE,Shingrix,Vaccines,Cleveland Partners,Medium Prescriber,Rep_004,301,55227.19,5202.39,23088.93,26935.87,2119.73,449,Government,Q4,October
TXN002800,2024-04-09,North,USA,Entresto,Cardiology,St. Luke's,Medium Prescriber,Rep_038,537,305296.89,54953.44,77679.63,172663.82,9499.75,323,Hospital,Q2,April
TXN002801,2024-09-03,West,Germany,Vyepti,Neurology,Sunrise Clinic,High Prescriber,Rep_026,128,20593.43,1815.1,5961.87,12816.46,874.1,362,Hospital,Q3,September
TXN002802,2025-05-12,North,USA,Trulicity,Diabetes,Cleveland Partners,Medium Prescriber,Rep_006,507,127061.53,22871.08,34849.74,69340.71,5610.17,74,Retail Pharmacy,Q2,May
TXN002803,2025-04-10,East,India,Jardiance,Diabetes,Mercy General,High Prescriber,Rep_031,276,101049.73,5997.55,42640.98,52411.2,8046.55,421,Government,Q2,April
TXN002804,2024-12-13,Central,UAE,Jardiance,Diabetes,Apollo Hospital,Medium Prescriber,Rep_015,390,80683.81,7400.28,21124.64,52158.89,2712.53,208,Retail Pharmacy,Q4,December
TXN002805,2024-03-29,South,Brazil,Jardiance,Diabetes,Metro Health,Medium Prescriber,Rep_033,235,99588.63,3484.04,32551.68,63552.91,4117.05,122,Online Pharmacy,Q1,March
TXN002806,2024-03-07,Central,UAE,Keytruda,Oncology,Apollo Hospital,Medium Prescriber,Rep_029,414,214457.6,6961.16,74257.08,133239.36,15674.32,371,Retail Pharmacy,Q1,March
TXN002807,2024-01-20,Central,UAE,Comirnaty,Vaccines,St. Luke's,Low Prescriber,Rep_005,272,123572.01,10255.68,40338.18,72978.15,3482.62,279,Government,Q1,January
TXN002808,2024-09-14,East,India,Ozempic,Diabetes,Sunrise Clinic,High Prescriber,Rep_006,257,85669.83,4463.34,37137.84,44068.65,5962.37,25,Online Pharmacy,Q3,September
TXN002809,2024-02-02,Central,UAE,Opdivo,Oncology,Metro Health,Non-Prescriber,Rep_001,539,323601.04,15674.12,125868.45,182058.47,14429.28,425,Hospital,Q1,February
TXN002810,2025-09-28,North,USA,Aduhelm,Neurology,Metro Health,Medium Prescriber,Rep_033,343,203122.88,36562.12,77976.29,88584.47,5386.8,497,Hospital,Q3,September
TXN002811,2023-01-03,North,USA,Keytruda,Oncology,City Medical Center,Non-Prescriber,Rep_028,155,16720.88,3009.76,6266.18,7444.94,1103.34,183,Online Pharmacy,Q1,January
TXN002812,2024-08-17,South,Brazil,Brilinta,Cardiology,Mercy General,High Prescriber,Rep_024,149,77190.94,5113.38,24368.79,47708.77,4646.55,426,Online Pharmacy,Q3,August
TXN002813,2024-01-12,East,India,Ozempic,Diabetes,Mercy General,High Prescriber,Rep_033,75,40076.23,1581.13,11684.31,26810.79,3031.84,37,Retail Pharmacy,Q1,January
TXN002814,2023-11-23,East,India,Aduhelm,Neurology,Apollo Hospital,High Prescriber,Rep_012,273,193028.98,15472.15,54646.38,122910.45,8130.99,72,Government,Q4,November
TXN002815,2023-08-21,North,USA,Shingrix,Vaccines,Sunrise Clinic,Non-Prescriber,Rep_031,127,20028.84,3605.19,7084.5,9339.15,1300.95,304,Government,Q3,August
TXN002816,2023-05-19,East,India,Keytruda,Oncology,Sunrise Clinic,Non-Prescriber,Rep_039,181,24126.94,804.13,7069.36,16253.45,1209.7,197,Online Pharmacy,Q2,May
TXN002817,2024-05-19,West,Germany,Avastin,Oncology,City Medical Center,Medium Prescriber,Rep_034,244,142129.72,6816.83,44767.22,90545.67,10489.27,239,Hospital,Q2,May
TXN002818,2024-02-08,North,USA,Brilinta,Cardiology,St. Luke's,Non-Prescriber,Rep_032,454,116525.4,20974.57,44474.68,51076.15,5073.39,367,Government,Q1,February
TXN002819,2025-09-30,South,Brazil,Vyepti,Neurology,Metro Health,Low Prescriber,Rep_010,282,85228.07,7763.06,37533.4,39931.61,4570.87,187,Government,Q3,September
TXN002820,2023-01-12,North,USA,Brilinta,Cardiology,Mercy General,High Prescriber,Rep_023,222,46629.18,8393.25,14421.89,23814.04,1076.62,474,Retail Pharmacy,Q1,January
TXN002821,2025-08-14,West,Germany,Brilinta,Cardiology,Mercy General,High Prescriber,Rep_015,116,18509.11,1099.92,5674.18,11735.01,1147.5,52,Online Pharmacy,Q3,August
TXN002822,2025-11-28,North,USA,Jardiance,Diabetes,Mercy General,High Prescriber,Rep_026,340,217914.1,39224.54,83283.97,95405.59,16860.67,438,Retail Pharmacy,Q4,November
TXN002823,2025-07-11,West,Germany,Trulicity,Diabetes,Sunrise Clinic,Non-Prescriber,Rep_030,430,327765.81,11495.93,104761.14,211508.74,18285.02,102,Online Pharmacy,Q3,July
TXN002824,2025-09-18,East,India,Vyepti,Neurology,St. Luke's,Low Prescriber,Rep_034,240,112615.0,5067.94,40297.8,67249.26,5649.03,264,Online Pharmacy,Q3,September
TXN002825,2024-11-13,West,Germany,Ozempic,Diabetes,Cleveland Partners,Low Prescriber,Rep_033,172,47432.71,1642.39,13314.09,32476.23,3385.45,25,Retail Pharmacy,Q4,November
TXN002826,2025-07-02,East,India,Herceptin,Oncology,Sunrise Clinic,Non-Prescriber,Rep_039,311,137541.37,13078.22,38699.0,85764.15,3735.16,194,Government,Q3,July
TXN002827,2024-09-21,North,USA,Herceptin,Oncology,City Medical Center,High Prescriber,Rep_028,148,44790.4,8062.27,12022.28,24705.85,2880.94,257,Hospital,Q3,September
TXN002828,2025-08-03,North,USA,Brilinta,Cardiology,St. Luke's,High Prescriber,Rep_036,521,300554.69,54099.84,114798.47,131656.38,12772.86,177,Hospital,Q3,August
TXN002829,2024-08-15,North,USA,Comirnaty,Vaccines,Cleveland Partners,Low Prescriber,Rep_017,188,80579.01,14504.22,26982.32,39092.47,5805.48,476,Retail Pharmacy,Q3,August
TXN002830,2024-03-31,North,USA,Nurtec,Neurology,Sunrise Clinic,High Prescriber,Rep_039,432,198025.33,35644.56,86622.52,75758.25,4318.97,54,Hospital,Q1,March
TXN002831,2025-03-16,North,USA,Avastin,Oncology,Cleveland Partners,Low Prescriber,Rep_019,287,161856.94,29134.25,68150.89,64571.8,10560.59,141,Online Pharmacy,Q1,March
TXN002832,2025-09-28,North,USA,Eliquis,Cardiology,Sunrise Clinic,Non-Prescriber,Rep_022,205,122165.75,21989.83,36789.02,63386.9,3678.54,221,Government,Q3,September
TXN002833,2024-07-25,East,India,Shingrix,Vaccines,Cleveland Partners,Non-Prescriber,Rep_023,301,169454.71,12421.01,52892.95,104140.75,5347.45,231,Hospital,Q3,July
TXN002834,2023-01-08,South,Brazil,Eliquis,Cardiology,Cleveland Partners,High Prescriber,Rep_038,196,79780.36,7216.29,20882.74,51681.33,6157.59,134,Online Pharmacy,Q1,January
TXN002835,2025-08-01,South,Brazil,Opdivo,Oncology,Apollo Hospital,Non-Prescriber,Rep_003,87,62740.73,5198.63,21415.42,36126.68,4165.68,143,Retail Pharmacy,Q3,August
TXN002836,2025-01-06,East,India,Nurtec,Neurology,Sunrise Clinic,High Prescriber,Rep_013,186,76212.05,2935.03,29428.41,43848.61,2113.52,195,Online Pharmacy,Q1,January
TXN002837,2023-09-24,East,India,Opdivo,Oncology,St. Luke's,Low Prescriber,Rep_011,358,175064.08,14924.16,59517.03,100622.89,4583.95,199,Online Pharmacy,Q3,September
TXN002838,2023-04-30,West,Germany,Opdivo,Oncology,Apollo Hospital,High Prescriber,Rep_027,261,74097.24,6824.12,24790.04,42483.08,5284.88,402,Hospital,Q2,April
TXN002839,2023-12-29,West,Germany,Herceptin,Oncology,St. Luke's,High Prescriber,Rep_029,290,197679.69,6631.21,64724.56,126323.92,11581.15,232,Government,Q4,December
TXN002840,2023-02-23,South,Brazil,Opdivo,Oncology,Sunrise Clinic,Non-Prescriber,Rep_016,329,83277.06,4859.71,22418.8,55998.55,6428.22,440,Retail Pharmacy,Q1,February
TXN002841,2025-08-27,East,India,Keytruda,Oncology,Mercy General,Medium Prescriber,Rep_005,304,77510.46,2358.42,31770.72,43381.32,3522.49,339,Retail Pharmacy,Q3,August
TXN002842,2024-03-26,East,India,Eliquis,Cardiology,Metro Health,High Prescriber,Rep_019,487,292860.81,12539.88,93036.94,187283.99,18946.03,347,Online Pharmacy,Q1,March
TXN002843,2024-10-31,North,USA,Trulicity,Diabetes,St. Luke's,High Prescriber,Rep_030,261,40749.48,7334.91,14369.05,19045.52,992.29,159,Hospital,Q4,October
TXN002844,2025-04-05,North,USA,Herceptin,Oncology,Mercy General,Low Prescriber,Rep_038,211,54969.45,9894.5,19298.19,25776.76,3966.85,485,Online Pharmacy,Q2,April
TXN002845,2025-05-10,North,USA,Comirnaty,Vaccines,Sunrise Clinic,Medium Prescriber,Rep_001,498,181822.72,32728.09,67935.31,81159.32,12241.7,414,Online Pharmacy,Q2,May
TXN002846,2024-08-20,East,India,Comirnaty,Vaccines,Apollo Hospital,Non-Prescriber,Rep_008,154,92358.9,3039.81,24884.52,64434.57,6178.34,247,Government,Q3,August
TXN002847,2023-06-11,Central,UAE,Ozempic,Diabetes,Metro Health,High Prescriber,Rep_040,242,46988.92,4635.35,18279.55,24074.02,2875.84,15,Retail Pharmacy,Q2,June
TXN002848,2023-10-20,North,USA,Opdivo,Oncology,Apollo Hospital,Medium Prescriber,Rep_038,165,126503.91,22770.7,36744.64,66988.57,8922.82,487,Retail Pharmacy,Q4,October
TXN002849,2023-06-30,Central,UAE,Opdivo,Oncology,Sunrise Clinic,High Prescriber,Rep_004,200,102603.02,7994.39,40181.22,54427.41,6276.09,204,Online Pharmacy,Q2,June
TXN002850,2023-12-30,West,Germany,Prevnar,Vaccines,Apollo Hospital,Medium Prescriber,Rep_003,318,194415.55,8202.41,52724.65,133488.49,6683.43,191,Retail Pharmacy,Q4,December
TXN002851,2024-11-24,South,Brazil,Entresto,Cardiology,Mercy General,Non-Prescriber,Rep_010,197,22226.9,1754.36,7718.03,12754.51,701.87,316,Government,Q4,November
TXN002852,2023-10-06,East,India,Trulicity,Diabetes,City Medical Center,Low Prescriber,Rep_040,236,90010.48,4241.61,29688.64,56080.23,3150.79,50,Retail Pharmacy,Q4,October
TXN002853,2024-08-18,North,USA,Nurtec,Neurology,Apollo Hospital,Medium Prescriber,Rep_007,137,74670.62,13440.71,32564.98,28664.93,1827.2,237,Retail Pharmacy,Q3,August
TXN002854,2023-06-04,North,USA,Opdivo,Oncology,Apollo Hospital,Medium Prescriber,Rep_036,206,116972.31,21055.02,50505.95,45411.34,3473.53,417,Online Pharmacy,Q2,June
TXN002855,2025-09-08,East,India,Avastin,Oncology,Sunrise Clinic,Medium Prescriber,Rep_038,262,144060.59,13415.91,64800.83,65843.85,6269.23,164,Retail Pharmacy,Q3,September
TXN002856,2023-05-19,East,India,Brilinta,Cardiology,Apollo Hospital,High Prescriber,Rep_023,190,132769.31,4418.99,43299.95,85050.37,3453.1,398,Government,Q2,May
TXN002857,2023-12-29,East,India,Opdivo,Oncology,Sunrise Clinic,High Prescriber,Rep_028,111,58879.85,4063.9,21307.53,33508.42,3799.95,456,Retail Pharmacy,Q4,December
TXN002858,2024-05-05,South,Brazil,Eliquis,Cardiology,Mercy General,High Prescriber,Rep_002,189,39496.69,2062.29,13577.02,23857.38,1314.91,282,Retail Pharmacy,Q2,May
TXN002859,2025-02-10,North,USA,Herceptin,Oncology,City Medical Center,High Prescriber,Rep_019,306,91503.2,16470.58,39041.68,35990.94,2591.31,249,Retail Pharmacy,Q1,February
TXN002860,2025-05-16,North,USA,Aduhelm,Neurology,Mercy General,Low Prescriber,Rep_014,329,168918.93,30405.41,49458.84,89054.68,10727.47,185,Online Pharmacy,Q2,May
TXN002861,2023-11-04,North,USA,Comirnaty,Vaccines,Metro Health,Medium Prescriber,Rep_013,422,257404.64,46332.84,93549.62,117522.18,11698.69,486,Hospital,Q4,November
TXN002862,2024-10-30,North,USA,Comirnaty,Vaccines,Metro Health,Non-Prescriber,Rep_005,152,121369.96,21846.59,47545.99,51977.38,4113.28,299,Retail Pharmacy,Q4,October
TXN002863,2024-03-20,West,Germany,Avastin,Oncology,Sunrise Clinic,High Prescriber,Rep_011,263,128206.23,10586.23,57076.6,60543.4,7328.41,100,Hospital,Q1,March
TXN002864,2023-09-21,North,USA,Keytruda,Oncology,St. Luke's,Medium Prescriber,Rep_018,245,144653.28,26037.59,38430.43,80185.26,4693.07,233,Hospital,Q3,September
TXN002865,2024-10-19,South,Brazil,Keytruda,Oncology,Mercy General,Low Prescriber,Rep_008,128,101450.46,10038.63,37258.92,54152.91,2235.71,228,Online Pharmacy,Q4,October
TXN002866,2024-11-22,North,USA,Eliquis,Cardiology,City Medical Center,Low Prescriber,Rep_039,232,83143.23,14965.78,37004.73,31172.72,2524.77,142,Government,Q4,November
TXN002867,2023-12-06,Central,UAE,Herceptin,Oncology,Mercy General,Medium Prescriber,Rep_040,124,63779.06,5240.99,25536.29,33001.78,1308.63,343,Retail Pharmacy,Q4,December
TXN002868,2025-11-17,South,Brazil,Jardiance,Diabetes,City Medical Center,High Prescriber,Rep_033,94,21467.62,2116.15,7080.96,12270.51,837.5,238,Retail Pharmacy,Q4,November
TXN002869,2025-09-27,East,India,Ozempic,Diabetes,Sunrise Clinic,High Prescriber,Rep_009,263,199502.11,7741.48,51510.26,140250.37,5255.66,26,Retail Pharmacy,Q3,September
TXN002870,2023-11-13,South,Brazil,Entresto,Cardiology,Cleveland Partners,High Prescriber,Rep_027,352,79906.27,2776.41,23906.34,53223.52,4498.27,68,Government,Q4,November
TXN002871,2023-04-02,North,USA,Opdivo,Oncology,Cleveland Partners,Non-Prescriber,Rep_029,156,48281.31,8690.64,17045.6,22545.07,3548.94,222,Retail Pharmacy,Q2,April
TXN002872,2023-05-15,North,USA,Avastin,Oncology,Cleveland Partners,High Prescriber,Rep_034,341,52551.87,9459.34,19962.28,23130.25,3918.19,101,Hospital,Q2,May
TXN002873,2023-08-18,North,USA,Jardiance,Diabetes,Metro Health,High Prescriber,Rep_015,144,42686.43,7683.56,12547.09,22455.78,2938.12,386,Retail Pharmacy,Q3,August
TXN002874,2024-09-14,North,USA,Avastin,Oncology,City Medical Center,Low Prescriber,Rep_014,63,31219.67,5619.54,11920.31,13679.82,1838.59,167,Hospital,Q3,September
TXN002875,2023-06-05,South,Brazil,Avastin,Oncology,Metro Health,High Prescriber,Rep_029,279,114792.75,7445.19,31031.21,76316.35,5835.93,303,Government,Q2,June
TXN002876,2025-06-23,South,Brazil,Keytruda,Oncology,St. Luke's,Medium Prescriber,Rep_024,109,44139.19,3453.05,17117.86,23568.28,2134.96,225,Government,Q2,June
TXN002877,2024-03-16,West,Germany,Vyepti,Neurology,Cleveland Partners,High Prescriber,Rep_032,260,167523.65,8164.16,54328.89,105030.6,10275.4,496,Online Pharmacy,Q1,March
TXN002878,2023-07-06,East,India,Eliquis,Cardiology,Cleveland Partners,Medium Prescriber,Rep_004,251,145622.35,8792.87,45203.65,91625.83,8339.31,472,Online Pharmacy,Q3,July
TXN002879,2025-09-15,South,Brazil,Ozempic,Diabetes,Sunrise Clinic,Low Prescriber,Rep_034,257,57555.24,3446.94,23639.66,30468.64,2363.56,5,Retail Pharmacy,Q3,September
TXN002880,2024-08-03,South,Brazil,Shingrix,Vaccines,Mercy General,Medium Prescriber,Rep_009,210,90978.27,4070.43,29000.17,57907.67,3786.7,253,Online Pharmacy,Q3,August
TXN002881,2025-05-15,South,Brazil,Aduhelm,Neurology,Metro Health,High Prescriber,Rep_006,191,102455.94,3406.49,29109.72,69939.73,4557.43,210,Hospital,Q2,May
TXN002882,2023-05-19,East,India,Jardiance,Diabetes,Apollo Hospital,Medium Prescriber,Rep_028,373,211097.52,20757.65,72035.39,118304.48,4858.52,227,Hospital,Q2,May
TXN002883,2025-11-18,West,Germany,Entresto,Cardiology,Sunrise Clinic,High Prescriber,Rep_021,396,215975.66,19887.35,93224.59,102863.72,9307.47,467,Online Pharmacy,Q4,November
TXN002884,2023-12-07,South,Brazil,Eliquis,Cardiology,St. Luke's,Low Prescriber,Rep_030,111,33228.75,1232.17,12056.37,19940.21,1474.59,315,Government,Q4,December
TXN002885,2025-05-07,Central,UAE,Jardiance,Diabetes,Apollo Hospital,Low Prescriber,Rep_014,244,35142.84,3396.71,14024.38,17721.75,1433.68,187,Hospital,Q2,May
TXN002886,2024-04-15,West,Germany,Entresto,Cardiology,Cleveland Partners,High Prescriber,Rep_035,151,70685.43,2350.48,23234.74,45100.21,3105.96,138,Government,Q2,April
TXN002887,2023-01-27,North,USA,Ozempic,Diabetes,Sunrise Clinic,High Prescriber,Rep_021,246,32961.34,5933.04,14526.41,12501.89,2123.8,36,Retail Pharmacy,Q1,January
TXN002888,2024-05-24,Central,UAE,Eliquis,Cardiology,Sunrise Clinic,Non-Prescriber,Rep_006,129,89320.01,4509.55,23216.29,61594.17,6423.56,279,Retail Pharmacy,Q2,May
TXN002889,2025-02-09,South,Brazil,Keytruda,Oncology,Sunrise Clinic,High Prescriber,Rep_028,184,96207.97,8850.11,36227.69,51130.17,5757.88,96,Hospital,Q1,February
TXN002890,2023-01-10,East,India,Opdivo,Oncology,St. Luke's,High Prescriber,Rep_017,112,37039.41,3020.48,14492.85,19526.08,2760.6,334,Hospital,Q1,January
TXN002891,2025-09-03,East,India,Opdivo,Oncology,St. Luke's,Non-Prescriber,Rep_034,234,74087.95,6480.97,19551.86,48055.12,2565.78,394,Government,Q3,September
TXN002892,2025-08-08,Central,UAE,Avastin,Oncology,Apollo Hospital,Medium Prescriber,Rep_038,154,115104.33,8439.76,40949.69,65714.88,4832.01,404,Retail Pharmacy,Q3,August
TXN002893,2025-03-21,North,USA,Keytruda,Oncology,City Medical Center,Non-Prescriber,Rep_007,328,177624.25,31972.36,77334.83,68317.06,9943.9,409,Retail Pharmacy,Q1,March
TXN002894,2025-06-06,East,India,Eliquis,Cardiology,City Medical Center,Low Prescriber,Rep_024,290,110909.8,8277.28,39463.84,63168.68,4525.05,114,Government,Q2,June
TXN002895,2025-02-17,East,India,Avastin,Oncology,Mercy General,High Prescriber,Rep_010,287,113779.23,9189.85,28819.96,75769.42,2784.2,129,Retail Pharmacy,Q1,February
TXN002896,2024-05-27,North,USA,Avastin,Oncology,St. Luke's,Non-Prescriber,Rep_029,224,86009.4,15481.69,32378.07,38149.64,5009.33,312,Government,Q2,May
TXN002897,2023-11-14,South,Brazil,Avastin,Oncology,Metro Health,Non-Prescriber,Rep_020,191,11302.46,557.71,4690.47,6054.28,569.88,233,Hospital,Q4,November
TXN002898,2024-04-02,West,Germany,Keytruda,Oncology,City Medical Center,Non-Prescriber,Rep_007,214,164274.49,14071.21,52423.18,97780.1,4647.73,259,Hospital,Q2,April
TXN002899,2023-12-15,North,USA,Trulicity,Diabetes,Sunrise Clinic,Medium Prescriber,Rep_012,218,41089.2,7396.06,16902.32,16790.82,866.63,464,Government,Q4,December
TXN002900,2024-05-06,South,Brazil,Aduhelm,Neurology,St. Luke's,Low Prescriber,Rep_007,706,277829.83,19802.46,98704.8,159322.57,7766.47,138,Retail Pharmacy,Q2,May
TXN002901,2023-02-06,North,USA,Opdivo,Oncology,Metro Health,Non-Prescriber,Rep_029,236,50376.06,9067.69,21106.84,20201.53,2415.78,426,Hospital,Q1,February
TXN002902,2024-12-17,South,Brazil,Comirnaty,Vaccines,City Medical Center,High Prescriber,Rep_031,93,28206.97,2496.6,9332.6,16377.77,1862.54,460,Retail Pharmacy,Q4,December
TXN002903,2025-02-28,South,Brazil,Opdivo,Oncology,St. Luke's,Medium Prescriber,Rep_033,436,195359.86,13644.71,81510.65,100204.5,9683.66,233,Retail Pharmacy,Q1,February
TXN002904,2024-12-16,East,India,Aduhelm,Neurology,Sunrise Clinic,Medium Prescriber,Rep_034,133,9720.22,966.92,4040.61,4712.69,585.69,484,Government,Q4,December
TXN002905,2023-07-20,East,India,Keytruda,Oncology,Apollo Hospital,Low Prescriber,Rep_027,180,113571.1,7405.41,39174.77,66990.92,4329.14,292,Retail Pharmacy,Q3,July
TXN002906,2025-11-02,West,Germany,Opdivo,Oncology,Metro Health,High Prescriber,Rep_017,354,245058.97,16916.46,93861.08,134281.43,5722.92,392,Retail Pharmacy,Q4,November
TXN002907,2025-01-03,West,Germany,Entresto,Cardiology,St. Luke's,High Prescriber,Rep_010,248,196849.5,15782.87,53085.5,127981.13,10274.66,369,Hospital,Q1,January
TXN002908,2023-09-21,North,USA,Shingrix,Vaccines,City Medical Center,High Prescriber,Rep_040,136,98920.68,17805.72,26794.68,54320.28,4099.25,429,Hospital,Q3,September
TXN002909,2023-12-17,Central,UAE,Comirnaty,Vaccines,Mercy General,High Prescriber,Rep_009,109,53298.1,4208.03,20892.07,28198.0,3507.02,80,Online Pharmacy,Q4,December
TXN002910,2024-05-09,North,USA,Entresto,Cardiology,Sunrise Clinic,High Prescriber,Rep_013,181,87693.32,15784.8,37160.67,34747.85,5917.01,484,Online Pharmacy,Q2,May
TXN002911,2025-01-19,West,Germany,Vyepti,Neurology,Metro Health,High Prescriber,Rep_032,162,63870.6,5921.75,20659.23,37289.62,2842.45,165,Hospital,Q1,January
TXN002912,2024-05-03,North,USA,Vyepti,Neurology,City Medical Center,Medium Prescriber,Rep_033,456,138150.87,24867.16,49119.23,64164.48,8129.75,197,Hospital,Q2,May
TXN002913,2025-06-03,North,USA,Entresto,Cardiology,Apollo Hospital,Medium Prescriber,Rep_025,237,27051.37,4869.25,11470.41,10711.71,1504.73,495,Retail Pharmacy,Q2,June
TXN002914,2023-10-07,Central,UAE,Keytruda,Oncology,City Medical Center,Low Prescriber,Rep_038,191,131142.59,13082.6,58651.64,59408.35,4482.2,202,Online Pharmacy,Q4,October
TXN002915,2023-03-24,North,USA,Entresto,Cardiology,Cleveland Partners,Low Prescriber,Rep_037,134,94402.7,16992.49,41716.45,35693.76,4058.23,426,Online Pharmacy,Q1,March
TXN002916,2025-06-05,South,Brazil,Opdivo,Oncology,St. Luke's,Medium Prescriber,Rep_022,155,57192.85,2641.8,21915.47,32635.58,2855.79,404,Government,Q2,June
TXN002917,2024-04-06,North,USA,Prevnar,Vaccines,Metro Health,Low Prescriber,Rep_004,83,7610.63,1369.91,2315.87,3924.85,486.1,320,Retail Pharmacy,Q2,April
TXN002918,2023-09-11,West,Germany,Eliquis,Cardiology,Metro Health,High Prescriber,Rep_016,82,12447.72,935.66,5575.3,5936.76,361.0,113,Retail Pharmacy,Q3,September
TXN002919,2023-07-03,Central,UAE,Entresto,Cardiology,City Medical Center,Medium Prescriber,Rep_023,264,124593.19,8651.18,54660.41,61281.6,9439.31,149,Online Pharmacy,Q3,July
TXN002920,2024-07-15,East,India,Brilinta,Cardiology,City Medical Center,Medium Prescriber,Rep_003,156,101848.97,9786.02,30393.09,61669.86,2167.91,231,Online Pharmacy,Q3,July
TXN002921,2024-10-19,South,Brazil,Entresto,Cardiology,Metro Health,Medium Prescriber,Rep_006,198,118998.88,7979.42,45242.53,65776.93,7377.45,272,Online Pharmacy,Q4,October
TXN002922,2023-05-15,South,Brazil,Eliquis,Cardiology,Metro Health,Medium Prescriber,Rep_026,202,13665.36,872.2,4577.44,8215.72,621.9,143,Hospital,Q2,May
TXN002923,2025-01-24,West,Germany,Ozempic,Diabetes,Cleveland Partners,Low Prescriber,Rep_026,123,31302.44,2879.66,10774.46,17648.32,1633.0,35,Hospital,Q1,January
TXN002924,2024-07-14,North,USA,Opdivo,Oncology,Mercy General,High Prescriber,Rep_008,200,43133.46,7764.02,17576.74,17792.7,2143.42,217,Retail Pharmacy,Q3,July
TXN002925,2023-07-29,South,Brazil,Avastin,Oncology,Cleveland Partners,Non-Prescriber,Rep_028,144,23590.25,1011.41,8090.81,14488.03,956.91,248,Online Pharmacy,Q3,July
TXN002926,2024-06-03,North,USA,Jardiance,Diabetes,Apollo Hospital,Non-Prescriber,Rep_014,270,181653.75,32697.67,63268.16,85687.92,3691.41,168,Government,Q2,June
TXN002927,2023-03-17,Central,UAE,Jardiance,Diabetes,City Medical Center,High Prescriber,Rep_040,212,87328.94,3438.12,26455.61,57435.21,1982.55,212,Retail Pharmacy,Q1,March
TXN002928,2024-10-28,West,Germany,Ozempic,Diabetes,St. Luke's,High Prescriber,Rep_016,53,29754.24,1193.15,13312.97,15248.12,1970.87,30,Government,Q4,October
TXN002929,2025-01-05,South,Brazil,Avastin,Oncology,Sunrise Clinic,Non-Prescriber,Rep_026,195,142481.47,12795.41,48868.62,80817.44,4479.54,273,Hospital,Q1,January
TXN002930,2025-05-27,South,Brazil,Avastin,Oncology,City Medical Center,Non-Prescriber,Rep_036,238,105218.33,7734.86,28417.09,69066.38,3247.11,325,Online Pharmacy,Q2,May
TXN002931,2023-11-26,West,Germany,Keytruda,Oncology,St. Luke's,Non-Prescriber,Rep_005,190,139697.35,6007.85,43819.16,89870.34,10324.57,198,Hospital,Q4,November
TXN002932,2023-03-24,North,USA,Trulicity,Diabetes,Mercy General,Medium Prescriber,Rep_028,166,127922.82,23026.11,49026.45,55870.26,8854.48,167,Online Pharmacy,Q1,March
TXN002933,2023-10-27,South,Brazil,Jardiance,Diabetes,Sunrise Clinic,Non-Prescriber,Rep_034,209,158262.44,8424.6,51161.07,98676.77,3958.62,338,Government,Q4,October
TXN002934,2024-11-20,North,USA,Ozempic,Diabetes,Cleveland Partners,High Prescriber,Rep_003,132,100757.49,18136.35,30582.35,52038.79,2052.49,38,Retail Pharmacy,Q4,November
TXN002935,2023-11-17,South,Brazil,Keytruda,Oncology,Cleveland Partners,Non-Prescriber,Rep_003,137,16237.3,615.6,5095.77,10525.93,337.1,149,Government,Q4,November
TXN002936,2023-04-14,North,USA,Shingrix,Vaccines,St. Luke's,Low Prescriber,Rep_026,366,72308.96,13015.61,23488.85,35804.5,3702.64,65,Government,Q2,April
TXN002937,2025-09-03,Central,UAE,Avastin,Oncology,Sunrise Clinic,High Prescriber,Rep_027,425,207649.33,13258.17,79600.59,114790.57,10914.19,229,Online Pharmacy,Q3,September
TXN002938,2023-04-04,East,India,Keytruda,Oncology,Cleveland Partners,High Prescriber,Rep_025,433,63904.26,6155.16,22972.27,34776.83,2566.41,202,Hospital,Q2,April
TXN002939,2025-08-17,North,USA,Keytruda,Oncology,Sunrise Clinic,Low Prescriber,Rep_011,310,52576.62,9463.79,20994.23,22118.6,1055.93,310,Hospital,Q3,August
TXN002940,2024-02-07,South,Brazil,Brilinta,Cardiology,Apollo Hospital,Medium Prescriber,Rep_017,391,31686.54,1335.87,8214.41,22136.26,1524.64,313,Online Pharmacy,Q1,February
TXN002941,2024-08-27,South,Brazil,Trulicity,Diabetes,Metro Health,Low Prescriber,Rep_027,72,51527.28,4854.98,16230.65,30441.65,2935.05,271,Hospital,Q3,August
TXN002942,2024-03-18,North,USA,Avastin,Oncology,Cleveland Partners,Low Prescriber,Rep_019,340,196149.27,35306.87,73990.84,86851.56,9324.05,260,Government,Q1,March
TXN002943,2024-05-15,South,Brazil,Keytruda,Oncology,Mercy General,Low Prescriber,Rep_003,345,83990.9,5707.84,23944.59,54338.47,3308.94,372,Retail Pharmacy,Q2,May
TXN002944,2025-08-01,Central,UAE,Jardiance,Diabetes,Apollo Hospital,Non-Prescriber,Rep_021,341,165760.0,7664.28,43555.76,114539.96,12394.15,417,Government,Q3,August
TXN002945,2025-08-21,North,USA,Brilinta,Cardiology,Sunrise Clinic,Medium Prescriber,Rep_018,209,106490.56,19168.3,27857.39,59464.87,6546.97,402,Hospital,Q3,August
TXN002946,2024-10-05,North,USA,Nurtec,Neurology,Metro Health,Non-Prescriber,Rep_009,111,43811.16,7886.01,16421.72,19503.43,1538.35,146,Retail Pharmacy,Q4,October
TXN002947,2025-12-11,South,Brazil,Comirnaty,Vaccines,Cleveland Partners,Non-Prescriber,Rep_002,214,94417.25,3060.02,37263.06,54094.17,2607.71,100,Retail Pharmacy,Q4,December
TXN002948,2024-03-15,South,Brazil,Opdivo,Oncology,City Medical Center,High Prescriber,Rep_002,705,346816.08,20129.84,145356.06,181330.18,14783.65,341,Government,Q1,March
TXN002949,2024-10-01,North,USA,Brilinta,Cardiology,Mercy General,Medium Prescriber,Rep_022,227,129396.78,23291.42,53138.56,52966.8,4627.85,445,Government,Q4,October
TXN002950,2023-05-20,Central,UAE,Herceptin,Oncology,Metro Health,Low Prescriber,Rep_012,124,88552.47,5219.06,22210.86,61122.55,3334.42,138,Government,Q2,May
TXN002951,2025-04-29,North,USA,Opdivo,Oncology,City Medical Center,Low Prescriber,Rep_013,388,141478.44,25466.12,42507.23,73505.09,3005.5,273,Retail Pharmacy,Q2,April
TXN002952,2023-12-28,Central,UAE,Trulicity,Diabetes,Apollo Hospital,High Prescriber,Rep_020,104,22715.02,691.5,8738.38,13285.14,1560.81,171,Hospital,Q4,December
TXN002953,2023-08-13,North,USA,Eliquis,Cardiology,Mercy General,High Prescriber,Rep_010,301,132394.1,23830.94,41543.18,67019.98,6898.4,207,Hospital,Q3,August
TXN002954,2024-08-20,North,USA,Keytruda,Oncology,Metro Health,Medium Prescriber,Rep_027,114,73907.83,13303.41,30731.13,29873.29,3961.47,182,Government,Q3,August
TXN002955,2023-02-27,West,Germany,Avastin,Oncology,St. Luke's,Medium Prescriber,Rep_030,187,56787.22,4591.73,21666.31,30529.18,1654.39,398,Retail Pharmacy,Q1,February
TXN002956,2024-01-09,Central,UAE,Comirnaty,Vaccines,Apollo Hospital,Non-Prescriber,Rep_031,509,28657.28,1065.07,10586.34,17005.87,584.38,459,Government,Q1,January
TXN002957,2025-04-12,East,India,Jardiance,Diabetes,Metro Health,Medium Prescriber,Rep_007,328,204087.46,7194.23,86592.76,110300.47,14926.59,300,Online Pharmacy,Q2,April
TXN002958,2024-01-01,North,USA,Keytruda,Oncology,St. Luke's,High Prescriber,Rep_025,245,178340.98,32101.38,66926.97,79312.63,14113.06,63,Government,Q1,January
TXN002959,2025-06-15,East,India,Opdivo,Oncology,City Medical Center,Non-Prescriber,Rep_037,155,65189.89,6447.48,18953.07,39789.34,3071.75,172,Government,Q2,June
TXN002960,2023-08-31,East,India,Avastin,Oncology,Apollo Hospital,High Prescriber,Rep_013,192,141915.28,4362.95,63554.5,73997.83,6923.2,331,Hospital,Q3,August
TXN002961,2023-02-03,East,India,Aduhelm,Neurology,Cleveland Partners,High Prescriber,Rep_030,106,69512.64,3495.1,29180.44,36837.1,3928.76,209,Government,Q1,February
TXN002962,2025-07-16,West,Germany,Ozempic,Diabetes,Mercy General,Low Prescriber,Rep_025,218,46948.41,1503.85,17120.62,28323.94,1853.52,39,Hospital,Q3,July
TXN002963,2024-10-30,East,India,Entresto,Cardiology,Mercy General,Non-Prescriber,Rep_012,265,49849.23,4097.44,20238.25,25513.54,3321.0,486,Hospital,Q4,October
TXN002964,2023-10-18,South,Brazil,Shingrix,Vaccines,Metro Health,Low Prescriber,Rep_032,154,115594.69,9300.36,30780.68,75513.65,4808.44,109,Online Pharmacy,Q4,October
TXN002965,2024-04-16,West,Germany,Keytruda,Oncology,Sunrise Clinic,Low Prescriber,Rep_021,72,53362.69,5239.58,14004.89,34118.22,4021.99,87,Retail Pharmacy,Q2,April
TXN002966,2023-01-15,West,Germany,Aduhelm,Neurology,Cleveland Partners,Medium Prescriber,Rep_009,166,73016.14,3101.75,24705.51,45208.88,5197.21,86,Government,Q1,January
TXN002967,2024-01-17,Central,UAE,Herceptin,Oncology,Sunrise Clinic,Medium Prescriber,Rep_005,319,145030.98,9848.57,61145.04,74037.37,6994.01,430,Retail Pharmacy,Q1,January
TXN002968,2024-06-20,South,Brazil,Entresto,Cardiology,Sunrise Clinic,Low Prescriber,Rep_038,260,103775.93,9700.98,35160.44,58914.51,7697.05,399,Government,Q2,June
TXN002969,2023-09-24,East,India,Eliquis,Cardiology,City Medical Center,High Prescriber,Rep_005,193,108799.04,6870.08,31903.11,70025.85,7705.9,203,Retail Pharmacy,Q3,September
TXN002970,2025-02-28,North,USA,Eliquis,Cardiology,St. Luke's,Medium Prescriber,Rep_021,160,113195.22,20375.14,33749.08,59071.0,5586.16,81,Retail Pharmacy,Q1,February
TXN002971,2025-07-27,North,USA,Comirnaty,Vaccines,Sunrise Clinic,Medium Prescriber,Rep_029,362,81078.7,14594.17,33383.71,33100.82,3593.1,353,Retail Pharmacy,Q3,July
TXN002972,2024-10-14,North,USA,Comirnaty,Vaccines,Sunrise Clinic,High Prescriber,Rep_036,384,144746.87,26054.44,63073.66,55618.77,5464.09,407,Government,Q4,October
TXN002973,2024-07-13,South,Brazil,Opdivo,Oncology,Mercy General,Medium Prescriber,Rep_040,159,106278.29,8708.45,47416.12,50153.72,5531.2,90,Retail Pharmacy,Q3,July
TXN002974,2025-01-06,South,Brazil,Entresto,Cardiology,Sunrise Clinic,Medium Prescriber,Rep_002,202,96869.38,7068.89,35261.73,54538.76,2430.95,350,Online Pharmacy,Q1,January
TXN002975,2024-05-31,North,USA,Herceptin,Oncology,Sunrise Clinic,Medium Prescriber,Rep_032,135,35909.58,6463.72,12189.0,17256.86,874.17,226,Government,Q2,May
TXN002976,2025-08-18,North,USA,Jardiance,Diabetes,Metro Health,High Prescriber,Rep_018,518,267298.49,48113.73,101708.78,117475.98,7881.68,243,Government,Q3,August
TXN002977,2023-11-29,Central,UAE,Keytruda,Oncology,City Medical Center,Medium Prescriber,Rep_020,165,126878.41,11022.73,40622.02,75233.66,3630.95,317,Government,Q4,November
TXN002978,2025-09-22,South,Brazil,Opdivo,Oncology,St. Luke's,Medium Prescriber,Rep_016,265,57962.76,3179.12,25251.06,29532.58,3326.87,276,Retail Pharmacy,Q3,September
TXN002979,2025-02-07,Central,UAE,Entresto,Cardiology,Cleveland Partners,Non-Prescriber,Rep_036,88,21803.59,700.46,9329.85,11773.28,997.13,388,Online Pharmacy,Q1,February
TXN002980,2024-08-30,Central,UAE,Herceptin,Oncology,City Medical Center,Medium Prescriber,Rep_028,197,41558.33,2239.52,16890.23,22428.58,3085.04,253,Government,Q3,August
TXN002981,2023-03-22,East,India,Avastin,Oncology,Cleveland Partners,Low Prescriber,Rep_006,627,139513.3,11596.09,55256.12,72661.09,9815.11,469,Government,Q1,March
TXN002982,2025-02-19,East,India,Shingrix,Vaccines,City Medical Center,Non-Prescriber,Rep_029,358,207002.79,19662.94,85887.77,101452.08,13170.01,224,Hospital,Q1,February
TXN002983,2025-10-06,West,Germany,Vyepti,Neurology,City Medical Center,High Prescriber,Rep_031,270,137319.73,8344.96,55075.71,73899.06,6972.56,498,Online Pharmacy,Q4,October
TXN002984,2025-09-08,South,Brazil,Aduhelm,Neurology,Sunrise Clinic,High Prescriber,Rep_034,210,22479.19,1549.47,6398.78,14530.94,1605.62,309,Government,Q3,September
TXN002985,2025-07-15,South,Brazil,Opdivo,Oncology,St. Luke's,Medium Prescriber,Rep_014,456,306374.62,23148.88,137115.49,146110.25,9409.81,73,Retail Pharmacy,Q3,July
TXN002986,2024-10-01,South,Brazil,Prevnar,Vaccines,St. Luke's,Non-Prescriber,Rep_003,198,26015.58,2299.08,10470.74,13245.76,1587.61,460,Hospital,Q4,October
TXN002987,2023-12-10,North,USA,Keytruda,Oncology,Cleveland Partners,High Prescriber,Rep_011,179,32908.29,5923.49,10650.89,16333.91,1991.02,207,Retail Pharmacy,Q4,December
TXN002988,2024-12-27,West,Germany,Entresto,Cardiology,Sunrise Clinic,Non-Prescriber,Rep_024,238,186678.11,15804.51,52694.5,118179.1,4977.62,470,Hospital,Q4,December
TXN002989,2023-01-10,North,USA,Avastin,Oncology,Mercy General,High Prescriber,Rep_001,83,52630.15,9473.43,15472.45,27684.27,2304.77,481,Online Pharmacy,Q1,January
TXN002990,2024-05-20,North,USA,Herceptin,Oncology,Apollo Hospital,Low Prescriber,Rep_027,522,86659.23,15598.66,27950.76,43109.81,1840.93,388,Retail Pharmacy,Q2,May
TXN002991,2024-02-15,East,India,Aduhelm,Neurology,Metro Health,High Prescriber,Rep_026,338,94260.39,5962.03,25403.91,62894.45,2864.17,77,Hospital,Q1,February
TXN002992,2023-06-06,North,USA,Eliquis,Cardiology,Sunrise Clinic,High Prescriber,Rep_035,114,16548.37,2978.71,5244.12,8325.54,556.74,178,Hospital,Q2,June
TXN002993,2024-09-23,South,Brazil,Trulicity,Diabetes,City Medical Center,High Prescriber,Rep_037,174,131950.42,6320.13,54906.56,70723.73,9102.59,123,Online Pharmacy,Q3,September
TXN002994,2023-12-16,East,India,Aduhelm,Neurology,Mercy General,High Prescriber,Rep_014,372,151840.25,11767.86,56632.86,83439.53,6745.54,419,Hospital,Q4,December
TXN002995,2024-08-04,West,Germany,Aduhelm,Neurology,Cleveland Partners,High Prescriber,Rep_036,190,84533.12,4273.51,36425.49,43834.12,5719.5,410,Government,Q3,August
TXN002996,2024-03-15,South,Brazil,Trulicity,Diabetes,Cleveland Partners,High Prescriber,Rep_034,522,125830.56,7543.98,35369.57,82917.01,9913.45,150,Government,Q1,March
TXN002997,2024-02-28,East,India,Prevnar,Vaccines,St. Luke's,Non-Prescriber,Rep_008,145,114556.35,5456.12,45179.51,63920.72,5767.36,364,Government,Q1,February
TXN002998,2023-01-17,East,India,Comirnaty,Vaccines,Mercy General,High Prescriber,Rep_032,142,43043.92,2762.77,16862.83,23418.32,971.17,197,Government,Q1,January
TXN002999,2025-06-08,West,Germany,Opdivo,Oncology,Cleveland Partners,Low Prescriber,Rep_037,143,109560.7,6845.44,31414.2,71301.06,6912.17,323,Online Pharmacy,Q2,June
TXN003000,2023-07-04,North,USA,Nurtec,Neurology,Cleveland Partners,Low Prescriber,Rep_024,379,216918.21,39045.28,97096.47,80776.46,5531.41,239,Retail Pharmacy,Q3,July
TXN003001,2023-06-23,East,India,Eliquis,Cardiology,City Medical Center,Non-Prescriber,Rep_009,151,50294.76,3239.39,14544.62,32510.75,2062.69,498,Hospital,Q2,June
TXN003002,2024-07-26,North,USA,Eliquis,Cardiology,Metro Health,Non-Prescriber,Rep_017,164,89016.59,16022.99,32162.62,40830.98,2343.76,199,Government,Q3,July
TXN003003,2023-12-17,East,India,Entresto,Cardiology,City Medical Center,Low Prescriber,Rep_017,332,176382.15,14398.12,48428.2,113555.83,6250.95,137,Hospital,Q4,December
TXN003004,2024-08-10,South,Brazil,Jardiance,Diabetes,Sunrise Clinic,High Prescriber,Rep_006,340,197220.72,8781.16,62208.39,126231.17,8902.26,407,Hospital,Q3,August
TXN003005,2025-06-11,South,Brazil,Avastin,Oncology,City Medical Center,Medium Prescriber,Rep_015,333,125102.29,11667.82,56182.57,57251.9,5217.4,119,Hospital,Q2,June
TXN003006,2025-03-19,East,India,Entresto,Cardiology,Metro Health,Low Prescriber,Rep_038,103,24563.6,2085.4,10304.24,12173.96,1373.19,467,Online Pharmacy,Q1,March
TXN003007,2025-03-18,Central,UAE,Nurtec,Neurology,St. Luke's,Non-Prescriber,Rep_005,400,162050.81,10957.7,58492.21,92600.9,9579.37,277,Government,Q1,March
TXN003008,2024-08-31,East,India,Eliquis,Cardiology,Mercy General,Low Prescriber,Rep_030,170,112061.13,3381.51,41348.76,67330.86,6366.65,290,Government,Q3,August
TXN003009,2025-02-05,East,India,Keytruda,Oncology,St. Luke's,High Prescriber,Rep_017,231,156793.01,10009.74,49334.1,97449.17,7726.21,359,Retail Pharmacy,Q1,February
TXN003010,2025-09-22,South,Brazil,Entresto,Cardiology,St. Luke's,Low Prescriber,Rep_007,68,5865.49,415.53,1672.73,3777.23,250.13,171,Hospital,Q3,September
TXN003011,2025-07-09,East,India,Brilinta,Cardiology,Metro Health,Low Prescriber,Rep_017,255,191590.98,17204.48,85129.4,89257.1,4320.38,433,Retail Pharmacy,Q3,July
TXN003012,2023-09-17,West,Germany,Herceptin,Oncology,St. Luke's,Non-Prescriber,Rep_026,70,47158.37,1738.77,20597.17,24822.43,1929.25,201,Government,Q3,September
TXN003013,2025-03-24,Central,UAE,Shingrix,Vaccines,Sunrise Clinic,Low Prescriber,Rep_025,246,142997.87,9221.33,53381.14,80395.4,2934.87,402,Hospital,Q1,March
TXN003014,2025-11-06,Central,UAE,Entresto,Cardiology,Mercy General,High Prescriber,Rep_023,153,65640.94,4948.63,27798.79,32893.52,3729.12,346,Retail Pharmacy,Q4,November
TXN003015,2024-09-01,North,USA,Keytruda,Oncology,Mercy General,Medium Prescriber,Rep_025,69,3738.19,672.87,1442.19,1623.13,184.49,219,Retail Pharmacy,Q3,September
TXN003016,2023-04-14,South,Brazil,Eliquis,Cardiology,Cleveland Partners,High Prescriber,Rep_038,100,39017.83,3345.38,14746.7,20925.75,1224.22,174,Hospital,Q2,April
TXN003017,2023-02-04,Central,UAE,Opdivo,Oncology,Mercy General,High Prescriber,Rep_036,90,54196.06,4587.17,19279.63,30329.26,1477.22,470,Hospital,Q1,February
TXN003018,2024-01-08,North,USA,Eliquis,Cardiology,St. Luke's,Non-Prescriber,Rep_001,222,25622.4,4612.03,11291.21,9719.16,1788.7,101,Government,Q1,January
TXN003019,2025-02-16,South,Brazil,Trulicity,Diabetes,Metro Health,Non-Prescriber,Rep_024,279,95074.7,6630.76,41776.95,46666.99,5324.85,116,Retail Pharmacy,Q1,February
TXN003020,2025-03-16,South,Brazil,Opdivo,Oncology,Apollo Hospital,Medium Prescriber,Rep_032,196,121431.59,11352.01,54610.22,55469.36,6155.81,420,Government,Q1,March
TXN003021,2023-04-28,South,Brazil,Prevnar,Vaccines,Cleveland Partners,Non-Prescriber,Rep_038,279,208638.77,10738.11,61551.22,136349.44,13312.26,385,Retail Pharmacy,Q2,April
TXN003022,2023-11-02,North,USA,Prevnar,Vaccines,Cleveland Partners,High Prescriber,Rep_033,315,46694.61,8405.03,20358.26,17931.32,1199.44,51,Retail Pharmacy,Q4,November
TXN003023,2024-09-12,North,USA,Eliquis,Cardiology,St. Luke's,High Prescriber,Rep_022,152,79705.73,14347.03,34933.43,30425.27,3517.73,452,Retail Pharmacy,Q3,September
TXN003024,2023-05-19,West,Germany,Eliquis,Cardiology,Mercy General,High Prescriber,Rep_005,187,17712.65,928.24,5430.73,11353.68,796.59,258,Retail Pharmacy,Q2,May
TXN003025,2025-01-12,North,USA,Nurtec,Neurology,Cleveland Partners,Medium Prescriber,Rep_023,231,25603.12,4608.56,10275.72,10718.84,1692.47,263,Government,Q1,January
TXN003026,2023-02-16,South,Brazil,Jardiance,Diabetes,City Medical Center,High Prescriber,Rep_014,67,39953.97,1200.55,17078.02,21675.4,2923.9,293,Retail Pharmacy,Q1,February
TXN003027,2024-09-29,East,India,Brilinta,Cardiology,Sunrise Clinic,Non-Prescriber,Rep_028,162,78824.51,2549.77,20677.35,55597.39,2809.9,385,Hospital,Q3,September
TXN003028,2024-01-21,Central,UAE,Eliquis,Cardiology,Mercy General,Medium Prescriber,Rep_031,135,54436.25,3168.86,21169.01,30098.38,2408.76,66,Hospital,Q1,January
TXN003029,2023-05-09,Central,UAE,Ozempic,Diabetes,Mercy General,Low Prescriber,Rep_020,139,95933.71,9492.75,36991.05,49449.91,7275.96,29,Retail Pharmacy,Q2,May
TXN003030,2025-06-27,Central,UAE,Entresto,Cardiology,Cleveland Partners,Medium Prescriber,Rep_011,172,110463.81,7403.47,31303.0,71757.34,5158.93,465,Online Pharmacy,Q2,June
TXN003031,2023-09-04,West,Germany,Avastin,Oncology,Mercy General,Medium Prescriber,Rep_016,179,27632.12,1221.05,11225.05,15186.02,820.38,190,Hospital,Q3,September
TXN003032,2024-06-27,South,Brazil,Trulicity,Diabetes,Metro Health,Medium Prescriber,Rep_025,260,152473.28,7030.13,62628.97,82814.18,7439.52,324,Retail Pharmacy,Q2,June
TXN003033,2023-04-24,West,Germany,Avastin,Oncology,Metro Health,High Prescriber,Rep_007,164,43557.96,1346.78,19006.66,23204.52,1690.65,393,Hospital,Q2,April
TXN003034,2023-06-09,East,India,Avastin,Oncology,Mercy General,Non-Prescriber,Rep_005,61,19527.87,1566.88,4961.37,12999.62,866.13,424,Retail Pharmacy,Q2,June
TXN003035,2023-01-13,South,Brazil,Brilinta,Cardiology,St. Luke's,Non-Prescriber,Rep_030,313,46971.65,1946.17,17443.08,27582.4,1762.91,229,Hospital,Q1,January
TXN003036,2025-06-17,East,India,Nurtec,Neurology,Metro Health,Low Prescriber,Rep_004,291,85102.52,3392.11,32276.63,49433.78,5761.41,477,Retail Pharmacy,Q2,June
TXN003037,2024-05-05,South,Brazil,Eliquis,Cardiology,St. Luke's,Non-Prescriber,Rep_039,178,17058.77,678.2,5256.4,11124.17,1340.4,484,Online Pharmacy,Q2,May
TXN003038,2023-11-12,South,Brazil,Aduhelm,Neurology,St. Luke's,Low Prescriber,Rep_026,133,12914.1,941.76,5622.02,6350.32,692.42,81,Retail Pharmacy,Q4,November
TXN003039,2023-05-28,Central,UAE,Nurtec,Neurology,St. Luke's,Non-Prescriber,Rep_013,261,111090.16,4862.25,40476.45,65751.46,5203.53,355,Online Pharmacy,Q2,May
TXN003040,2024-04-21,Central,UAE,Opdivo,Oncology,Mercy General,High Prescriber,Rep_011,118,59963.87,2125.95,22986.31,34851.61,2956.88,389,Retail Pharmacy,Q2,April
TXN003041,2024-05-27,East,India,Eliquis,Cardiology,Metro Health,Low Prescriber,Rep_006,176,108411.89,6986.19,45472.23,55953.47,6806.28,84,Online Pharmacy,Q2,May
TXN003042,2023-11-03,South,Brazil,Opdivo,Oncology,Mercy General,Low Prescriber,Rep_013,227,89675.46,7427.18,36386.17,45862.11,4378.62,84,Online Pharmacy,Q4,November
TXN003043,2025-01-13,West,Germany,Prevnar,Vaccines,Metro Health,Low Prescriber,Rep_028,239,163979.86,13158.38,70384.79,80436.69,4093.49,82,Online Pharmacy,Q1,January
TXN003044,2023-09-18,East,India,Avastin,Oncology,Mercy General,Non-Prescriber,Rep_030,87,23218.23,757.71,8165.55,14294.97,1145.15,393,Retail Pharmacy,Q3,September
TXN003045,2023-04-02,South,Brazil,Opdivo,Oncology,Apollo Hospital,Medium Prescriber,Rep_007,324,174225.52,7811.01,49299.15,117115.36,7377.24,206,Hospital,Q2,April
TXN003046,2025-11-14,North,USA,Aduhelm,Neurology,Sunrise Clinic,Medium Prescriber,Rep_022,98,41508.68,7471.56,15361.32,18675.8,2283.42,333,Hospital,Q4,November
TXN003047,2023-03-16,West,Germany,Avastin,Oncology,Mercy General,High Prescriber,Rep_022,147,67105.06,5070.82,23671.31,38362.93,4116.12,268,Retail Pharmacy,Q1,March
TXN003048,2025-03-23,South,Brazil,Trulicity,Diabetes,Sunrise Clinic,Low Prescriber,Rep_017,195,129546.21,5172.6,41993.73,82379.88,8088.25,417,Government,Q1,March
TXN003049,2025-12-27,South,Brazil,Jardiance,Diabetes,Apollo Hospital,Non-Prescriber,Rep_014,427,170149.63,8414.38,45144.55,116590.7,10246.97,489,Retail Pharmacy,Q4,December
TXN003050,2025-12-16,North,USA,Avastin,Oncology,Sunrise Clinic,High Prescriber,Rep_038,438,41092.26,7396.61,17921.01,15774.64,2792.27,175,Retail Pharmacy,Q4,December
TXN003051,2023-09-04,West,Germany,Jardiance,Diabetes,Apollo Hospital,High Prescriber,Rep_017,81,25499.44,2199.66,9440.15,13859.63,2000.17,424,Hospital,Q3,September
TXN003052,2025-07-07,West,Germany,Ozempic,Diabetes,St. Luke's,Low Prescriber,Rep_016,235,178495.59,10453.92,74901.6,93140.07,11073.7,38,Government,Q3,July
TXN003053,2025-07-19,East,India,Eliquis,Cardiology,City Medical Center,Non-Prescriber,Rep_031,275,40620.78,2251.89,15096.81,23272.08,867.65,441,Retail Pharmacy,Q3,July
TXN003054,2023-01-18,South,Brazil,Entresto,Cardiology,Apollo Hospital,Low Prescriber,Rep_017,111,55571.81,2306.27,18307.21,34958.33,1821.09,348,Hospital,Q1,January
TXN003055,2023-08-05,East,India,Keytruda,Oncology,Sunrise Clinic,Medium Prescriber,Rep_030,132,28447.66,2263.57,12316.04,13868.05,697.26,387,Hospital,Q3,August
TXN003056,2024-11-20,West,Germany,Brilinta,Cardiology,City Medical Center,Medium Prescriber,Rep_009,471,351930.08,23370.86,133413.7,195145.52,10802.34,168,Retail Pharmacy,Q4,November
TXN003057,2024-10-05,South,Brazil,Ozempic,Diabetes,Apollo Hospital,Low Prescriber,Rep_024,244,65773.5,3170.15,27246.87,35356.48,3494.68,12,Retail Pharmacy,Q4,October
TXN003058,2023-03-16,South,Brazil,Eliquis,Cardiology,Mercy General,High Prescriber,Rep_019,143,45702.8,3071.34,15344.55,27286.91,1769.19,475,Online Pharmacy,Q1,March
TXN003059,2024-08-03,East,India,Trulicity,Diabetes,Cleveland Partners,Non-Prescriber,Rep_022,73,7595.25,284.25,2271.34,5039.66,385.87,494,Hospital,Q3,August
TXN003060,2024-10-20,North,USA,Trulicity,Diabetes,Apollo Hospital,Low Prescriber,Rep_004,79,36207.92,6517.43,13251.55,16438.94,1879.37,430,Online Pharmacy,Q4,October
TXN003061,2024-10-31,East,India,Shingrix,Vaccines,Cleveland Partners,High Prescriber,Rep_014,215,40774.85,3373.18,12639.3,24762.37,1854.04,56,Government,Q4,October
TXN003062,2025-10-22,East,India,Comirnaty,Vaccines,Mercy General,Non-Prescriber,Rep_005,136,93720.25,6131.95,41852.05,45736.25,2535.31,235,Hospital,Q4,October
TXN003063,2024-02-06,Central,UAE,Avastin,Oncology,Cleveland Partners,High Prescriber,Rep_034,257,24475.94,1452.31,7100.5,15923.13,1649.89,310,Government,Q1,February
TXN003064,2025-12-28,East,India,Entresto,Cardiology,Mercy General,Medium Prescriber,Rep_017,71,55044.53,4421.41,21326.15,29296.97,1867.29,301,Hospital,Q4,December
TXN003065,2024-08-11,North,USA,Avastin,Oncology,Metro Health,Non-Prescriber,Rep_005,246,189665.09,34139.72,63263.96,92261.41,11628.15,335,Government,Q3,August
TXN003066,2025-02-08,East,India,Trulicity,Diabetes,Sunrise Clinic,Non-Prescriber,Rep_002,187,17730.08,1763.05,7517.09,8449.94,908.9,371,Government,Q1,February
TXN003067,2024-02-12,West,Germany,Herceptin,Oncology,St. Luke's,Medium Prescriber,Rep_022,182,45501.21,2613.65,17885.04,25002.52,1229.19,481,Retail Pharmacy,Q1,February
TXN003068,2025-05-12,North,USA,Keytruda,Oncology,Mercy General,Non-Prescriber,Rep_030,247,181267.24,32628.1,58332.55,90306.59,8663.69,364,Online Pharmacy,Q2,May
TXN003069,2023-08-31,East,India,Keytruda,Oncology,Apollo Hospital,Non-Prescriber,Rep_034,234,58248.38,5205.11,25390.37,27652.9,2062.75,467,Hospital,Q3,August
TXN003070,2024-07-02,North,USA,Herceptin,Oncology,Metro Health,Low Prescriber,Rep_009,148,40930.22,7367.44,15834.82,17727.96,1879.71,138,Online Pharmacy,Q3,July
TXN003071,2024-09-25,North,USA,Brilinta,Cardiology,Apollo Hospital,Low Prescriber,Rep_015,99,39060.82,7030.95,14408.16,17621.71,2177.51,217,Hospital,Q3,September
TXN003072,2025-01-09,East,India,Avastin,Oncology,Mercy General,High Prescriber,Rep_038,286,62991.36,6236.19,20955.14,35800.03,2682.62,439,Retail Pharmacy,Q1,January
TXN003073,2024-06-12,North,USA,Brilinta,Cardiology,Apollo Hospital,High Prescriber,Rep_026,239,117303.9,21114.7,34829.95,61359.25,4507.12,282,Hospital,Q2,June
TXN003074,2023-09-18,Central,UAE,Herceptin,Oncology,Mercy General,Non-Prescriber,Rep_020,231,96410.81,4712.07,24362.08,67336.66,4875.21,264,Online Pharmacy,Q3,September
TXN003075,2023-07-08,West,Germany,Nurtec,Neurology,Apollo Hospital,High Prescriber,Rep_020,215,34739.88,1337.91,14145.08,19256.89,2140.84,395,Hospital,Q3,July
TXN003076,2025-12-06,Central,UAE,Brilinta,Cardiology,City Medical Center,Non-Prescriber,Rep_026,169,128830.22,6821.69,47978.92,74029.61,9469.44,333,Hospital,Q4,December
TXN003077,2025-08-25,North,USA,Eliquis,Cardiology,Metro Health,Low Prescriber,Rep_024,166,41479.11,7466.24,11777.8,22235.07,1511.98,485,Online Pharmacy,Q3,August
TXN003078,2023-06-14,East,India,Keytruda,Oncology,St. Luke's,High Prescriber,Rep_015,222,35147.43,1470.07,12191.62,21485.74,1679.6,285,Online Pharmacy,Q2,June
TXN003079,2025-11-21,East,India,Avastin,Oncology,Sunrise Clinic,Medium Prescriber,Rep_032,342,123775.12,5539.19,46253.59,71982.34,6022.68,218,Retail Pharmacy,Q4,November
TXN003080,2023-01-14,Central,UAE,Opdivo,Oncology,Metro Health,Non-Prescriber,Rep_040,104,19001.76,982.77,6174.97,11844.02,1118.59,475,Retail Pharmacy,Q1,January
TXN003081,2024-07-05,West,Germany,Vyepti,Neurology,St. Luke's,High Prescriber,Rep_001,359,58789.79,4458.35,16375.48,37955.96,2560.34,304,Hospital,Q3,July
TXN003082,2025-04-10,South,Brazil,Trulicity,Diabetes,Apollo Hospital,Non-Prescriber,Rep_022,59,10072.57,862.64,4012.23,5197.7,745.87,218,Online Pharmacy,Q2,April
TXN003083,2023-09-04,West,Germany,Shingrix,Vaccines,Apollo Hospital,Non-Prescriber,Rep_036,377,73335.02,6618.02,18582.82,48134.18,2061.7,161,Online Pharmacy,Q3,September
TXN003084,2024-08-30,North,USA,Opdivo,Oncology,Mercy General,Low Prescriber,Rep_002,174,133666.23,24059.92,59182.41,50423.9,8638.1,225,Government,Q3,August
TXN003085,2024-11-20,Central,UAE,Aduhelm,Neurology,Sunrise Clinic,Medium Prescriber,Rep_029,172,126606.04,4290.45,39143.8,83171.79,6231.26,59,Retail Pharmacy,Q4,November
TXN003086,2024-07-17,South,Brazil,Shingrix,Vaccines,Apollo Hospital,High Prescriber,Rep_006,205,112305.86,8721.41,45742.89,57841.56,5551.53,170,Government,Q3,July
TXN003087,2025-02-05,East,India,Eliquis,Cardiology,Metro Health,Low Prescriber,Rep_019,273,153308.58,7135.18,60804.37,85369.03,7281.32,435,Retail Pharmacy,Q1,February
TXN003088,2023-07-18,West,Germany,Avastin,Oncology,Sunrise Clinic,Medium Prescriber,Rep_009,119,74154.94,3161.24,32306.04,38687.66,2151.9,412,Online Pharmacy,Q3,July
TXN003089,2024-04-22,Central,UAE,Eliquis,Cardiology,Metro Health,Low Prescriber,Rep_002,560,134996.96,9213.63,56975.82,68807.51,3489.45,304,Retail Pharmacy,Q2,April
TXN003090,2024-10-21,North,USA,Keytruda,Oncology,Sunrise Clinic,Medium Prescriber,Rep_025,102,10182.51,1832.85,2780.39,5569.27,738.52,55,Hospital,Q4,October
TXN003091,2024-07-28,Central,UAE,Aduhelm,Neurology,City Medical Center,Low Prescriber,Rep_015,120,90719.88,8893.78,34496.62,47329.48,2888.33,251,Online Pharmacy,Q3,July
TXN003092,2024-10-26,East,India,Brilinta,Cardiology,City Medical Center,Medium Prescriber,Rep_007,382,292593.05,15798.74,128249.11,148545.2,18664.97,454,Hospital,Q4,October
TXN003093,2023-12-10,East,India,Brilinta,Cardiology,St. Luke's,Medium Prescriber,Rep_017,98,14232.52,813.14,5931.38,7488.0,1027.84,339,Government,Q4,December
TXN003094,2025-07-30,North,USA,Entresto,Cardiology,Sunrise Clinic,Low Prescriber,Rep_014,178,127816.13,23006.9,54905.2,49904.03,6129.39,441,Government,Q3,July
TXN003095,2025-11-22,North,USA,Brilinta,Cardiology,Cleveland Partners,Medium Prescriber,Rep_039,289,148863.64,26795.46,53250.07,68818.11,6305.11,145,Hospital,Q4,November
TXN003096,2025-02-27,South,Brazil,Entresto,Cardiology,Mercy General,Low Prescriber,Rep_036,308,240036.29,16113.9,67975.11,155947.28,18308.94,491,Government,Q1,February
TXN003097,2025-05-02,North,USA,Jardiance,Diabetes,Cleveland Partners,Low Prescriber,Rep_018,194,20004.89,3600.88,6329.54,10074.47,1385.49,485,Government,Q2,May
TXN003098,2025-05-14,North,USA,Nurtec,Neurology,Apollo Hospital,Non-Prescriber,Rep_025,114,86928.92,15647.21,22694.93,48586.78,4984.58,236,Retail Pharmacy,Q2,May
TXN003099,2024-01-23,South,Brazil,Herceptin,Oncology,Cleveland Partners,Low Prescriber,Rep_006,235,129896.06,4354.99,42417.1,83123.97,2927.59,210,Government,Q1,January
TXN003100,2025-06-22,West,Germany,Vyepti,Neurology,St. Luke's,High Prescriber,Rep_029,355,45518.3,4338.68,12590.94,28588.68,3639.2,245,Online Pharmacy,Q2,June
TXN003101,2025-02-26,North,USA,Jardiance,Diabetes,Cleveland Partners,Low Prescriber,Rep_035,272,171283.53,30831.04,62690.12,77762.37,5014.56,281,Government,Q1,February
TXN003102,2023-03-07,South,Brazil,Eliquis,Cardiology,Mercy General,Medium Prescriber,Rep_030,238,87800.8,7733.87,38507.5,41559.43,4207.43,255,Hospital,Q1,March
TXN003103,2025-06-06,East,India,Keytruda,Oncology,Sunrise Clinic,Low Prescriber,Rep_028,166,40803.19,3048.07,16961.38,20793.74,1551.2,335,Government,Q2,June
TXN003104,2023-05-27,North,USA,Brilinta,Cardiology,Mercy General,Low Prescriber,Rep_009,179,49186.28,8853.53,15365.9,24966.85,3282.07,52,Hospital,Q2,May
TXN003105,2024-06-18,Central,UAE,Vyepti,Neurology,Mercy General,Low Prescriber,Rep_023,251,195102.82,17887.63,66862.75,110352.44,14941.71,420,Government,Q2,June
TXN003106,2025-02-19,Central,UAE,Jardiance,Diabetes,City Medical Center,Low Prescriber,Rep_021,332,138494.06,8178.53,54724.45,75591.08,4580.6,224,Government,Q1,February
TXN003107,2025-10-03,South,Brazil,Keytruda,Oncology,Mercy General,Non-Prescriber,Rep_016,156,57490.49,5454.75,24989.98,27045.76,2433.35,252,Hospital,Q4,October
TXN003108,2023-08-11,East,India,Trulicity,Diabetes,St. Luke's,Non-Prescriber,Rep_019,257,94227.22,2900.63,24545.09,66781.5,5679.71,471,Hospital,Q3,August
TXN003109,2025-06-25,North,USA,Herceptin,Oncology,Mercy General,High Prescriber,Rep_003,218,37737.12,6792.68,10398.34,20546.1,1824.24,485,Retail Pharmacy,Q2,June
TXN003110,2024-10-21,South,Brazil,Comirnaty,Vaccines,Mercy General,High Prescriber,Rep_033,183,15815.58,1379.88,5856.69,8579.01,1223.59,482,Retail Pharmacy,Q4,October
TXN003111,2024-11-07,Central,UAE,Trulicity,Diabetes,Sunrise Clinic,Non-Prescriber,Rep_034,244,137233.7,5193.88,36930.28,95109.54,6109.34,181,Online Pharmacy,Q4,November
TXN003112,2024-03-28,East,India,Keytruda,Oncology,City Medical Center,Non-Prescriber,Rep_028,303,129527.98,6570.17,38522.99,84434.82,9510.52,71,Online Pharmacy,Q1,March
TXN003113,2023-07-01,North,USA,Entresto,Cardiology,Mercy General,Medium Prescriber,Rep_005,95,16953.06,3051.55,5722.6,8178.91,594.86,165,Retail Pharmacy,Q3,July
TXN003114,2023-01-03,North,USA,Entresto,Cardiology,Apollo Hospital,Medium Prescriber,Rep_007,208,40927.64,7366.98,16862.32,16698.34,1837.12,129,Online Pharmacy,Q1,January
TXN003115,2025-05-19,Central,UAE,Ozempic,Diabetes,St. Luke's,Low Prescriber,Rep_007,323,125580.85,4880.79,51187.73,69512.33,6480.21,38,Hospital,Q2,May
TXN003116,2025-05-13,North,USA,Keytruda,Oncology,Sunrise Clinic,Low Prescriber,Rep_035,261,135899.91,24461.98,60042.19,51395.74,4659.77,295,Government,Q2,May
TXN003117,2023-06-18,North,USA,Brilinta,Cardiology,Cleveland Partners,Low Prescriber,Rep_011,209,82784.03,14901.13,22974.38,44908.52,4871.58,71,Hospital,Q2,June
TXN003118,2023-09-18,North,USA,Keytruda,Oncology,Cleveland Partners,Medium Prescriber,Rep_033,214,94164.67,16949.64,29419.97,47795.06,7085.4,403,Government,Q3,September
TXN003119,2025-07-06,North,USA,Comirnaty,Vaccines,Cleveland Partners,Medium Prescriber,Rep_026,255,34960.85,6292.95,10049.83,18618.07,2126.61,225,Retail Pharmacy,Q3,July
TXN003120,2025-11-25,West,Germany,Jardiance,Diabetes,St. Luke's,Non-Prescriber,Rep_017,209,77126.06,3000.05,24079.92,50046.09,2567.62,359,Hospital,Q4,November
TXN003121,2024-09-25,East,India,Ozempic,Diabetes,St. Luke's,Low Prescriber,Rep_027,119,16013.56,942.47,5905.78,9165.31,351.38,24,Hospital,Q3,September
TXN003122,2023-02-04,North,USA,Aduhelm,Neurology,Metro Health,High Prescriber,Rep_039,507,59059.48,10630.71,18441.16,29987.61,3939.44,165,Hospital,Q1,February
TXN003123,2023-08-17,East,India,Nurtec,Neurology,Apollo Hospital,Non-Prescriber,Rep_031,149,75825.73,7255.25,33958.19,34612.29,5371.27,493,Hospital,Q3,August
TXN003124,2024-01-04,South,Brazil,Eliquis,Cardiology,Apollo Hospital,High Prescriber,Rep_008,208,11645.17,1140.53,4831.15,5673.49,663.0,423,Government,Q1,January
TXN003125,2024-06-14,South,Brazil,Eliquis,Cardiology,Mercy General,Medium Prescriber,Rep_034,339,267418.56,22793.66,91142.72,153482.18,13315.84,245,Online Pharmacy,Q2,June
TXN003126,2024-10-15,South,Brazil,Prevnar,Vaccines,St. Luke's,Medium Prescriber,Rep_006,124,78007.75,3703.52,20554.18,53750.05,4822.05,186,Online Pharmacy,Q4,October
TXN003127,2025-10-23,East,India,Entresto,Cardiology,City Medical Center,Medium Prescriber,Rep_028,156,112330.09,4868.24,34746.97,72714.88,2951.05,187,Retail Pharmacy,Q4,October
TXN003128,2024-07-26,Central,UAE,Opdivo,Oncology,St. Luke's,Non-Prescriber,Rep_032,213,37733.08,3149.39,11769.23,22814.46,2136.94,346,Retail Pharmacy,Q3,July
TXN003129,2024-05-19,North,USA,Ozempic,Diabetes,Sunrise Clinic,Medium Prescriber,Rep_004,162,114795.8,20663.24,37153.7,56978.86,8212.49,22,Government,Q2,May
TXN003130,2023-04-27,North,USA,Opdivo,Oncology,City Medical Center,Non-Prescriber,Rep_004,295,40842.33,7351.62,14462.03,19028.68,1624.1,300,Government,Q2,April
TXN003131,2024-04-03,North,USA,Nurtec,Neurology,City Medical Center,Medium Prescriber,Rep_027,108,71617.67,12891.18,22312.42,36414.07,5588.1,60,Online Pharmacy,Q2,April
TXN003132,2025-01-21,West,Germany,Trulicity,Diabetes,Cleveland Partners,Non-Prescriber,Rep_039,233,95829.93,8050.81,31222.97,56556.15,5993.09,231,Government,Q1,January
TXN003133,2023-08-22,North,USA,Eliquis,Cardiology,Sunrise Clinic,Low Prescriber,Rep_002,202,102796.49,18503.37,37988.24,46304.88,2963.17,231,Online Pharmacy,Q3,August
TXN003134,2024-09-09,North,USA,Jardiance,Diabetes,Metro Health,Non-Prescriber,Rep_009,302,88644.88,15956.08,30871.31,41817.49,5166.52,82,Online Pharmacy,Q3,September
TXN003135,2023-12-15,South,Brazil,Shingrix,Vaccines,Metro Health,High Prescriber,Rep_011,250,84688.06,7072.58,22333.0,55282.48,3643.74,155,Retail Pharmacy,Q4,December
TXN003136,2025-11-08,South,Brazil,Trulicity,Diabetes,City Medical Center,Non-Prescriber,Rep_001,184,104377.21,9523.93,44643.68,50209.6,7917.86,414,Online Pharmacy,Q4,November
TXN003137,2025-12-07,East,India,Entresto,Cardiology,Mercy General,Low Prescriber,Rep_026,515,91019.16,8933.85,24418.85,57666.46,5102.66,481,Government,Q4,December
TXN003138,2023-06-21,Central,UAE,Ozempic,Diabetes,Metro Health,High Prescriber,Rep_033,85,50470.37,1626.21,13805.56,35038.6,1963.63,16,Government,Q2,June
TXN003139,2024-05-19,Central,UAE,Brilinta,Cardiology,Apollo Hospital,Medium Prescriber,Rep_030,405,267494.59,25208.3,86009.25,156277.04,12768.81,454,Online Pharmacy,Q2,May
TXN003140,2024-05-11,East,India,Entresto,Cardiology,Cleveland Partners,Non-Prescriber,Rep_022,371,221852.12,19215.43,95191.99,107444.7,8491.15,263,Retail Pharmacy,Q2,May
TXN003141,2025-01-29,North,USA,Brilinta,Cardiology,Mercy General,Medium Prescriber,Rep_027,172,86902.96,15642.53,24270.24,46990.19,1969.27,65,Online Pharmacy,Q1,January
TXN003142,2023-02-14,East,India,Brilinta,Cardiology,Sunrise Clinic,Non-Prescriber,Rep_031,122,63485.04,5824.53,19676.15,37984.36,2447.39,160,Retail Pharmacy,Q1,February
TXN003143,2025-02-07,East,India,Keytruda,Oncology,Sunrise Clinic,Non-Prescriber,Rep_003,227,170124.81,6744.16,66512.5,96868.15,7872.32,182,Government,Q1,February
TXN003144,2024-02-05,North,USA,Opdivo,Oncology,Cleveland Partners,High Prescriber,Rep_023,251,26018.82,4683.39,10424.23,10911.2,1540.46,407,Retail Pharmacy,Q1,February
TXN003145,2024-09-24,North,USA,Brilinta,Cardiology,Sunrise Clinic,Non-Prescriber,Rep_016,138,81247.91,14624.62,33245.69,33377.6,4875.78,71,Government,Q3,September
TXN003146,2023-06-12,East,India,Avastin,Oncology,Cleveland Partners,Low Prescriber,Rep_021,142,65173.61,4135.93,20418.84,40618.84,3324.72,210,Online Pharmacy,Q2,June
TXN003147,2024-04-13,East,India,Eliquis,Cardiology,Metro Health,Medium Prescriber,Rep_016,121,8695.34,804.36,3666.65,4224.33,336.72,255,Retail Pharmacy,Q2,April
TXN003148,2023-12-07,West,Germany,Herceptin,Oncology,St. Luke's,Non-Prescriber,Rep_020,316,175634.06,7620.68,64625.62,103387.76,13120.87,207,Retail Pharmacy,Q4,December
TXN003149,2024-05-19,North,USA,Herceptin,Oncology,Apollo Hospital,Low Prescriber,Rep_021,298,188528.59,33935.15,64484.07,90109.37,13755.27,230,Hospital,Q2,May
TXN003150,2024-10-27,East,India,Prevnar,Vaccines,St. Luke's,High Prescriber,Rep_022,262,201265.16,13869.59,62680.02,124715.55,6915.37,264,Online Pharmacy,Q4,October
TXN003151,2024-06-07,West,Germany,Brilinta,Cardiology,City Medical Center,High Prescriber,Rep_038,43,26728.6,1705.37,8611.65,16411.58,1514.43,95,Online Pharmacy,Q2,June
TXN003152,2023-08-17,Central,UAE,Vyepti,Neurology,Metro Health,Medium Prescriber,Rep_013,202,95664.44,8407.53,31750.27,55506.64,2411.19,497,Retail Pharmacy,Q3,August
TXN003153,2023-08-23,North,USA,Keytruda,Oncology,Sunrise Clinic,High Prescriber,Rep_040,246,35675.96,6421.67,9229.2,20025.09,1347.52,473,Online Pharmacy,Q3,August
TXN003154,2023-12-07,North,USA,Opdivo,Oncology,Mercy General,Low Prescriber,Rep_034,220,52338.28,9420.89,17378.35,25539.04,3635.72,391,Retail Pharmacy,Q4,December
TXN003155,2025-02-02,East,India,Opdivo,Oncology,St. Luke's,High Prescriber,Rep_001,265,75467.15,2812.69,27317.54,45336.92,2617.95,116,Government,Q1,February
TXN003156,2025-07-27,South,Brazil,Keytruda,Oncology,Apollo Hospital,High Prescriber,Rep_023,272,33826.64,2959.18,11877.84,18989.62,1735.16,283,Online Pharmacy,Q3,July
TXN003157,2025-02-17,East,India,Avastin,Oncology,Apollo Hospital,Medium Prescriber,Rep_013,486,154180.93,6971.29,45125.27,102084.37,3840.71,90,Online Pharmacy,Q1,February
TXN003158,2023-03-27,East,India,Brilinta,Cardiology,Metro Health,High Prescriber,Rep_011,169,27308.41,1782.77,9008.44,16517.2,1078.06,420,Online Pharmacy,Q1,March
TXN003159,2023-04-10,East,India,Opdivo,Oncology,Mercy General,Non-Prescriber,Rep_015,163,92918.4,8747.61,24114.82,60055.97,3146.01,213,Online Pharmacy,Q2,April
TXN003160,2023-08-30,North,USA,Shingrix,Vaccines,Cleveland Partners,High Prescriber,Rep_025,274,178125.79,32062.64,73167.52,72895.63,4202.12,235,Retail Pharmacy,Q3,August
TXN003161,2025-11-30,East,India,Entresto,Cardiology,Mercy General,Medium Prescriber,Rep_003,265,18907.07,765.24,6663.81,11478.02,1028.83,115,Government,Q4,November
TXN003162,2023-02-26,Central,UAE,Brilinta,Cardiology,Apollo Hospital,High Prescriber,Rep_004,257,81460.74,3303.54,25918.11,52239.09,1772.64,276,Hospital,Q1,February
TXN003163,2024-09-09,North,USA,Ozempic,Diabetes,Cleveland Partners,Non-Prescriber,Rep_026,367,107220.94,19299.77,32237.44,55683.73,3182.22,22,Retail Pharmacy,Q3,September
TXN003164,2025-12-10,South,Brazil,Herceptin,Oncology,Sunrise Clinic,Medium Prescriber,Rep_015,44,4275.65,238.02,1561.24,2476.39,203.67,131,Retail Pharmacy,Q4,December
TXN003165,2023-11-09,Central,UAE,Avastin,Oncology,Metro Health,High Prescriber,Rep_012,163,123736.52,9045.35,31588.59,83102.58,7305.79,475,Online Pharmacy,Q4,November
TXN003166,2024-12-08,East,India,Opdivo,Oncology,Mercy General,High Prescriber,Rep_016,299,117105.65,5671.99,50524.79,60908.87,3843.95,177,Hospital,Q4,December
TXN003167,2024-06-17,Central,UAE,Avastin,Oncology,Sunrise Clinic,Medium Prescriber,Rep_015,143,26021.55,1061.64,7114.17,17845.74,1864.84,344,Government,Q2,June
TXN003168,2024-02-04,South,Brazil,Nurtec,Neurology,St. Luke's,Low Prescriber,Rep_025,224,126008.29,10809.39,32695.99,82502.91,9983.86,363,Online Pharmacy,Q1,February
TXN003169,2024-08-22,North,USA,Eliquis,Cardiology,St. Luke's,Medium Prescriber,Rep_031,279,38839.02,6991.02,17144.76,14703.24,1406.84,175,Retail Pharmacy,Q3,August
TXN003170,2024-02-12,Central,UAE,Shingrix,Vaccines,City Medical Center,High Prescriber,Rep_030,212,11002.17,469.11,3795.21,6737.85,479.69,216,Government,Q1,February
TXN003171,2023-08-26,Central,UAE,Entresto,Cardiology,St. Luke's,Non-Prescriber,Rep_040,180,36353.34,2258.41,9200.14,24894.79,2564.15,91,Hospital,Q3,August
TXN003172,2023-08-24,Central,UAE,Brilinta,Cardiology,Sunrise Clinic,Non-Prescriber,Rep_036,208,109348.93,5708.01,34943.04,68697.88,3821.4,238,Retail Pharmacy,Q3,August
TXN003173,2024-02-18,West,Germany,Herceptin,Oncology,Sunrise Clinic,Non-Prescriber,Rep_015,135,17575.65,1687.51,5999.2,9888.94,938.85,133,Government,Q1,February
TXN003174,2024-06-06,North,USA,Eliquis,Cardiology,Apollo Hospital,High Prescriber,Rep_002,276,134208.27,24157.49,38020.09,72030.69,8069.85,478,Hospital,Q2,June
TXN003175,2025-11-30,South,Brazil,Opdivo,Oncology,Mercy General,Medium Prescriber,Rep_015,374,169267.27,15191.83,73168.03,80907.41,7429.8,415,Hospital,Q4,November
TXN003176,2025-09-03,North,USA,Ozempic,Diabetes,City Medical Center,Medium Prescriber,Rep_008,89,70410.54,12673.9,28049.86,29686.78,2817.99,13,Hospital,Q3,September
TXN003177,2025-10-18,North,USA,Comirnaty,Vaccines,Sunrise Clinic,Medium Prescriber,Rep_023,258,107335.98,19320.48,30797.61,57217.89,6049.56,203,Retail Pharmacy,Q4,October
TXN003178,2025-10-25,East,India,Eliquis,Cardiology,Cleveland Partners,High Prescriber,Rep_039,233,144851.31,11328.06,54951.77,78571.48,7655.91,265,Retail Pharmacy,Q4,October
TXN003179,2024-11-07,North,USA,Keytruda,Oncology,Metro Health,Low Prescriber,Rep_034,317,202697.22,36485.5,89878.74,76332.98,10633.48,279,Hospital,Q4,November
TXN003180,2023-09-19,South,Brazil,Ozempic,Diabetes,St. Luke's,Non-Prescriber,Rep_022,249,142345.06,8627.49,63646.81,70070.76,2903.85,19,Hospital,Q3,September
TXN003181,2025-07-27,Central,UAE,Trulicity,Diabetes,St. Luke's,Medium Prescriber,Rep_001,294,187623.04,5948.22,68983.96,112690.86,14835.68,476,Online Pharmacy,Q3,July
TXN003182,2024-10-02,Central,UAE,Nurtec,Neurology,Mercy General,Non-Prescriber,Rep_018,128,79264.31,4364.87,34980.59,39918.85,6317.33,192,Retail Pharmacy,Q4,October
TXN003183,2024-10-31,East,India,Entresto,Cardiology,St. Luke's,Non-Prescriber,Rep_007,94,17118.83,964.84,5186.21,10967.78,972.38,384,Online Pharmacy,Q4,October
TXN003184,2025-10-29,North,USA,Brilinta,Cardiology,Mercy General,Non-Prescriber,Rep_040,331,260716.25,46928.92,100610.32,113177.01,10798.24,145,Retail Pharmacy,Q4,October
TXN003185,2024-06-11,North,USA,Keytruda,Oncology,Metro Health,Low Prescriber,Rep_016,264,112285.51,20211.39,44035.02,48039.1,4494.78,103,Retail Pharmacy,Q2,June
TXN003186,2024-04-10,South,Brazil,Eliquis,Cardiology,Apollo Hospital,Non-Prescriber,Rep_013,280,162504.01,14378.87,41909.76,106215.38,9567.87,97,Government,Q2,April
TXN003187,2025-01-08,South,Brazil,Herceptin,Oncology,Apollo Hospital,Non-Prescriber,Rep_037,181,116737.0,8731.61,45868.91,62136.48,2982.49,62,Online Pharmacy,Q1,January
TXN003188,2023-01-03,South,Brazil,Herceptin,Oncology,Sunrise Clinic,Medium Prescriber,Rep_021,215,156598.07,11164.27,62528.61,82905.19,7187.22,244,Government,Q1,January
TXN003189,2024-05-19,North,USA,Trulicity,Diabetes,Mercy General,Medium Prescriber,Rep_028,278,205280.01,36950.4,70680.69,97648.92,5648.19,457,Government,Q2,May
TXN003190,2024-02-09,South,Brazil,Brilinta,Cardiology,St. Luke's,Low Prescriber,Rep_018,164,18501.24,1140.8,7875.36,9485.08,708.97,166,Hospital,Q1,February
TXN003191,2023-07-31,Central,UAE,Eliquis,Cardiology,Sunrise Clinic,Medium Prescriber,Rep_040,142,53045.95,2621.17,15027.35,35397.43,2688.85,402,Government,Q3,July
TXN003192,2024-04-27,North,USA,Aduhelm,Neurology,Metro Health,Low Prescriber,Rep_024,228,182064.23,32771.56,58480.74,90811.93,8311.53,244,Government,Q2,April
TXN003193,2024-08-08,North,USA,Aduhelm,Neurology,Sunrise Clinic,Low Prescriber,Rep_003,180,16286.17,2931.51,6970.37,6384.29,564.01,351,Government,Q3,August
TXN003194,2023-08-15,North,USA,Avastin,Oncology,City Medical Center,Non-Prescriber,Rep_018,66,35093.04,6316.75,10216.26,18560.03,2775.04,441,Online Pharmacy,Q3,August
TXN003195,2024-08-07,South,Brazil,Opdivo,Oncology,Sunrise Clinic,High Prescriber,Rep_032,218,113889.02,7087.57,29295.99,77505.46,8577.86,219,Hospital,Q3,August
TXN003196,2025-03-28,Central,UAE,Keytruda,Oncology,Sunrise Clinic,High Prescriber,Rep_032,523,281915.1,14461.03,111061.15,156392.92,16949.7,356,Retail Pharmacy,Q1,March
TXN003197,2024-10-13,Central,UAE,Eliquis,Cardiology,St. Luke's,Low Prescriber,Rep_011,201,152409.69,8689.53,59162.36,84557.8,10255.52,429,Online Pharmacy,Q4,October
TXN003198,2023-06-15,North,USA,Vyepti,Neurology,Metro Health,Low Prescriber,Rep_012,263,156164.94,28109.69,54868.22,73187.03,6791.96,366,Online Pharmacy,Q2,June
TXN003199,2023-06-25,South,Brazil,Shingrix,Vaccines,Cleveland Partners,High Prescriber,Rep_028,267,106820.45,8276.12,30457.8,68086.53,8114.34,84,Hospital,Q2,June
TXN003200,2024-04-17,East,India,Comirnaty,Vaccines,St. Luke's,Medium Prescriber,Rep_032,366,146501.16,13472.94,59653.34,73374.88,8944.81,79,Retail Pharmacy,Q2,April
TXN003201,2024-06-08,East,India,Eliquis,Cardiology,Cleveland Partners,Low Prescriber,Rep_040,315,166090.84,7809.51,72454.71,85826.62,5908.03,441,Hospital,Q2,June
TXN003202,2025-01-02,West,Germany,Brilinta,Cardiology,St. Luke's,High Prescriber,Rep_017,293,96849.81,8080.71,34089.14,54679.96,6620.8,425,Hospital,Q1,January
TXN003203,2024-09-18,South,Brazil,Herceptin,Oncology,Apollo Hospital,Medium Prescriber,Rep_034,197,20606.42,1730.19,7785.77,11090.46,556.06,292,Retail Pharmacy,Q3,September
TXN003204,2024-03-24,West,Germany,Avastin,Oncology,City Medical Center,Non-Prescriber,Rep_009,252,65703.96,3053.04,25372.14,37278.78,4845.5,389,Hospital,Q1,March
TXN003205,2023-07-18,North,USA,Entresto,Cardiology,Sunrise Clinic,High Prescriber,Rep_012,190,151401.48,27252.27,49256.13,74893.08,5687.79,157,Hospital,Q3,July
TXN003206,2024-11-15,Central,UAE,Herceptin,Oncology,Metro Health,Medium Prescriber,Rep_026,171,43564.8,1431.19,13510.15,28623.46,2905.77,247,Retail Pharmacy,Q4,November
TXN003207,2025-11-07,West,Germany,Entresto,Cardiology,Cleveland Partners,Non-Prescriber,Rep_033,107,49787.64,4908.34,20376.59,24502.71,1978.78,242,Retail Pharmacy,Q4,November
TXN003208,2024-01-15,West,Germany,Keytruda,Oncology,City Medical Center,Non-Prescriber,Rep_039,459,58593.7,2478.14,24664.24,31451.32,3653.13,139,Hospital,Q1,January
TXN003209,2023-07-04,South,Brazil,Jardiance,Diabetes,St. Luke's,Medium Prescriber,Rep_021,199,36115.41,3232.21,14946.73,17936.47,1384.16,318,Retail Pharmacy,Q3,July
TXN003210,2023-01-30,East,India,Herceptin,Oncology,Sunrise Clinic,Low Prescriber,Rep_017,229,159091.31,12480.1,46343.99,100267.22,10013.91,87,Hospital,Q1,January
TXN003211,2023-10-07,North,USA,Eliquis,Cardiology,Cleveland Partners,Low Prescriber,Rep_017,80,49650.4,8937.07,21298.74,19414.59,2944.09,271,Retail Pharmacy,Q4,October
TXN003212,2025-01-15,South,Brazil,Opdivo,Oncology,St. Luke's,High Prescriber,Rep_013,283,153207.28,9363.94,68047.82,75795.52,11964.07,457,Government,Q1,January
TXN003213,2025-09-07,West,Germany,Prevnar,Vaccines,Apollo Hospital,Low Prescriber,Rep_034,604,292677.52,17935.45,123827.3,150914.77,12776.13,344,Online Pharmacy,Q3,September
TXN003214,2023-03-18,North,USA,Brilinta,Cardiology,Apollo Hospital,Non-Prescriber,Rep_030,368,262405.12,47232.92,86775.38,128396.82,16182.94,89,Hospital,Q1,March
TXN003215,2025-07-25,North,USA,Prevnar,Vaccines,Cleveland Partners,Non-Prescriber,Rep_039,229,90700.25,16326.05,23213.81,51160.39,4176.1,232,Government,Q3,July
TXN003216,2024-07-23,West,Germany,Trulicity,Diabetes,Cleveland Partners,High Prescriber,Rep_010,146,23272.05,1719.99,5878.92,15673.14,808.47,316,Government,Q3,July
TXN003217,2025-04-19,East,India,Opdivo,Oncology,St. Luke's,High Prescriber,Rep_037,152,9262.9,712.53,3464.5,5085.87,228.95,386,Retail Pharmacy,Q2,April
TXN003218,2024-06-22,Central,UAE,Ozempic,Diabetes,City Medical Center,Non-Prescriber,Rep_040,225,146394.37,13326.68,51683.29,81384.4,11200.55,27,Government,Q2,June
TXN003219,2025-08-19,South,Brazil,Jardiance,Diabetes,City Medical Center,Non-Prescriber,Rep_025,338,30865.3,2648.13,12558.36,15658.81,1086.85,139,Retail Pharmacy,Q3,August
TXN003220,2024-08-17,South,Brazil,Herceptin,Oncology,Mercy General,Non-Prescriber,Rep_019,105,48741.24,3595.28,20570.97,24574.99,2391.56,340,Online Pharmacy,Q3,August
TXN003221,2025-11-12,Central,UAE,Vyepti,Neurology,Cleveland Partners,Non-Prescriber,Rep_032,420,276809.35,20121.31,105669.35,151018.69,7982.1,261,Retail Pharmacy,Q4,November
TXN003222,2025-08-28,West,Germany,Prevnar,Vaccines,City Medical Center,Medium Prescriber,Rep_019,325,155182.22,12697.85,44975.72,97508.65,7502.89,258,Hospital,Q3,August
TXN003223,2024-04-07,North,USA,Eliquis,Cardiology,Apollo Hospital,Low Prescriber,Rep_002,309,199951.75,35991.31,89712.46,74247.98,12596.28,377,Hospital,Q2,April
TXN003224,2024-11-22,North,USA,Comirnaty,Vaccines,Mercy General,Medium Prescriber,Rep_005,778,364905.78,65683.04,107286.49,191936.25,17006.33,244,Retail Pharmacy,Q4,November
TXN003225,2024-05-27,North,USA,Aduhelm,Neurology,Cleveland Partners,Low Prescriber,Rep_020,89,70975.9,12775.66,18045.04,40155.2,2715.57,175,Online Pharmacy,Q2,May
TXN003226,2024-05-09,North,USA,Keytruda,Oncology,Apollo Hospital,Medium Prescriber,Rep_007,460,86280.54,15530.5,35548.36,35201.68,4170.09,118,Online Pharmacy,Q2,May
TXN003227,2024-04-30,South,Brazil,Eliquis,Cardiology,Cleveland Partners,Medium Prescriber,Rep_016,130,33481.69,1104.62,9545.33,22831.74,1975.78,122,Hospital,Q2,April
TXN003228,2023-03-01,South,Brazil,Aduhelm,Neurology,Mercy General,Low Prescriber,Rep_009,362,157455.34,9140.99,46217.01,102097.34,4514.59,406,Retail Pharmacy,Q1,March
TXN003229,2025-10-20,South,Brazil,Vyepti,Neurology,St. Luke's,High Prescriber,Rep_039,406,172264.96,11430.27,68492.76,92341.93,9922.5,162,Online Pharmacy,Q4,October
TXN003230,2025-11-10,Central,UAE,Herceptin,Oncology,Apollo Hospital,High Prescriber,Rep_011,197,141054.93,8115.7,39102.68,93836.55,7778.24,144,Government,Q4,November
TXN003231,2024-01-31,Central,UAE,Shingrix,Vaccines,Apollo Hospital,High Prescriber,Rep_007,188,63232.32,4994.54,25807.42,32430.36,1942.35,103,Retail Pharmacy,Q1,January
TXN003232,2024-05-15,West,Germany,Jardiance,Diabetes,Mercy General,High Prescriber,Rep_012,227,170046.41,7118.09,60041.58,102886.74,5010.43,249,Hospital,Q2,May
TXN003233,2024-02-22,South,Brazil,Brilinta,Cardiology,Mercy General,High Prescriber,Rep_017,116,5845.6,307.98,1553.07,3984.55,440.05,83,Online Pharmacy,Q1,February
TXN003234,2024-02-28,East,India,Ozempic,Diabetes,City Medical Center,High Prescriber,Rep_023,254,152948.99,8416.47,39416.13,105116.39,11113.78,38,Hospital,Q1,February
TXN003235,2025-05-31,East,India,Eliquis,Cardiology,St. Luke's,Low Prescriber,Rep_003,89,68431.81,2150.69,22082.05,44199.07,1528.0,136,Retail Pharmacy,Q2,May
TXN003236,2024-02-22,East,India,Avastin,Oncology,Apollo Hospital,Non-Prescriber,Rep_010,195,39611.31,2405.84,13983.3,23222.17,3030.81,57,Government,Q1,February
TXN003237,2024-10-30,North,USA,Aduhelm,Neurology,Apollo Hospital,Low Prescriber,Rep_014,281,144232.77,25961.9,58451.22,59819.65,10404.6,162,Retail Pharmacy,Q4,October
TXN003238,2023-01-28,East,India,Avastin,Oncology,St. Luke's,Low Prescriber,Rep_003,225,89602.15,6606.02,37978.23,45017.9,1808.61,146,Hospital,Q1,January
TXN003239,2024-08-12,Central,UAE,Comirnaty,Vaccines,City Medical Center,Low Prescriber,Rep_036,109,10224.91,392.27,3204.72,6627.92,715.23,262,Hospital,Q3,August
TXN003240,2023-09-16,East,India,Jardiance,Diabetes,Cleveland Partners,Non-Prescriber,Rep_026,77,31278.92,1681.64,10447.46,19149.82,796.79,439,Hospital,Q3,September
TXN003241,2024-06-27,North,USA,Aduhelm,Neurology,City Medical Center,Low Prescriber,Rep_028,356,28061.65,5051.1,12008.73,11001.82,1902.69,423,Retail Pharmacy,Q2,June
TXN003242,2025-08-11,South,Brazil,Ozempic,Diabetes,City Medical Center,Low Prescriber,Rep_035,301,207754.15,13403.4,59489.55,134861.2,13729.01,37,Retail Pharmacy,Q3,August
TXN003243,2024-06-06,North,USA,Comirnaty,Vaccines,City Medical Center,High Prescriber,Rep_023,316,27890.26,5020.25,8508.75,14361.26,1152.21,451,Government,Q2,June
TXN003244,2024-08-28,South,Brazil,Brilinta,Cardiology,St. Luke's,High Prescriber,Rep_011,109,35676.28,2424.89,13233.05,20018.34,2504.17,86,Retail Pharmacy,Q3,August
TXN003245,2024-10-05,South,Brazil,Jardiance,Diabetes,Apollo Hospital,Non-Prescriber,Rep_010,189,98891.14,5557.4,31410.98,61922.76,5451.89,305,Hospital,Q4,October
TXN003246,2023-10-20,South,Brazil,Opdivo,Oncology,St. Luke's,Low Prescriber,Rep_018,226,129093.42,5173.97,56353.0,67566.45,4786.84,345,Hospital,Q4,October
TXN003247,2024-11-17,Central,UAE,Jardiance,Diabetes,Cleveland Partners,Medium Prescriber,Rep_018,356,128379.3,11381.67,40191.64,76805.99,6282.35,269,Online Pharmacy,Q4,November
TXN003248,2025-09-08,North,USA,Eliquis,Cardiology,Mercy General,High Prescriber,Rep_030,266,37659.91,6778.78,14938.51,15942.62,1348.47,375,Retail Pharmacy,Q3,September
TXN003249,2023-05-30,North,USA,Opdivo,Oncology,Mercy General,Low Prescriber,Rep_022,189,118598.13,21347.66,29693.28,67557.19,8592.1,85,Retail Pharmacy,Q2,May
TXN003250,2024-08-18,South,Brazil,Entresto,Cardiology,Metro Health,Low Prescriber,Rep_016,298,144117.18,11314.04,63896.26,68906.88,6259.76,300,Online Pharmacy,Q3,August
TXN003251,2024-03-31,East,India,Nurtec,Neurology,Apollo Hospital,High Prescriber,Rep_023,79,21818.24,1796.05,8099.02,11923.17,1094.58,463,Online Pharmacy,Q1,March
TXN003252,2025-03-30,West,Germany,Opdivo,Oncology,St. Luke's,Medium Prescriber,Rep_037,316,157569.82,8263.08,44970.31,104336.43,4386.46,131,Online Pharmacy,Q1,March
TXN003253,2024-07-17,Central,UAE,Eliquis,Cardiology,Cleveland Partners,Non-Prescriber,Rep_021,253,143443.73,7062.73,63547.11,72833.89,8080.18,340,Hospital,Q3,July
TXN003254,2024-01-04,East,India,Shingrix,Vaccines,St. Luke's,Low Prescriber,Rep_034,108,60637.85,2231.74,22634.14,35771.97,4791.36,287,Online Pharmacy,Q1,January
TXN003255,2023-12-23,North,USA,Keytruda,Oncology,Sunrise Clinic,Low Prescriber,Rep_037,214,114985.47,20697.38,29898.74,64389.35,4615.93,264,Online Pharmacy,Q4,December
TXN003256,2024-06-06,South,Brazil,Prevnar,Vaccines,Cleveland Partners,Low Prescriber,Rep_019,248,28723.22,1629.69,7951.51,19142.02,1398.37,323,Government,Q2,June
TXN003257,2024-02-15,South,Brazil,Avastin,Oncology,Apollo Hospital,Non-Prescriber,Rep_011,759,564002.17,24918.77,187625.95,351457.45,36061.47,367,Government,Q1,February
TXN003258,2024-08-08,North,USA,Keytruda,Oncology,Mercy General,Non-Prescriber,Rep_027,244,70362.32,12665.22,19333.48,38363.62,5365.81,229,Government,Q3,August
TXN003259,2023-07-09,North,USA,Brilinta,Cardiology,Apollo Hospital,Medium Prescriber,Rep_003,216,114401.15,20592.21,39852.85,53956.09,5814.45,321,Retail Pharmacy,Q3,July
TXN003260,2025-07-29,East,India,Keytruda,Oncology,Cleveland Partners,Low Prescriber,Rep_006,182,105907.69,5000.96,28740.57,72166.16,3463.04,336,Retail Pharmacy,Q3,July
TXN003261,2024-06-15,North,USA,Entresto,Cardiology,Mercy General,Medium Prescriber,Rep_039,224,148020.93,26643.77,37878.7,83498.46,4650.94,176,Online Pharmacy,Q2,June
TXN003262,2023-12-17,Central,UAE,Brilinta,Cardiology,Metro Health,Low Prescriber,Rep_011,246,89756.65,7614.36,26260.84,55881.45,5741.52,403,Online Pharmacy,Q4,December
TXN003263,2025-05-01,South,Brazil,Brilinta,Cardiology,Sunrise Clinic,Non-Prescriber,Rep_018,324,172739.12,11981.57,50002.19,110755.36,5978.14,204,Government,Q2,May
TXN003264,2024-01-23,Central,UAE,Ozempic,Diabetes,Mercy General,Medium Prescriber,Rep_016,260,18228.04,1009.59,7481.6,9736.85,409.57,29,Retail Pharmacy,Q1,January
TXN003265,2024-02-10,Central,UAE,Herceptin,Oncology,Metro Health,High Prescriber,Rep_008,480,102005.24,6456.34,26529.64,69019.26,8117.48,251,Government,Q1,February
TXN003266,2024-09-02,West,Germany,Shingrix,Vaccines,Sunrise Clinic,High Prescriber,Rep_040,182,20482.58,1542.05,6854.13,12086.4,1542.22,467,Government,Q3,September
TXN003267,2024-01-03,North,USA,Vyepti,Neurology,Metro Health,Low Prescriber,Rep_002,189,61301.09,11034.2,27425.17,22841.72,1472.48,85,Online Pharmacy,Q1,January
TXN003268,2024-03-27,South,Brazil,Ozempic,Diabetes,St. Luke's,High Prescriber,Rep_033,200,81423.68,2726.87,34737.82,43958.99,4363.91,15,Retail Pharmacy,Q1,March
TXN003269,2024-08-28,East,India,Opdivo,Oncology,Sunrise Clinic,Low Prescriber,Rep_004,171,38648.66,1213.79,14631.63,22803.24,1127.5,495,Online Pharmacy,Q3,August
TXN003270,2023-09-21,West,Germany,Brilinta,Cardiology,Apollo Hospital,Medium Prescriber,Rep_031,486,307253.22,26936.32,81320.67,198996.23,19105.17,229,Retail Pharmacy,Q3,September
TXN003271,2024-12-12,North,USA,Nurtec,Neurology,Cleveland Partners,Low Prescriber,Rep_015,157,66045.67,11888.22,24778.4,29379.05,2097.07,342,Hospital,Q4,December
TXN003272,2025-06-09,West,Germany,Comirnaty,Vaccines,Metro Health,High Prescriber,Rep_038,341,168983.86,13701.66,74484.65,80797.55,12003.85,346,Retail Pharmacy,Q2,June
TXN003273,2025-06-25,West,Germany,Jardiance,Diabetes,Mercy General,High Prescriber,Rep_008,251,157719.49,12191.64,58090.51,87437.34,6217.87,324,Retail Pharmacy,Q2,June
TXN003274,2025-11-20,Central,UAE,Nurtec,Neurology,St. Luke's,Medium Prescriber,Rep_001,307,46747.37,2644.75,15813.49,28289.13,1329.76,351,Hospital,Q4,November
TXN003275,2024-05-23,South,Brazil,Comirnaty,Vaccines,Sunrise Clinic,Low Prescriber,Rep_030,433,334805.96,19462.59,93473.69,221869.68,24471.1,407,Hospital,Q2,May
TXN003276,2023-12-27,South,Brazil,Eliquis,Cardiology,City Medical Center,High Prescriber,Rep_003,138,72789.82,6762.07,22272.14,43755.61,4924.52,409,Online Pharmacy,Q4,December
TXN003277,2024-10-01,East,India,Trulicity,Diabetes,Apollo Hospital,Medium Prescriber,Rep_012,238,126285.41,8238.7,33061.29,84985.42,6319.79,60,Online Pharmacy,Q4,October
TXN003278,2024-11-09,East,India,Keytruda,Oncology,City Medical Center,Medium Prescriber,Rep_011,563,350326.85,18322.02,113752.97,218251.86,15237.95,393,Online Pharmacy,Q4,November
TXN003279,2024-10-02,East,India,Ozempic,Diabetes,Apollo Hospital,Medium Prescriber,Rep_020,156,17906.71,1782.62,6742.5,9381.59,863.05,15,Retail Pharmacy,Q4,October
TXN003280,2025-03-04,East,India,Avastin,Oncology,City Medical Center,Medium Prescriber,Rep_029,188,125015.33,10054.63,47349.16,67611.54,4809.47,369,Government,Q1,March
TXN003281,2024-09-20,South,Brazil,Ozempic,Diabetes,Sunrise Clinic,Low Prescriber,Rep_005,142,60407.94,5165.68,20665.09,34577.17,2495.05,33,Government,Q3,September
TXN003282,2024-09-05,North,USA,Jardiance,Diabetes,Sunrise Clinic,High Prescriber,Rep_025,142,51640.97,9295.37,21814.69,20530.91,3497.86,189,Government,Q3,September
TXN003283,2024-03-30,South,Brazil,Trulicity,Diabetes,Metro Health,Low Prescriber,Rep_010,102,52702.74,4599.95,15076.11,33026.68,2765.22,156,Online Pharmacy,Q1,March
TXN003284,2025-04-06,North,USA,Ozempic,Diabetes,Apollo Hospital,Low Prescriber,Rep_040,346,129255.8,23266.04,48608.29,57381.47,3129.75,20,Government,Q2,April
TXN003285,2025-03-25,East,India,Trulicity,Diabetes,Metro Health,Medium Prescriber,Rep_003,196,140265.43,12605.5,50775.89,76884.04,10285.16,412,Retail Pharmacy,Q1,March
TXN003286,2025-01-01,South,Brazil,Avastin,Oncology,Metro Health,High Prescriber,Rep_032,394,120416.15,11208.46,49139.96,60067.73,5513.55,428,Online Pharmacy,Q1,January
TXN003287,2024-01-20,North,USA,Ozempic,Diabetes,Apollo Hospital,Non-Prescriber,Rep_018,249,179948.57,32390.74,66233.04,81324.79,4624.43,16,Online Pharmacy,Q1,January
TXN003288,2025-01-26,East,India,Ozempic,Diabetes,Metro Health,Medium Prescriber,Rep_025,249,46866.22,2429.6,15698.5,28738.12,1082.28,9,Retail Pharmacy,Q1,January
TXN003289,2023-11-28,South,Brazil,Opdivo,Oncology,City Medical Center,Low Prescriber,Rep_027,184,136992.88,4939.72,51213.89,80839.27,4776.1,422,Government,Q4,November
TXN003290,2024-08-31,North,USA,Opdivo,Oncology,Metro Health,Non-Prescriber,Rep_018,108,40247.45,7244.54,10447.3,22555.61,2528.28,268,Retail Pharmacy,Q3,August
TXN003291,2023-04-27,East,India,Ozempic,Diabetes,Metro Health,High Prescriber,Rep_034,266,166022.72,12375.59,60321.53,93325.6,6489.67,8,Government,Q2,April
TXN003292,2025-03-22,South,Brazil,Comirnaty,Vaccines,St. Luke's,High Prescriber,Rep_019,346,80939.92,8064.58,22664.18,50211.16,2031.58,187,Government,Q1,March
TXN003293,2023-07-22,North,USA,Entresto,Cardiology,Mercy General,Low Prescriber,Rep_010,142,112915.44,20324.78,47903.14,44687.52,3161.59,311,Online Pharmacy,Q3,July
TXN003294,2025-05-03,South,Brazil,Herceptin,Oncology,Metro Health,Medium Prescriber,Rep_010,503,217074.33,15785.12,91796.82,109492.39,6206.88,122,Government,Q2,May
TXN003295,2025-03-11,Central,UAE,Entresto,Cardiology,Apollo Hospital,High Prescriber,Rep_023,207,52417.04,4436.6,21251.08,26729.36,4059.48,251,Hospital,Q1,March
TXN003296,2024-07-08,East,India,Avastin,Oncology,Apollo Hospital,Non-Prescriber,Rep_014,183,57571.83,2515.68,18289.86,36766.29,2993.54,464,Government,Q3,July
TXN003297,2024-03-08,Central,UAE,Opdivo,Oncology,St. Luke's,Non-Prescriber,Rep_029,277,14887.11,812.46,4100.99,9973.66,1180.36,257,Retail Pharmacy,Q1,March
TXN003298,2025-06-23,West,Germany,Vyepti,Neurology,Mercy General,Low Prescriber,Rep_030,296,124758.53,9575.08,48724.58,66458.87,3782.15,388,Online Pharmacy,Q2,June
TXN003299,2023-04-21,Central,UAE,Nurtec,Neurology,Mercy General,High Prescriber,Rep_020,202,135385.23,11334.12,36861.77,87189.34,9452.51,163,Hospital,Q2,April
TXN003300,2024-12-07,East,India,Avastin,Oncology,Mercy General,High Prescriber,Rep_002,116,62147.26,5015.29,18495.38,38636.59,3241.13,348,Retail Pharmacy,Q4,December
TXN003301,2025-09-21,North,USA,Eliquis,Cardiology,City Medical Center,Medium Prescriber,Rep_022,310,102984.68,18537.24,37322.33,47125.11,7242.75,427,Government,Q3,September
TXN003302,2023-11-27,East,India,Opdivo,Oncology,Mercy General,Non-Prescriber,Rep_001,203,160498.63,5166.64,55014.99,100317.0,12725.38,489,Online Pharmacy,Q4,November
TXN003303,2024-07-09,East,India,Ozempic,Diabetes,Cleveland Partners,Medium Prescriber,Rep_015,90,53238.11,2884.39,17059.69,33294.03,2566.06,34,Hospital,Q3,July
TXN003304,2024-07-07,East,India,Entresto,Cardiology,City Medical Center,Medium Prescriber,Rep_005,411,243112.29,9597.75,104259.99,129254.55,5482.07,338,Hospital,Q3,July
TXN003305,2024-01-14,North,USA,Opdivo,Oncology,Mercy General,Medium Prescriber,Rep_019,388,268418.71,48315.37,70532.68,149570.66,10027.07,450,Hospital,Q1,January
TXN003306,2025-08-12,North,USA,Aduhelm,Neurology,St. Luke's,Low Prescriber,Rep_031,180,54502.61,9810.47,20210.97,24481.17,1762.17,251,Online Pharmacy,Q3,August
TXN003307,2023-05-18,North,USA,Entresto,Cardiology,Apollo Hospital,Non-Prescriber,Rep_035,157,100816.17,18146.91,28459.81,54209.45,3665.89,85,Online Pharmacy,Q2,May
TXN003308,2025-06-02,North,USA,Keytruda,Oncology,Metro Health,High Prescriber,Rep_009,173,97971.43,17634.86,29124.97,51211.6,2969.54,80,Government,Q2,June
TXN003309,2023-11-16,Central,UAE,Herceptin,Oncology,City Medical Center,Non-Prescriber,Rep_022,160,58722.8,3096.95,24855.24,30770.61,2881.55,375,Online Pharmacy,Q4,November
TXN003310,2025-04-30,North,USA,Jardiance,Diabetes,Cleveland Partners,Low Prescriber,Rep_030,206,138661.76,24959.12,45250.09,68452.55,6198.44,207,Hospital,Q2,April
TXN003311,2025-05-21,North,USA,Trulicity,Diabetes,City Medical Center,Low Prescriber,Rep_003,393,44948.67,8090.76,15424.59,21433.32,1102.93,88,Hospital,Q2,May
TXN003312,2024-05-12,East,India,Vyepti,Neurology,Mercy General,High Prescriber,Rep_029,182,54023.52,2522.9,14353.61,37147.01,2720.33,291,Government,Q2,May
TXN003313,2023-06-12,East,India,Ozempic,Diabetes,St. Luke's,Medium Prescriber,Rep_022,73,57010.58,5243.46,19626.16,32140.96,1971.62,12,Hospital,Q2,June
TXN003314,2024-12-04,East,India,Nurtec,Neurology,Mercy General,Non-Prescriber,Rep_035,367,151399.22,13367.56,53690.8,84340.86,8643.29,235,Online Pharmacy,Q4,December
TXN003315,2023-05-18,North,USA,Nurtec,Neurology,Mercy General,Medium Prescriber,Rep_021,329,54549.43,9818.9,14751.21,29979.32,1794.63,303,Government,Q2,May
TXN003316,2023-08-07,West,Germany,Ozempic,Diabetes,Apollo Hospital,High Prescriber,Rep_001,211,23714.65,892.07,10644.03,12178.55,1856.47,32,Retail Pharmacy,Q3,August
TXN003317,2023-03-10,South,Brazil,Entresto,Cardiology,St. Luke's,Non-Prescriber,Rep_009,67,29301.76,2646.47,9479.48,17175.81,1306.36,307,Online Pharmacy,Q1,March
TXN003318,2024-06-30,North,USA,Shingrix,Vaccines,Sunrise Clinic,Medium Prescriber,Rep_031,133,47559.94,8560.79,17342.33,21656.82,1384.96,104,Government,Q2,June
TXN003319,2024-12-03,Central,UAE,Jardiance,Diabetes,St. Luke's,Low Prescriber,Rep_007,476,272637.97,17996.35,83362.52,171279.1,18499.53,279,Online Pharmacy,Q4,December
TXN003320,2023-07-22,Central,UAE,Opdivo,Oncology,Sunrise Clinic,Medium Prescriber,Rep_038,430,84618.39,4157.5,26115.54,54345.35,5448.1,113,Online Pharmacy,Q3,July
TXN003321,2025-09-01,South,Brazil,Herceptin,Oncology,Cleveland Partners,Non-Prescriber,Rep_028,266,154723.92,6140.97,46544.47,102038.48,4526.65,386,Hospital,Q3,September
TXN003322,2023-02-15,South,Brazil,Nurtec,Neurology,City Medical Center,Medium Prescriber,Rep_001,128,74844.55,2270.71,32030.78,40543.06,4340.32,248,Retail Pharmacy,Q1,February
TXN003323,2025-04-08,West,Germany,Opdivo,Oncology,City Medical Center,High Prescriber,Rep_006,248,116589.27,9120.17,41733.99,65735.11,6377.46,151,Online Pharmacy,Q2,April
TXN003324,2024-06-28,North,USA,Eliquis,Cardiology,Mercy General,Medium Prescriber,Rep_010,130,102761.46,18497.06,38337.49,45926.91,4771.5,153,Retail Pharmacy,Q2,June
TXN003325,2024-06-30,North,USA,Opdivo,Oncology,Apollo Hospital,Low Prescriber,Rep_017,164,15653.6,2817.65,5037.41,7798.54,862.37,77,Government,Q2,June
TXN003326,2023-12-12,North,USA,Avastin,Oncology,Cleveland Partners,Non-Prescriber,Rep_015,383,250987.4,45177.73,84758.27,121051.4,14824.42,122,Hospital,Q4,December
TXN003327,2025-02-05,West,Germany,Jardiance,Diabetes,Mercy General,High Prescriber,Rep_038,411,322927.93,31796.41,118563.7,172567.82,17298.92,255,Government,Q1,February
TXN003328,2024-10-13,South,Brazil,Nurtec,Neurology,St. Luke's,Medium Prescriber,Rep_002,269,74676.61,4636.22,20804.05,49236.34,5621.1,485,Hospital,Q4,October
TXN003329,2024-09-11,North,USA,Brilinta,Cardiology,City Medical Center,Low Prescriber,Rep_020,134,13527.93,2435.03,5687.67,5405.23,797.81,177,Online Pharmacy,Q3,September
TXN003330,2024-03-23,West,Germany,Ozempic,Diabetes,Sunrise Clinic,Medium Prescriber,Rep_032,210,78661.27,7423.01,28652.01,42586.25,2656.09,27,Hospital,Q1,March
TXN003331,2024-02-05,East,India,Avastin,Oncology,Cleveland Partners,Low Prescriber,Rep_002,306,118553.99,8413.97,38657.36,71482.66,5682.88,210,Hospital,Q1,February
TXN003332,2025-06-25,North,USA,Opdivo,Oncology,Apollo Hospital,Medium Prescriber,Rep_016,306,235229.2,42341.26,74786.27,118101.67,10374.61,373,Government,Q2,June
TXN003333,2025-09-27,South,Brazil,Shingrix,Vaccines,Mercy General,Low Prescriber,Rep_014,188,81529.6,4015.89,28322.08,49191.63,2156.42,458,Retail Pharmacy,Q3,September
TXN003334,2025-04-10,East,India,Herceptin,Oncology,Sunrise Clinic,Non-Prescriber,Rep_007,343,251400.13,10809.97,103774.79,136815.37,13261.69,198,Government,Q2,April
TXN003335,2024-12-13,Central,UAE,Vyepti,Neurology,Apollo Hospital,Low Prescriber,Rep_031,304,119591.23,6614.56,52597.94,60378.73,5254.84,201,Government,Q4,December
TXN003336,2024-07-11,North,USA,Aduhelm,Neurology,Metro Health,High Prescriber,Rep_001,315,77746.14,13994.31,27781.61,35970.22,2912.59,463,Government,Q3,July
TXN003337,2024-10-25,South,Brazil,Keytruda,Oncology,Sunrise Clinic,High Prescriber,Rep_019,50,2849.33,283.96,1215.76,1349.61,61.06,221,Online Pharmacy,Q4,October
TXN003338,2025-07-07,North,USA,Nurtec,Neurology,St. Luke's,Medium Prescriber,Rep_034,421,89283.76,16071.08,38895.8,34316.88,5837.19,470,Hospital,Q3,July
TXN003339,2023-01-21,North,USA,Trulicity,Diabetes,Mercy General,Non-Prescriber,Rep_002,343,34864.86,6275.67,10062.72,18526.47,1969.05,447,Hospital,Q1,January
TXN003340,2025-05-13,South,Brazil,Aduhelm,Neurology,Cleveland Partners,Low Prescriber,Rep_026,187,94356.15,8625.48,35582.65,50148.02,7207.26,468,Online Pharmacy,Q2,May
TXN003341,2024-07-07,Central,UAE,Jardiance,Diabetes,Cleveland Partners,Low Prescriber,Rep_028,259,81645.73,3958.12,27584.81,50102.8,4591.28,246,Government,Q3,July
TXN003342,2024-01-11,South,Brazil,Jardiance,Diabetes,Apollo Hospital,Medium Prescriber,Rep_019,226,36139.27,2715.65,12354.27,21069.35,1631.98,304,Hospital,Q1,January
TXN003343,2023-04-14,North,USA,Avastin,Oncology,Sunrise Clinic,High Prescriber,Rep_031,486,231461.58,41663.08,67130.84,122667.66,8901.75,196,Retail Pharmacy,Q2,April
TXN003344,2023-07-13,Central,UAE,Nurtec,Neurology,St. Luke's,Medium Prescriber,Rep_033,193,152581.69,10898.17,49664.95,92018.57,5561.08,463,Hospital,Q3,July
TXN003345,2023-04-29,North,USA,Aduhelm,Neurology,Apollo Hospital,High Prescriber,Rep_013,212,23900.62,4302.11,7853.45,11745.06,940.81,226,Hospital,Q2,April
TXN003346,2024-01-05,South,Brazil,Trulicity,Diabetes,Apollo Hospital,High Prescriber,Rep_017,154,93455.24,8309.81,26752.04,58393.39,3122.35,438,Online Pharmacy,Q1,January
TXN003347,2025-12-21,South,Brazil,Avastin,Oncology,Mercy General,Low Prescriber,Rep_036,305,178849.52,6507.57,79297.2,93044.75,8751.9,398,Government,Q4,December
TXN003348,2024-06-27,Central,UAE,Keytruda,Oncology,Apollo Hospital,Medium Prescriber,Rep_036,112,34966.95,1263.08,9822.45,23881.42,1776.26,446,Hospital,Q2,June
TXN003349,2024-07-26,South,Brazil,Opdivo,Oncology,St. Luke's,Low Prescriber,Rep_040,210,45981.91,4117.45,12093.95,29770.51,2043.28,386,Online Pharmacy,Q3,July
TXN003350,2023-02-04,North,USA,Trulicity,Diabetes,Mercy General,Low Prescriber,Rep_039,259,139122.5,25042.05,57607.71,56472.74,6999.03,224,Online Pharmacy,Q1,February
TXN003351,2025-11-08,North,USA,Opdivo,Oncology,Mercy General,Medium Prescriber,Rep_029,338,102002.12,18360.38,29026.06,54615.68,7758.04,151,Hospital,Q4,November
TXN003352,2023-07-23,North,USA,Keytruda,Oncology,Cleveland Partners,Low Prescriber,Rep_020,127,58906.33,10603.14,16570.35,31732.84,3932.87,190,Government,Q3,July
TXN003353,2023-04-03,South,Brazil,Brilinta,Cardiology,Cleveland Partners,High Prescriber,Rep_027,409,195006.87,8810.23,87346.7,98849.94,11900.57,218,Retail Pharmacy,Q2,April
TXN003354,2025-11-15,East,India,Brilinta,Cardiology,St. Luke's,High Prescriber,Rep_025,357,215408.55,6996.94,85350.47,123061.14,13613.14,94,Hospital,Q4,November
TXN003355,2023-04-22,East,India,Trulicity,Diabetes,Metro Health,Medium Prescriber,Rep_028,382,224291.45,22278.27,59604.09,142409.09,6238.28,87,Online Pharmacy,Q2,April
TXN003356,2025-10-25,East,India,Opdivo,Oncology,Metro Health,High Prescriber,Rep_036,44,14604.65,1285.82,6097.6,7221.23,394.99,415,Retail Pharmacy,Q4,October
TXN003357,2023-01-11,North,USA,Eliquis,Cardiology,Mercy General,High Prescriber,Rep_036,207,148655.26,26757.95,58982.6,62914.71,11545.5,392,Government,Q1,January
TXN003358,2025-07-24,South,Brazil,Brilinta,Cardiology,Sunrise Clinic,Medium Prescriber,Rep_005,147,89678.65,3592.71,22889.71,63196.23,4585.66,311,Government,Q3,July
TXN003359,2025-08-12,East,India,Keytruda,Oncology,Cleveland Partners,Low Prescriber,Rep_033,165,69808.81,5824.31,18513.5,45471.0,2080.76,328,Online Pharmacy,Q3,August
TXN003360,2025-07-01,Central,UAE,Brilinta,Cardiology,Sunrise Clinic,High Prescriber,Rep_037,424,188346.68,15828.57,49023.66,123494.45,12798.67,285,Hospital,Q3,July
TXN003361,2023-04-29,North,USA,Entresto,Cardiology,Cleveland Partners,Medium Prescriber,Rep_005,261,98339.46,17701.1,36888.97,43749.39,4202.89,409,Retail Pharmacy,Q2,April
TXN003362,2023-10-09,East,India,Eliquis,Cardiology,Cleveland Partners,Non-Prescriber,Rep_037,124,47280.35,1461.35,12342.2,33476.8,3133.75,200,Hospital,Q4,October
TXN003363,2024-05-21,West,Germany,Vyepti,Neurology,Apollo Hospital,Low Prescriber,Rep_039,428,255865.4,16930.21,87545.2,151389.99,5985.04,484,Retail Pharmacy,Q2,May
TXN003364,2023-03-21,East,India,Opdivo,Oncology,Sunrise Clinic,Low Prescriber,Rep_038,170,66186.85,2423.61,21359.01,42404.23,4420.19,84,Hospital,Q1,March
TXN003365,2023-04-29,East,India,Opdivo,Oncology,Sunrise Clinic,Low Prescriber,Rep_026,116,78463.84,7200.66,33789.54,37473.64,3423.28,436,Hospital,Q2,April
TXN003366,2023-03-27,East,India,Eliquis,Cardiology,Apollo Hospital,Non-Prescriber,Rep_030,459,41908.14,4032.04,11811.95,26064.15,1786.1,237,Government,Q1,March
TXN003367,2024-10-10,Central,UAE,Aduhelm,Neurology,Mercy General,High Prescriber,Rep_019,212,95437.46,8580.67,34802.93,52053.86,7380.36,330,Government,Q4,October
TXN003368,2024-05-10,South,Brazil,Brilinta,Cardiology,Apollo Hospital,Non-Prescriber,Rep_024,213,131998.09,7981.92,36274.66,87741.51,7252.96,289,Retail Pharmacy,Q2,May
TXN003369,2023-04-27,West,Germany,Entresto,Cardiology,Metro Health,Non-Prescriber,Rep_021,226,144370.3,5917.78,43179.1,95273.42,8706.0,488,Government,Q2,April
TXN003370,2025-10-22,Central,UAE,Keytruda,Oncology,Mercy General,Non-Prescriber,Rep_036,393,200246.37,11418.21,60497.56,128330.6,13607.94,185,Government,Q4,October
TXN003371,2023-05-07,West,Germany,Jardiance,Diabetes,City Medical Center,Low Prescriber,Rep_034,120,69583.56,3440.54,19975.85,46167.17,4841.73,382,Hospital,Q2,May
TXN003372,2025-04-03,South,Brazil,Avastin,Oncology,St. Luke's,Non-Prescriber,Rep_029,432,285512.56,12226.2,94528.51,178757.85,13610.98,269,Government,Q2,April
TXN003373,2025-07-05,Central,UAE,Opdivo,Oncology,St. Luke's,Non-Prescriber,Rep_024,190,121735.76,9149.57,32633.15,79953.04,9408.94,187,Government,Q3,July
TXN003374,2023-10-04,North,USA,Nurtec,Neurology,St. Luke's,High Prescriber,Rep_001,124,20622.64,3712.08,6984.92,9925.64,719.73,239,Online Pharmacy,Q4,October
TXN003375,2025-10-27,North,USA,Keytruda,Oncology,Mercy General,Low Prescriber,Rep_017,167,56141.48,10105.47,25114.7,20921.31,1665.25,423,Retail Pharmacy,Q4,October
TXN003376,2024-11-12,Central,UAE,Prevnar,Vaccines,St. Luke's,High Prescriber,Rep_007,146,31431.08,1803.78,11718.71,17908.59,1343.06,368,Online Pharmacy,Q4,November
TXN003377,2023-12-12,Central,UAE,Herceptin,Oncology,City Medical Center,Non-Prescriber,Rep_023,202,25225.09,759.3,9209.2,15256.59,960.86,58,Government,Q4,December
TXN003378,2024-07-14,North,USA,Trulicity,Diabetes,Sunrise Clinic,Non-Prescriber,Rep_035,188,82945.03,14930.11,34882.51,33132.41,2173.65,112,Retail Pharmacy,Q3,July
TXN003379,2024-08-12,South,Brazil,Keytruda,Oncology,St. Luke's,Non-Prescriber,Rep_003,94,16039.34,1336.74,4011.8,10690.8,743.25,89,Retail Pharmacy,Q3,August
TXN003380,2025-03-27,North,USA,Brilinta,Cardiology,Apollo Hospital,Medium Prescriber,Rep_018,315,103410.27,18613.85,41350.59,43445.83,5660.78,441,Online Pharmacy,Q1,March
TXN003381,2025-10-23,West,Germany,Trulicity,Diabetes,Sunrise Clinic,Non-Prescriber,Rep_026,243,134416.44,13255.15,47913.33,73247.96,8218.8,206,Hospital,Q4,October
TXN003382,2023-01-22,West,Germany,Eliquis,Cardiology,St. Luke's,High Prescriber,Rep_027,133,88108.26,4771.34,35656.43,47680.49,5269.1,185,Hospital,Q1,January
TXN003383,2025-01-07,East,India,Avastin,Oncology,St. Luke's,Low Prescriber,Rep_028,421,269783.12,23675.15,83101.97,163006.0,8021.4,358,Retail Pharmacy,Q1,January
TXN003384,2024-06-29,East,India,Eliquis,Cardiology,Sunrise Clinic,Non-Prescriber,Rep_028,386,172546.0,15022.05,72878.43,84645.52,10521.98,182,Government,Q2,June
TXN003385,2024-02-17,North,USA,Opdivo,Oncology,City Medical Center,High Prescriber,Rep_024,248,150232.65,27041.88,60385.65,62805.12,6775.61,425,Online Pharmacy,Q1,February
TXN003386,2024-09-10,Central,UAE,Shingrix,Vaccines,Mercy General,Non-Prescriber,Rep_038,425,121863.63,9870.11,48399.05,63594.47,2437.95,430,Online Pharmacy,Q3,September
TXN003387,2025-02-08,South,Brazil,Ozempic,Diabetes,Sunrise Clinic,Low Prescriber,Rep_024,448,197231.79,16086.31,68923.67,112221.81,4992.49,30,Hospital,Q1,February
TXN003388,2023-05-01,West,Germany,Comirnaty,Vaccines,Cleveland Partners,Low Prescriber,Rep_031,298,165272.78,14434.53,58101.09,92737.16,4415.1,223,Online Pharmacy,Q2,May
TXN003389,2025-06-25,East,India,Ozempic,Diabetes,St. Luke's,Non-Prescriber,Rep_008,181,143701.29,13373.54,43192.31,87135.44,9512.87,37,Retail Pharmacy,Q2,June
TXN003390,2024-11-20,Central,UAE,Opdivo,Oncology,Metro Health,Medium Prescriber,Rep_036,184,87563.34,5115.94,32071.81,50375.59,4366.94,50,Retail Pharmacy,Q4,November
TXN003391,2025-12-23,South,Brazil,Entresto,Cardiology,Apollo Hospital,Low Prescriber,Rep_016,206,79269.91,4186.07,29620.73,45463.11,3974.56,200,Retail Pharmacy,Q4,December
TXN003392,2023-12-19,Central,UAE,Nurtec,Neurology,Cleveland Partners,Low Prescriber,Rep_006,265,174086.81,9193.32,68072.55,96820.94,8019.1,418,Retail Pharmacy,Q4,December
TXN003393,2025-06-04,West,Germany,Opdivo,Oncology,Metro Health,Medium Prescriber,Rep_021,198,11967.05,844.04,3338.37,7784.64,390.85,104,Government,Q2,June
TXN003394,2023-06-25,North,USA,Entresto,Cardiology,St. Luke's,High Prescriber,Rep_040,67,12338.21,2220.88,4138.56,5978.77,329.06,317,Retail Pharmacy,Q2,June
TXN003395,2024-03-17,South,Brazil,Eliquis,Cardiology,City Medical Center,High Prescriber,Rep_010,174,14459.26,902.64,3618.99,9937.63,770.15,257,Hospital,Q1,March
TXN003396,2024-05-22,North,USA,Entresto,Cardiology,Mercy General,Low Prescriber,Rep_005,175,101250.23,18225.04,39103.1,43922.09,6530.88,293,Hospital,Q2,May
TXN003397,2023-04-16,Central,UAE,Brilinta,Cardiology,Sunrise Clinic,Low Prescriber,Rep_007,428,95731.79,5772.22,36191.11,53768.46,7589.73,196,Retail Pharmacy,Q2,April
TXN003398,2023-03-02,Central,UAE,Herceptin,Oncology,Mercy General,Medium Prescriber,Rep_016,115,70999.04,6393.27,21867.97,42737.8,4829.99,212,Retail Pharmacy,Q1,March
TXN003399,2024-01-22,West,Germany,Herceptin,Oncology,Mercy General,Medium Prescriber,Rep_019,411,238289.24,22845.67,100279.73,115163.84,8208.64,458,Hospital,Q1,January
TXN003400,2023-08-30,West,Germany,Shingrix,Vaccines,Metro Health,High Prescriber,Rep_024,241,191492.85,9386.54,65574.3,116532.01,12570.04,486,Online Pharmacy,Q3,August
TXN003401,2023-03-10,Central,UAE,Comirnaty,Vaccines,Cleveland Partners,Medium Prescriber,Rep_026,265,208894.77,8467.9,68802.48,131624.39,4557.32,189,Retail Pharmacy,Q1,March
TXN003402,2025-02-18,East,India,Ozempic,Diabetes,Sunrise Clinic,Low Prescriber,Rep_030,420,317125.52,13185.36,96182.47,207757.69,23302.09,26,Online Pharmacy,Q1,February
TXN003403,2023-11-19,East,India,Herceptin,Oncology,St. Luke's,High Prescriber,Rep_015,80,13287.47,612.43,4781.7,7893.34,576.66,385,Government,Q4,November
TXN003404,2023-10-14,South,Brazil,Comirnaty,Vaccines,Mercy General,Medium Prescriber,Rep_001,189,132174.71,10657.04,44840.39,76677.28,9974.97,366,Retail Pharmacy,Q4,October
TXN003405,2025-12-24,South,Brazil,Brilinta,Cardiology,Apollo Hospital,Non-Prescriber,Rep_020,397,299712.43,18116.15,114753.73,166842.55,16654.47,357,Government,Q4,December
TXN003406,2025-03-10,East,India,Trulicity,Diabetes,Cleveland Partners,High Prescriber,Rep_009,123,29154.24,1793.76,8525.94,18834.54,1458.45,374,Government,Q1,March
TXN003407,2024-05-24,North,USA,Avastin,Oncology,Cleveland Partners,High Prescriber,Rep_040,456,232939.56,41929.12,98916.53,92093.91,17964.32,205,Retail Pharmacy,Q2,May
TXN003408,2023-08-26,South,Brazil,Jardiance,Diabetes,City Medical Center,Low Prescriber,Rep_035,329,226214.91,6806.6,95109.26,124299.05,6986.53,173,Online Pharmacy,Q3,August
TXN003409,2025-06-05,Central,UAE,Vyepti,Neurology,Mercy General,High Prescriber,Rep_033,312,213875.91,15155.46,70182.72,128537.73,7232.6,290,Online Pharmacy,Q2,June
TXN003410,2025-08-16,South,Brazil,Brilinta,Cardiology,Cleveland Partners,Low Prescriber,Rep_010,216,166492.38,5286.67,64142.26,97063.45,3952.57,121,Hospital,Q3,August
TXN003411,2023-12-18,South,Brazil,Entresto,Cardiology,St. Luke's,Low Prescriber,Rep_003,142,16304.34,844.4,4919.97,10539.97,706.2,426,Retail Pharmacy,Q4,December
TXN003412,2024-02-02,North,USA,Eliquis,Cardiology,Apollo Hospital,Low Prescriber,Rep_017,275,37985.41,6837.37,15866.89,15281.15,2554.99,257,Online Pharmacy,Q1,February
TXN003413,2024-07-23,East,India,Entresto,Cardiology,Apollo Hospital,Non-Prescriber,Rep_022,360,178594.24,15684.76,71301.36,91608.12,11033.39,467,Online Pharmacy,Q3,July
TXN003414,2025-04-03,North,USA,Comirnaty,Vaccines,St. Luke's,High Prescriber,Rep_008,294,58859.46,10594.7,24796.41,23468.35,1401.5,455,Government,Q2,April
TXN003415,2025-11-01,West,Germany,Avastin,Oncology,City Medical Center,Medium Prescriber,Rep_021,421,160404.45,12324.75,60817.33,87262.37,5767.89,474,Government,Q4,November
TXN003416,2025-11-08,East,India,Eliquis,Cardiology,Metro Health,Low Prescriber,Rep_021,193,40487.3,3337.81,11772.68,25376.81,3142.27,406,Online Pharmacy,Q4,November
TXN003417,2025-04-13,East,India,Ozempic,Diabetes,Cleveland Partners,Medium Prescriber,Rep_013,240,51775.74,4692.56,18253.15,28830.03,2636.7,18,Hospital,Q2,April
TXN003418,2025-08-23,South,Brazil,Nurtec,Neurology,Mercy General,Medium Prescriber,Rep_008,315,21149.68,1836.77,9474.82,9838.09,1615.54,426,Government,Q3,August
TXN003419,2023-09-19,East,India,Vyepti,Neurology,Mercy General,Low Prescriber,Rep_020,158,54935.48,4113.58,16953.77,33868.13,2930.26,454,Government,Q3,September
TXN003420,2025-03-15,South,Brazil,Keytruda,Oncology,St. Luke's,Low Prescriber,Rep_027,148,89277.86,8206.26,32840.92,48230.68,4118.16,171,Retail Pharmacy,Q1,March
TXN003421,2025-04-07,North,USA,Brilinta,Cardiology,Cleveland Partners,Low Prescriber,Rep_035,183,110250.98,19845.18,32639.9,57765.9,6151.63,231,Retail Pharmacy,Q2,April
TXN003422,2025-03-11,South,Brazil,Avastin,Oncology,Apollo Hospital,Non-Prescriber,Rep_005,424,47972.87,3124.26,12469.86,32378.75,3477.72,467,Online Pharmacy,Q1,March
TXN003423,2024-04-25,North,USA,Shingrix,Vaccines,Cleveland Partners,Non-Prescriber,Rep_016,110,69548.64,12518.76,20161.83,36868.05,2461.7,192,Retail Pharmacy,Q2,April
TXN003424,2025-02-05,Central,UAE,Jardiance,Diabetes,St. Luke's,Low Prescriber,Rep_017,214,21702.11,1995.13,5791.8,13915.18,1212.6,468,Government,Q1,February
TXN003425,2023-07-09,South,Brazil,Avastin,Oncology,City Medical Center,Low Prescriber,Rep_029,150,10573.83,1029.46,4226.94,5317.43,297.21,254,Hospital,Q3,July
TXN003426,2025-08-13,West,Germany,Entresto,Cardiology,Sunrise Clinic,Low Prescriber,Rep_033,191,145672.79,10009.92,63492.97,72169.9,8935.88,466,Online Pharmacy,Q3,August
TXN003427,2024-12-25,West,Germany,Ozempic,Diabetes,Metro Health,Non-Prescriber,Rep_029,264,194351.82,8231.75,72553.01,113567.06,4467.42,9,Retail Pharmacy,Q4,December
TXN003428,2025-10-14,North,USA,Entresto,Cardiology,Mercy General,Low Prescriber,Rep_022,143,22173.71,3991.27,7710.1,10472.34,1667.59,386,Retail Pharmacy,Q4,October
TXN003429,2025-11-09,West,Germany,Brilinta,Cardiology,City Medical Center,Low Prescriber,Rep_027,159,84673.55,6551.48,30512.32,47609.75,2772.63,267,Online Pharmacy,Q4,November
TXN003430,2023-12-20,West,Germany,Trulicity,Diabetes,City Medical Center,Non-Prescriber,Rep_006,121,8792.87,628.78,2827.53,5336.56,472.18,54,Retail Pharmacy,Q4,December
TXN003431,2025-04-04,East,India,Ozempic,Diabetes,Apollo Hospital,Medium Prescriber,Rep_030,122,55843.02,4739.32,23642.53,27461.17,1971.88,22,Government,Q2,April
TXN003432,2024-02-28,South,Brazil,Jardiance,Diabetes,St. Luke's,Low Prescriber,Rep_030,181,68662.5,3727.02,24791.61,40143.87,4306.22,68,Hospital,Q1,February
TXN003433,2025-02-07,North,USA,Avastin,Oncology,Metro Health,High Prescriber,Rep_003,238,45384.23,8169.16,12573.94,24641.13,1981.71,421,Government,Q1,February
TXN003434,2025-06-09,North,USA,Brilinta,Cardiology,Sunrise Clinic,Low Prescriber,Rep_024,145,19439.13,3499.04,7505.46,8434.63,1035.74,300,Online Pharmacy,Q2,June
TXN003435,2024-08-13,East,India,Keytruda,Oncology,St. Luke's,Low Prescriber,Rep_002,182,124845.69,9420.32,35152.94,80272.43,6674.63,442,Hospital,Q3,August
TXN003436,2023-09-01,Central,UAE,Entresto,Cardiology,Apollo Hospital,Non-Prescriber,Rep_021,78,37523.64,1442.52,12409.19,23671.93,2543.85,472,Hospital,Q3,September
TXN003437,2023-08-26,North,USA,Entresto,Cardiology,Sunrise Clinic,Non-Prescriber,Rep_019,92,23138.77,4164.98,8892.3,10081.49,1397.44,343,Online Pharmacy,Q3,August
TXN003438,2024-07-19,North,USA,Jardiance,Diabetes,City Medical Center,Non-Prescriber,Rep_023,80,45589.45,8206.1,20478.31,16905.04,2675.37,174,Hospital,Q3,July
TXN003439,2025-11-19,South,Brazil,Nurtec,Neurology,Sunrise Clinic,Medium Prescriber,Rep_033,295,54415.59,2477.4,19386.29,32551.9,2032.54,347,Hospital,Q4,November
TXN003440,2023-07-29,West,Germany,Brilinta,Cardiology,St. Luke's,Medium Prescriber,Rep_025,260,103177.96,9540.81,40624.76,53012.39,3122.94,143,Retail Pharmacy,Q3,July
TXN003441,2025-12-09,North,USA,Eliquis,Cardiology,Cleveland Partners,Medium Prescriber,Rep_008,380,39388.73,7089.97,12629.93,19668.83,2103.98,443,Hospital,Q4,December
TXN003442,2024-08-31,West,Germany,Vyepti,Neurology,Sunrise Clinic,Medium Prescriber,Rep_009,221,33897.09,1823.41,9836.81,22236.87,726.63,118,Online Pharmacy,Q3,August
TXN003443,2025-02-17,West,Germany,Ozempic,Diabetes,Metro Health,High Prescriber,Rep_001,172,30943.6,1857.59,8942.19,20143.82,1316.97,22,Hospital,Q1,February
TXN003444,2025-11-18,North,USA,Brilinta,Cardiology,City Medical Center,Low Prescriber,Rep_009,184,20575.01,3703.5,7219.72,9651.79,968.12,371,Hospital,Q4,November
TXN003445,2023-10-17,South,Brazil,Entresto,Cardiology,Apollo Hospital,Low Prescriber,Rep_031,109,72120.62,5001.37,31417.28,35701.97,2213.15,363,Online Pharmacy,Q4,October
TXN003446,2025-10-03,East,India,Avastin,Oncology,Apollo Hospital,High Prescriber,Rep_039,197,111207.9,4034.0,47214.56,59959.34,2494.7,435,Hospital,Q4,October
TXN003447,2023-01-13,West,Germany,Eliquis,Cardiology,City Medical Center,Non-Prescriber,Rep_028,147,88948.16,3905.88,25050.42,59991.86,2273.86,365,Hospital,Q1,January
TXN003448,2023-02-25,South,Brazil,Opdivo,Oncology,City Medical Center,Medium Prescriber,Rep_026,162,75255.38,5212.44,21342.46,48700.48,2367.6,434,Government,Q1,February
TXN003449,2023-03-18,North,USA,Keytruda,Oncology,City Medical Center,Medium Prescriber,Rep_001,192,104391.25,18790.42,40121.66,45479.17,3148.82,318,Retail Pharmacy,Q1,March
TXN003450,2024-10-20,Central,UAE,Avastin,Oncology,Apollo Hospital,Non-Prescriber,Rep_028,177,97563.36,7472.32,24837.72,65253.32,4618.83,200,Retail Pharmacy,Q4,October
TXN003451,2023-06-07,East,India,Vyepti,Neurology,St. Luke's,Medium Prescriber,Rep_030,292,185070.94,16481.1,78280.15,90309.69,9066.23,230,Online Pharmacy,Q2,June
TXN003452,2025-08-20,North,USA,Brilinta,Cardiology,Sunrise Clinic,Medium Prescriber,Rep_009,319,175910.91,31663.96,75141.57,69105.38,6610.0,111,Hospital,Q3,August
TXN003453,2025-01-13,South,Brazil,Shingrix,Vaccines,Metro Health,High Prescriber,Rep_016,253,201997.45,12381.04,65589.07,124027.34,11397.13,357,Government,Q1,January
TXN003454,2025-12-19,South,Brazil,Trulicity,Diabetes,City Medical Center,Medium Prescriber,Rep_020,312,161261.05,5979.75,57535.14,97746.16,10784.02,162,Hospital,Q4,December
TXN003455,2024-06-22,West,Germany,Brilinta,Cardiology,Metro Health,Non-Prescriber,Rep_023,318,158427.69,13005.94,49962.22,95459.53,8104.48,407,Retail Pharmacy,Q2,June
TXN003456,2024-10-07,East,India,Prevnar,Vaccines,Apollo Hospital,Non-Prescriber,Rep_035,325,136185.68,12034.38,55186.96,68964.34,8715.42,452,Hospital,Q4,October
TXN003457,2023-06-28,North,USA,Entresto,Cardiology,City Medical Center,Low Prescriber,Rep_018,251,116825.64,21028.62,40564.91,55232.11,5279.96,462,Hospital,Q2,June
TXN003458,2024-10-16,South,Brazil,Keytruda,Oncology,St. Luke's,Non-Prescriber,Rep_032,173,108296.76,9370.95,38984.63,59941.18,7987.59,485,Hospital,Q4,October
TXN003459,2023-07-01,East,India,Shingrix,Vaccines,Mercy General,Non-Prescriber,Rep_040,271,57031.03,4060.16,17845.09,35125.78,4063.61,371,Hospital,Q3,July
TXN003460,2024-02-25,South,Brazil,Opdivo,Oncology,Metro Health,Medium Prescriber,Rep_016,200,116330.05,11602.27,45266.26,59461.52,3225.22,331,Online Pharmacy,Q1,February
TXN003461,2025-01-21,Central,UAE,Prevnar,Vaccines,Cleveland Partners,Low Prescriber,Rep_004,297,206354.27,16048.36,87931.39,102374.52,5582.09,264,Retail Pharmacy,Q1,January
TXN003462,2025-10-10,Central,UAE,Keytruda,Oncology,City Medical Center,Medium Prescriber,Rep_023,198,14689.49,1053.65,4712.31,8923.53,384.54,61,Retail Pharmacy,Q4,October
TXN003463,2024-02-21,Central,UAE,Keytruda,Oncology,Metro Health,Low Prescriber,Rep_006,241,147121.63,11226.35,57181.72,78713.56,10887.72,357,Government,Q1,February
TXN003464,2024-06-11,Central,UAE,Eliquis,Cardiology,Cleveland Partners,Non-Prescriber,Rep_022,170,41172.02,1335.89,11039.23,28796.9,2287.41,439,Government,Q2,June
TXN003465,2023-05-22,North,USA,Eliquis,Cardiology,St. Luke's,Non-Prescriber,Rep_030,344,189601.04,34128.19,77446.33,78026.52,12261.29,58,Government,Q2,May
TXN003466,2024-11-05,North,USA,Nurtec,Neurology,Apollo Hospital,High Prescriber,Rep_003,141,73255.55,13186.0,19969.11,40100.44,5528.0,189,Retail Pharmacy,Q4,November
TXN003467,2024-02-10,South,Brazil,Shingrix,Vaccines,St. Luke's,Low Prescriber,Rep_003,209,144037.75,11673.67,46151.21,86212.87,10752.05,268,Online Pharmacy,Q1,February
TXN003468,2025-05-06,Central,UAE,Jardiance,Diabetes,Mercy General,High Prescriber,Rep_021,189,78161.18,2569.55,19720.29,55871.34,4461.78,89,Retail Pharmacy,Q2,May
TXN003469,2024-11-18,East,India,Vyepti,Neurology,City Medical Center,Non-Prescriber,Rep_025,148,42400.42,3946.59,17878.9,20574.93,2653.32,180,Online Pharmacy,Q4,November
TXN003470,2023-08-07,North,USA,Entresto,Cardiology,Sunrise Clinic,Medium Prescriber,Rep_009,212,110647.07,19916.47,29710.61,61019.99,7243.64,293,Government,Q3,August
TXN003471,2023-05-30,East,India,Brilinta,Cardiology,Metro Health,Low Prescriber,Rep_031,360,117806.41,11521.29,51613.31,54671.81,9091.11,149,Hospital,Q2,May
TXN003472,2024-09-24,East,India,Opdivo,Oncology,Apollo Hospital,High Prescriber,Rep_016,276,120651.79,10345.65,37805.49,72500.65,2601.85,373,Online Pharmacy,Q3,September
TXN003473,2025-03-15,East,India,Trulicity,Diabetes,Sunrise Clinic,Low Prescriber,Rep_012,211,63738.83,2890.01,26106.62,34742.2,3263.77,426,Online Pharmacy,Q1,March
TXN003474,2023-12-22,South,Brazil,Ozempic,Diabetes,Sunrise Clinic,Low Prescriber,Rep_014,72,15631.6,1377.85,6034.93,8218.82,1128.66,16,Retail Pharmacy,Q4,December
TXN003475,2025-12-27,West,Germany,Herceptin,Oncology,Cleveland Partners,Non-Prescriber,Rep_017,216,153761.47,6476.28,59191.02,88094.17,6869.68,487,Hospital,Q4,December
TXN003476,2024-10-08,East,India,Herceptin,Oncology,Sunrise Clinic,Low Prescriber,Rep_037,83,9876.73,783.57,3523.88,5569.28,340.9,271,Online Pharmacy,Q4,October
TXN003477,2025-02-28,North,USA,Vyepti,Neurology,City Medical Center,Low Prescriber,Rep_029,240,123086.49,22155.57,41511.75,59419.17,6630.41,255,Hospital,Q1,February
TXN003478,2023-12-28,North,USA,Entresto,Cardiology,Cleveland Partners,Medium Prescriber,Rep_024,69,50035.29,9006.35,22315.56,18713.38,3916.47,153,Online Pharmacy,Q4,December
TXN003479,2025-10-13,South,Brazil,Keytruda,Oncology,Apollo Hospital,Medium Prescriber,Rep_015,152,39386.91,1816.59,15746.54,21823.78,1483.82,367,Hospital,Q4,October
TXN003480,2024-01-29,North,USA,Vyepti,Neurology,Apollo Hospital,Medium Prescriber,Rep_009,244,74924.68,13486.44,33034.71,28403.53,4052.14,82,Hospital,Q1,January
TXN003481,2024-06-20,East,India,Prevnar,Vaccines,Sunrise Clinic,Non-Prescriber,Rep_028,214,122013.94,9367.61,51404.35,61241.98,8874.34,302,Government,Q2,June
TXN003482,2024-07-30,South,Brazil,Avastin,Oncology,Sunrise Clinic,Medium Prescriber,Rep_031,321,87946.65,4930.63,33730.05,49285.97,4926.9,50,Hospital,Q3,July
TXN003483,2023-03-19,West,Germany,Eliquis,Cardiology,Sunrise Clinic,High Prescriber,Rep_010,451,250239.97,12097.97,107472.01,130669.99,12283.78,232,Government,Q1,March
TXN003484,2025-01-18,North,USA,Keytruda,Oncology,Cleveland Partners,Low Prescriber,Rep_033,360,79612.91,14330.32,30667.64,34614.95,2534.4,355,Online Pharmacy,Q1,January
TXN003485,2025-07-22,North,USA,Brilinta,Cardiology,Sunrise Clinic,Medium Prescriber,Rep_010,159,122954.78,22131.86,33864.5,66958.42,9163.06,137,Online Pharmacy,Q3,July
TXN003486,2025-01-15,North,USA,Jardiance,Diabetes,St. Luke's,Non-Prescriber,Rep_011,206,92791.17,16702.41,37794.17,38294.59,2708.19,337,Government,Q1,January
TXN003487,2024-09-25,Central,UAE,Herceptin,Oncology,City Medical Center,High Prescriber,Rep_005,298,237963.87,18521.7,79752.52,139689.65,8877.8,51,Retail Pharmacy,Q3,September
TXN003488,2023-06-06,East,India,Ozempic,Diabetes,Mercy General,Low Prescriber,Rep_004,119,86165.53,8312.46,23370.92,54482.15,4246.43,10,Retail Pharmacy,Q2,June
TXN003489,2023-06-22,West,Germany,Aduhelm,Neurology,Mercy General,Non-Prescriber,Rep_010,236,59563.76,4374.92,26292.19,28896.65,3339.71,333,Online Pharmacy,Q2,June
TXN003490,2024-10-01,North,USA,Entresto,Cardiology,Sunrise Clinic,Low Prescriber,Rep_032,239,141714.39,25508.59,41454.3,74751.5,10575.97,454,Retail Pharmacy,Q4,October
TXN003491,2024-03-23,North,USA,Ozempic,Diabetes,Apollo Hospital,Medium Prescriber,Rep_022,126,81272.64,14629.08,20623.11,46020.45,5198.65,9,Government,Q1,March
TXN003492,2024-05-05,South,Brazil,Ozempic,Diabetes,City Medical Center,Non-Prescriber,Rep_013,481,338641.26,28490.82,144995.28,165155.16,13703.38,14,Government,Q2,May
TXN003493,2025-09-11,North,USA,Keytruda,Oncology,Metro Health,Low Prescriber,Rep_024,259,185741.05,33433.39,76559.25,75748.41,9991.81,497,Hospital,Q3,September
TXN003494,2023-02-13,South,Brazil,Eliquis,Cardiology,Cleveland Partners,High Prescriber,Rep_030,228,130114.64,8202.26,43497.8,78414.58,8458.75,333,Government,Q1,February
TXN003495,2024-02-05,Central,UAE,Vyepti,Neurology,Metro Health,Non-Prescriber,Rep_021,391,183432.56,15645.96,75666.13,92120.47,10831.6,402,Government,Q1,February
TXN003496,2024-06-14,Central,UAE,Entresto,Cardiology,City Medical Center,High Prescriber,Rep_021,368,56233.57,4926.07,20492.78,30814.72,2231.11,432,Online Pharmacy,Q2,June
TXN003497,2024-07-01,Central,UAE,Opdivo,Oncology,City Medical Center,Non-Prescriber,Rep_031,96,34826.65,3264.42,12457.09,19105.14,1435.68,373,Hospital,Q3,July
TXN003498,2023-02-23,North,USA,Entresto,Cardiology,St. Luke's,Non-Prescriber,Rep_011,514,140320.97,25257.77,48671.3,66391.9,10014.9,95,Online Pharmacy,Q1,February
TXN003499,2023-03-11,South,Brazil,Jardiance,Diabetes,City Medical Center,High Prescriber,Rep_014,205,154169.7,12048.57,57607.93,84513.2,6987.6,480,Retail Pharmacy,Q1,March
TXN003500,2025-08-06,West,Germany,Keytruda,Oncology,Metro Health,High Prescriber,Rep_038,176,91323.1,6185.85,27015.37,58121.88,6135.28,412,Hospital,Q3,August
TXN003501,2023-12-01,North,USA,Trulicity,Diabetes,Mercy General,High Prescriber,Rep_040,243,172931.92,31127.75,45282.13,96522.04,11473.21,433,Hospital,Q4,December
TXN003502,2024-09-23,Central,UAE,Herceptin,Oncology,Sunrise Clinic,High Prescriber,Rep_028,516,384130.3,18785.62,145946.12,219398.56,19112.64,170,Retail Pharmacy,Q3,September
TXN003503,2025-02-20,West,Germany,Brilinta,Cardiology,City Medical Center,High Prescriber,Rep_003,291,50591.84,4140.12,14077.98,32373.74,3538.88,356,Government,Q1,February
TXN003504,2023-11-07,South,Brazil,Brilinta,Cardiology,Metro Health,Medium Prescriber,Rep_018,150,28779.38,974.98,9243.5,18560.9,1380.02,457,Retail Pharmacy,Q4,November
TXN003505,2024-04-13,North,USA,Jardiance,Diabetes,Cleveland Partners,Low Prescriber,Rep_025,599,151817.32,27327.12,52091.33,72398.87,10124.65,300,Government,Q2,April
TXN003506,2024-11-26,South,Brazil,Brilinta,Cardiology,Sunrise Clinic,Non-Prescriber,Rep_025,350,196682.39,18719.69,70414.19,107548.51,6138.3,287,Hospital,Q4,November
TXN003507,2023-07-02,Central,UAE,Trulicity,Diabetes,Mercy General,High Prescriber,Rep_031,231,93735.33,4369.59,23666.98,65698.76,4510.19,291,Government,Q3,July
TXN003508,2024-10-07,North,USA,Herceptin,Oncology,Sunrise Clinic,Non-Prescriber,Rep_030,264,114492.89,20608.72,45362.34,48521.83,3728.9,164,Online Pharmacy,Q4,October
TXN003509,2024-06-10,West,Germany,Eliquis,Cardiology,Mercy General,Non-Prescriber,Rep_031,192,22314.79,1590.45,9846.23,10878.11,1567.76,398,Online Pharmacy,Q2,June
TXN003510,2024-03-04,West,Germany,Nurtec,Neurology,Metro Health,Medium Prescriber,Rep_010,351,66120.73,4987.59,22685.52,38447.62,5017.43,122,Hospital,Q1,March
TXN003511,2023-07-03,Central,UAE,Brilinta,Cardiology,St. Luke's,Medium Prescriber,Rep_019,178,55082.8,4040.48,18718.01,32324.31,1771.56,315,Online Pharmacy,Q3,July
TXN003512,2025-06-11,South,Brazil,Opdivo,Oncology,Sunrise Clinic,Medium Prescriber,Rep_020,146,35786.74,3545.26,14188.66,18052.82,2009.77,127,Hospital,Q2,June
TXN003513,2024-07-29,West,Germany,Trulicity,Diabetes,Apollo Hospital,Low Prescriber,Rep_039,299,178495.95,13503.58,67811.15,97181.22,8003.64,57,Online Pharmacy,Q3,July
TXN003514,2025-03-27,North,USA,Eliquis,Cardiology,Apollo Hospital,High Prescriber,Rep_014,468,33275.53,5989.6,14318.21,12967.72,2633.42,413,Hospital,Q1,March
TXN003515,2025-11-12,West,Germany,Herceptin,Oncology,City Medical Center,High Prescriber,Rep_005,461,215623.99,12381.32,77773.35,125469.32,15681.22,390,Government,Q4,November
TXN003516,2024-11-10,East,India,Avastin,Oncology,Metro Health,Low Prescriber,Rep_002,154,27314.22,1415.43,8339.25,17559.54,1144.87,98,Online Pharmacy,Q4,November
TXN003517,2025-12-04,North,USA,Entresto,Cardiology,Mercy General,High Prescriber,Rep_027,124,87368.31,15726.3,39277.1,32364.91,2236.95,58,Online Pharmacy,Q4,December
TXN003518,2024-10-21,Central,UAE,Trulicity,Diabetes,Apollo Hospital,Non-Prescriber,Rep_036,399,111041.33,8097.31,40151.26,62792.76,5068.16,386,Government,Q4,October
TXN003519,2023-12-04,Central,UAE,Vyepti,Neurology,City Medical Center,High Prescriber,Rep_003,267,34030.94,1402.0,12982.26,19646.68,725.83,58,Online Pharmacy,Q4,December
TXN003520,2025-04-19,Central,UAE,Eliquis,Cardiology,Cleveland Partners,High Prescriber,Rep_026,408,221771.38,11592.9,65341.39,144837.09,5513.87,75,Hospital,Q2,April
TXN003521,2025-09-26,North,USA,Shingrix,Vaccines,Apollo Hospital,Non-Prescriber,Rep_030,307,46208.28,8317.49,17926.01,19964.78,2052.77,476,Hospital,Q3,September
TXN003522,2025-10-27,South,Brazil,Comirnaty,Vaccines,Metro Health,Low Prescriber,Rep_037,291,98758.69,7200.4,39945.05,51613.24,7551.92,169,Hospital,Q4,October
TXN003523,2023-09-02,West,Germany,Ozempic,Diabetes,Sunrise Clinic,Low Prescriber,Rep_012,265,180255.01,13126.81,74656.42,92471.78,11356.36,29,Online Pharmacy,Q3,September
TXN003524,2023-04-11,East,India,Jardiance,Diabetes,St. Luke's,Non-Prescriber,Rep_009,292,60906.08,2903.33,22985.41,35017.34,4248.94,292,Hospital,Q2,April
TXN003525,2023-03-07,West,Germany,Herceptin,Oncology,Mercy General,Medium Prescriber,Rep_013,164,10391.59,475.39,3405.99,6510.21,277.48,101,Government,Q1,March
TXN003526,2023-09-15,East,India,Opdivo,Oncology,City Medical Center,High Prescriber,Rep_016,175,70083.6,3148.88,20155.07,46779.65,1852.25,394,Hospital,Q3,September
TXN003527,2025-03-08,South,Brazil,Nurtec,Neurology,Cleveland Partners,Low Prescriber,Rep_032,198,16483.37,943.45,5952.1,9587.82,1293.95,418,Government,Q1,March
TXN003528,2025-06-17,North,USA,Vyepti,Neurology,Apollo Hospital,High Prescriber,Rep_015,216,28459.29,5122.67,9925.95,13410.67,825.93,239,Retail Pharmacy,Q2,June
TXN003529,2025-12-14,North,USA,Vyepti,Neurology,Sunrise Clinic,Non-Prescriber,Rep_005,458,320275.17,57649.53,142123.01,120502.63,6834.35,62,Retail Pharmacy,Q4,December
TXN003530,2025-01-10,South,Brazil,Ozempic,Diabetes,City Medical Center,High Prescriber,Rep_035,296,230344.4,21064.68,88780.89,120498.83,14883.27,29,Hospital,Q1,January
TXN003531,2023-10-06,North,USA,Nurtec,Neurology,Mercy General,Non-Prescriber,Rep_012,296,38198.0,6875.64,12322.94,18999.42,1368.94,292,Hospital,Q4,October
TXN003532,2024-08-19,North,USA,Ozempic,Diabetes,Metro Health,Non-Prescriber,Rep_009,264,196246.7,35324.41,73303.55,87618.74,12316.33,32,Hospital,Q3,August
TXN003533,2024-04-15,North,USA,Avastin,Oncology,Mercy General,Low Prescriber,Rep_021,260,103718.88,18669.4,43077.28,41972.2,2285.44,242,Hospital,Q2,April
TXN003534,2024-05-13,South,Brazil,Eliquis,Cardiology,Mercy General,High Prescriber,Rep_029,313,27407.71,2225.56,10601.36,14580.79,1534.96,276,Retail Pharmacy,Q2,May
TXN003535,2025-07-05,East,India,Eliquis,Cardiology,Mercy General,High Prescriber,Rep_014,411,290354.58,21816.06,117075.92,151462.6,19822.16,360,Hospital,Q3,July
TXN003536,2023-07-19,East,India,Brilinta,Cardiology,Mercy General,Medium Prescriber,Rep_033,150,67770.4,3216.94,26374.41,38179.05,5320.66,410,Government,Q3,July
TXN003537,2025-08-11,North,USA,Avastin,Oncology,Metro Health,Medium Prescriber,Rep_035,208,154298.23,27773.68,54573.01,71951.54,5413.86,221,Online Pharmacy,Q3,August
TXN003538,2024-02-06,North,USA,Aduhelm,Neurology,Sunrise Clinic,High Prescriber,Rep_040,320,251201.77,45216.32,72422.77,133562.68,16625.34,111,Hospital,Q1,February
TXN003539,2025-09-15,South,Brazil,Shingrix,Vaccines,Cleveland Partners,Low Prescriber,Rep_002,227,116907.55,7213.8,44200.69,65493.06,4329.81,457,Government,Q3,September
TXN003540,2025-06-11,South,Brazil,Avastin,Oncology,Apollo Hospital,High Prescriber,Rep_033,135,84074.78,7930.49,32769.54,43374.75,3408.97,105,Online Pharmacy,Q2,June
TXN003541,2025-09-07,South,Brazil,Eliquis,Cardiology,Mercy General,High Prescriber,Rep_016,333,50426.88,3315.12,18894.52,28217.24,1574.33,64,Online Pharmacy,Q3,September
TXN003542,2023-01-01,North,USA,Herceptin,Oncology,Sunrise Clinic,Low Prescriber,Rep_038,96,70264.35,12647.58,20227.7,37389.07,3463.94,338,Retail Pharmacy,Q1,January
TXN003543,2023-06-06,West,Germany,Entresto,Cardiology,Mercy General,Low Prescriber,Rep_022,332,214788.67,19801.13,89674.88,105312.66,10539.34,87,Hospital,Q2,June
TXN003544,2025-01-22,East,India,Brilinta,Cardiology,St. Luke's,Non-Prescriber,Rep_037,136,26482.55,1698.15,9658.16,15126.24,1041.2,367,Retail Pharmacy,Q1,January
TXN003545,2025-11-18,West,Germany,Opdivo,Oncology,Cleveland Partners,High Prescriber,Rep_025,341,127611.27,9188.97,35079.47,83342.83,7557.25,92,Hospital,Q4,November
TXN003546,2024-12-25,Central,UAE,Avastin,Oncology,Apollo Hospital,Low Prescriber,Rep_012,228,170713.07,9790.21,74307.98,86614.88,10517.38,402,Hospital,Q4,December
TXN003547,2023-08-02,South,Brazil,Comirnaty,Vaccines,Cleveland Partners,Medium Prescriber,Rep_009,162,103231.87,4092.9,36940.31,62198.66,7709.47,451,Retail Pharmacy,Q3,August
TXN003548,2024-09-22,Central,UAE,Jardiance,Diabetes,Metro Health,High Prescriber,Rep_024,105,79038.85,3699.38,21778.17,53561.3,4857.13,303,Online Pharmacy,Q3,September
TXN003549,2024-06-07,North,USA,Prevnar,Vaccines,City Medical Center,Non-Prescriber,Rep_005,116,13262.82,2387.31,5647.93,5227.58,465.47,382,Hospital,Q2,June
TXN003550,2024-10-10,North,USA,Trulicity,Diabetes,Metro Health,Non-Prescriber,Rep_033,227,12942.65,2329.68,4184.2,6428.77,990.91,458,Online Pharmacy,Q4,October
TXN003551,2025-11-25,West,Germany,Avastin,Oncology,Metro Health,Medium Prescriber,Rep_030,234,168722.45,7163.67,52125.22,109433.56,8230.62,172,Online Pharmacy,Q4,November
TXN003552,2025-12-21,Central,UAE,Keytruda,Oncology,City Medical Center,Non-Prescriber,Rep_035,118,20382.43,1379.14,7642.86,11360.43,956.28,141,Online Pharmacy,Q4,December
TXN003553,2024-02-01,North,USA,Aduhelm,Neurology,St. Luke's,Medium Prescriber,Rep_019,166,96984.56,17457.22,36141.91,43385.43,5020.7,156,Government,Q1,February
TXN003554,2023-01-19,East,India,Jardiance,Diabetes,City Medical Center,Low Prescriber,Rep_014,408,317291.96,28252.45,98487.5,190552.01,10316.55,200,Retail Pharmacy,Q1,January
TXN003555,2024-12-29,North,USA,Nurtec,Neurology,Mercy General,Non-Prescriber,Rep_024,161,107646.59,19376.39,30809.14,57461.06,3592.61,140,Hospital,Q4,December
TXN003556,2025-06-22,North,USA,Opdivo,Oncology,Mercy General,High Prescriber,Rep_007,304,180553.16,32499.57,46090.47,101963.12,12097.82,387,Retail Pharmacy,Q2,June
TXN003557,2024-01-28,North,USA,Brilinta,Cardiology,Mercy General,Non-Prescriber,Rep_038,303,106283.54,19131.04,27657.77,59494.73,3737.42,137,Hospital,Q1,January
TXN003558,2025-08-04,South,Brazil,Avastin,Oncology,City Medical Center,High Prescriber,Rep_009,52,23373.72,1331.06,10377.52,11665.14,943.64,383,Online Pharmacy,Q3,August
TXN003559,2023-12-10,West,Germany,Keytruda,Oncology,Apollo Hospital,High Prescriber,Rep_024,265,113692.91,10698.41,31490.6,71503.9,5649.99,209,Retail Pharmacy,Q4,December
TXN003560,2023-11-17,East,India,Keytruda,Oncology,Sunrise Clinic,Low Prescriber,Rep_011,266,47034.27,1660.57,18773.55,26600.15,1911.07,145,Government,Q4,November
TXN003561,2023-08-20,North,USA,Eliquis,Cardiology,Cleveland Partners,Non-Prescriber,Rep_011,331,182655.58,32878.0,64503.35,85274.23,13654.83,422,Government,Q3,August
TXN003562,2023-05-12,West,Germany,Entresto,Cardiology,St. Luke's,Non-Prescriber,Rep_010,365,156174.98,10704.4,60360.05,85110.53,5600.9,51,Government,Q2,May
TXN003563,2024-02-20,Central,UAE,Shingrix,Vaccines,Cleveland Partners,Non-Prescriber,Rep_034,368,22410.15,1280.23,6110.74,15019.18,1508.37,386,Retail Pharmacy,Q1,February
TXN003564,2024-01-04,South,Brazil,Avastin,Oncology,Cleveland Partners,Low Prescriber,Rep_040,187,15881.27,836.63,6479.31,8565.33,681.95,477,Government,Q1,January
TXN003565,2023-03-01,North,USA,Eliquis,Cardiology,Metro Health,High Prescriber,Rep_005,212,55377.89,9968.02,19475.66,25934.21,1608.33,352,Retail Pharmacy,Q1,March
TXN003566,2023-07-29,North,USA,Prevnar,Vaccines,City Medical Center,Low Prescriber,Rep_022,231,33095.06,5957.11,12580.74,14557.21,1297.1,192,Government,Q3,July
TXN003567,2024-02-11,North,USA,Brilinta,Cardiology,St. Luke's,Low Prescriber,Rep_026,78,39048.85,7028.79,11462.49,20557.57,2353.57,141,Retail Pharmacy,Q1,February
TXN003568,2023-01-16,East,India,Keytruda,Oncology,Metro Health,Non-Prescriber,Rep_014,360,97624.32,4320.77,41447.3,51856.25,2389.0,135,Government,Q1,January
TXN003569,2024-07-06,Central,UAE,Prevnar,Vaccines,Metro Health,Medium Prescriber,Rep_030,290,111466.05,6766.2,38256.34,66443.51,4309.5,444,Hospital,Q3,July
TXN003570,2025-02-05,South,Brazil,Comirnaty,Vaccines,Metro Health,High Prescriber,Rep_018,214,80833.71,4056.72,36162.88,40614.11,3631.35,80,Online Pharmacy,Q1,February
TXN003571,2025-12-26,North,USA,Opdivo,Oncology,Mercy General,Medium Prescriber,Rep_008,212,72624.1,13072.34,19395.54,40156.22,2711.84,84,Online Pharmacy,Q4,December
TXN003572,2023-05-01,South,Brazil,Shingrix,Vaccines,St. Luke's,Low Prescriber,Rep_020,163,54212.93,3671.83,15199.81,35341.29,3279.08,491,Online Pharmacy,Q2,May
TXN003573,2024-10-14,South,Brazil,Vyepti,Neurology,Sunrise Clinic,Low Prescriber,Rep_037,237,107236.02,6486.09,42068.16,58681.77,3460.34,177,Government,Q4,October
TXN003574,2024-03-04,North,USA,Keytruda,Oncology,City Medical Center,High Prescriber,Rep_005,89,63497.5,11429.55,26897.84,25170.11,3498.77,498,Online Pharmacy,Q1,March
TXN003575,2025-05-12,West,Germany,Jardiance,Diabetes,Mercy General,High Prescriber,Rep_019,232,124933.15,11494.86,35817.69,77620.6,8044.14,240,Retail Pharmacy,Q2,May
TXN003576,2025-01-25,Central,UAE,Aduhelm,Neurology,Sunrise Clinic,Low Prescriber,Rep_040,313,170220.06,16373.84,48113.99,105732.23,13452.24,242,Online Pharmacy,Q1,January
TXN003577,2024-12-04,South,Brazil,Entresto,Cardiology,Apollo Hospital,High Prescriber,Rep_034,502,254436.88,13844.53,101148.28,139444.07,5435.29,62,Retail Pharmacy,Q4,December
TXN003578,2024-11-04,East,India,Aduhelm,Neurology,Sunrise Clinic,Medium Prescriber,Rep_011,295,222408.74,13551.11,65262.27,143595.36,16356.22,368,Government,Q4,November
TXN003579,2025-07-22,North,USA,Entresto,Cardiology,Cleveland Partners,Medium Prescriber,Rep_014,117,49749.09,8954.84,15209.49,25584.76,1929.56,67,Hospital,Q3,July
TXN003580,2023-01-24,North,USA,Herceptin,Oncology,City Medical Center,Non-Prescriber,Rep_036,133,42591.64,7666.5,10736.88,24188.26,1613.93,419,Online Pharmacy,Q1,January
TXN003581,2025-02-15,South,Brazil,Eliquis,Cardiology,Sunrise Clinic,Low Prescriber,Rep_003,111,16016.04,882.07,5546.0,9587.97,897.24,187,Government,Q1,February
TXN003582,2025-05-13,East,India,Opdivo,Oncology,St. Luke's,Non-Prescriber,Rep_019,310,223519.4,14765.19,92561.0,116193.21,10524.12,496,Online Pharmacy,Q2,May
TXN003583,2023-10-23,North,USA,Comirnaty,Vaccines,Apollo Hospital,Medium Prescriber,Rep_032,332,69263.69,12467.46,21985.39,34810.84,5256.69,488,Government,Q4,October
TXN003584,2023-02-06,North,USA,Eliquis,Cardiology,Sunrise Clinic,Low Prescriber,Rep_015,443,231048.95,41588.81,86824.55,102635.59,5090.66,387,Online Pharmacy,Q1,February
TXN003585,2024-09-25,North,USA,Comirnaty,Vaccines,Cleveland Partners,High Prescriber,Rep_040,175,43568.0,7842.24,12125.03,23600.73,1857.32,282,Retail Pharmacy,Q3,September
TXN003586,2024-10-30,East,India,Opdivo,Oncology,Sunrise Clinic,Medium Prescriber,Rep_036,258,183822.2,8599.1,66150.13,109072.97,4945.86,298,Government,Q4,October
TXN003587,2023-01-16,Central,UAE,Shingrix,Vaccines,Mercy General,High Prescriber,Rep_026,175,84454.5,4713.83,25024.37,54716.3,4793.02,195,Online Pharmacy,Q1,January
TXN003588,2024-06-09,North,USA,Jardiance,Diabetes,Sunrise Clinic,Non-Prescriber,Rep_025,160,54311.07,9775.99,18785.65,25749.43,1834.52,407,Government,Q2,June
TXN003589,2024-08-24,South,Brazil,Herceptin,Oncology,Sunrise Clinic,Medium Prescriber,Rep_006,244,145849.9,14150.81,53109.23,78589.86,6246.52,356,Online Pharmacy,Q3,August
TXN003590,2024-06-04,West,Germany,Avastin,Oncology,Apollo Hospital,Low Prescriber,Rep_009,324,97597.48,7372.89,34110.24,56114.35,6620.91,76,Government,Q2,June
TXN003591,2025-03-27,North,USA,Jardiance,Diabetes,Apollo Hospital,Medium Prescriber,Rep_034,387,183922.34,33106.02,64472.09,86344.23,11771.43,347,Hospital,Q1,March
TXN003592,2024-02-25,South,Brazil,Comirnaty,Vaccines,Apollo Hospital,High Prescriber,Rep_016,121,93968.13,4863.55,36321.4,52783.18,2302.53,115,Retail Pharmacy,Q1,February
TXN003593,2025-09-29,South,Brazil,Eliquis,Cardiology,Mercy General,High Prescriber,Rep_020,328,39260.13,3386.74,14880.13,20993.26,1328.81,390,Retail Pharmacy,Q3,September
TXN003594,2025-10-06,East,India,Ozempic,Diabetes,Metro Health,Low Prescriber,Rep_019,158,52434.83,3144.69,14235.12,35055.02,2302.1,35,Government,Q4,October
TXN003595,2024-07-15,South,Brazil,Opdivo,Oncology,Mercy General,Non-Prescriber,Rep_011,361,38463.81,3121.75,13206.67,22135.39,1967.49,196,Online Pharmacy,Q3,July
TXN003596,2024-01-03,East,India,Eliquis,Cardiology,St. Luke's,Non-Prescriber,Rep_012,130,67241.51,5763.65,29681.95,31795.91,3123.64,175,Hospital,Q1,January
TXN003597,2023-07-12,East,India,Keytruda,Oncology,Cleveland Partners,High Prescriber,Rep_006,211,116719.24,9765.92,48894.76,58058.56,4310.16,61,Government,Q3,July
TXN003598,2025-01-19,North,USA,Entresto,Cardiology,City Medical Center,Non-Prescriber,Rep_026,456,330095.24,59417.14,91439.9,179238.2,21788.28,205,Hospital,Q1,January
TXN003599,2023-07-06,Central,UAE,Trulicity,Diabetes,Metro Health,Low Prescriber,Rep_034,181,120785.88,5068.79,31293.45,84423.64,3839.5,247,Online Pharmacy,Q3,July
TXN003600,2024-12-27,South,Brazil,Entresto,Cardiology,St. Luke's,Low Prescriber,Rep_017,243,191421.04,10247.87,49534.71,131638.46,6879.08,301,Hospital,Q4,December
TXN003601,2023-02-07,West,Germany,Opdivo,Oncology,St. Luke's,Non-Prescriber,Rep_005,255,64178.1,5483.4,20645.04,38049.66,2829.19,179,Hospital,Q1,February
TXN003602,2025-01-16,North,USA,Eliquis,Cardiology,Apollo Hospital,High Prescriber,Rep_009,341,184461.02,33202.98,54303.67,96954.37,4592.04,209,Online Pharmacy,Q1,January
TXN003603,2025-10-31,North,USA,Brilinta,Cardiology,St. Luke's,Low Prescriber,Rep_034,235,19341.58,3481.48,4880.11,10979.99,940.5,437,Government,Q4,October
TXN003604,2024-04-07,North,USA,Aduhelm,Neurology,Sunrise Clinic,Low Prescriber,Rep_037,323,114286.64,20571.6,43361.91,50353.13,6057.82,172,Government,Q2,April
TXN003605,2023-12-26,East,India,Brilinta,Cardiology,St. Luke's,Low Prescriber,Rep_027,116,56252.02,5034.11,23959.87,27258.04,4478.98,89,Online Pharmacy,Q4,December
TXN003606,2025-03-15,East,India,Herceptin,Oncology,City Medical Center,High Prescriber,Rep_037,138,105934.96,9520.06,28035.52,68379.38,2690.68,237,Retail Pharmacy,Q1,March
TXN003607,2023-03-29,Central,UAE,Trulicity,Diabetes,St. Luke's,Medium Prescriber,Rep_008,102,11573.53,922.25,3315.51,7335.77,390.59,219,Hospital,Q1,March
TXN003608,2023-03-04,Central,UAE,Entresto,Cardiology,Apollo Hospital,Medium Prescriber,Rep_034,261,153369.0,9108.69,68021.41,76238.9,7155.91,491,Hospital,Q1,March
TXN003609,2025-04-25,Central,UAE,Entresto,Cardiology,Metro Health,High Prescriber,Rep_024,432,217253.16,16803.6,70854.73,129594.83,14590.28,366,Retail Pharmacy,Q2,April
TXN003610,2025-09-28,South,Brazil,Eliquis,Cardiology,Sunrise Clinic,Non-Prescriber,Rep_039,100,50072.1,3185.7,20435.2,26451.2,3096.18,396,Online Pharmacy,Q3,September
TXN003611,2023-04-27,North,USA,Avastin,Oncology,Apollo Hospital,Non-Prescriber,Rep_021,526,52020.9,9363.76,14037.03,28620.11,2469.52,324,Government,Q2,April
TXN003612,2023-02-19,North,USA,Vyepti,Neurology,Mercy General,High Prescriber,Rep_012,244,23884.08,4299.13,9836.45,9748.5,1039.9,435,Hospital,Q1,February
TXN003613,2024-08-13,North,USA,Aduhelm,Neurology,Cleveland Partners,High Prescriber,Rep_017,180,51797.65,9323.58,18556.6,23917.47,3071.17,376,Online Pharmacy,Q3,August
TXN003614,2025-10-02,West,Germany,Keytruda,Oncology,Mercy General,Low Prescriber,Rep_024,176,122055.09,9022.0,45096.46,67936.63,6722.58,233,Hospital,Q4,October
TXN003615,2024-08-25,East,India,Nurtec,Neurology,City Medical Center,Medium Prescriber,Rep_033,157,35080.49,1873.46,10462.7,22744.33,2379.97,387,Online Pharmacy,Q3,August
TXN003616,2024-03-17,East,India,Herceptin,Oncology,Metro Health,Non-Prescriber,Rep_039,207,37852.64,1530.98,16572.14,19749.52,2342.68,235,Hospital,Q1,March
TXN003617,2024-03-08,South,Brazil,Jardiance,Diabetes,Apollo Hospital,Non-Prescriber,Rep_007,354,70224.0,3284.83,18470.28,48468.89,2332.27,204,Hospital,Q1,March
TXN003618,2023-10-18,North,USA,Keytruda,Oncology,Mercy General,Low Prescriber,Rep_018,206,162158.37,29188.51,69317.24,63652.62,11903.67,107,Government,Q4,October
TXN003619,2025-04-11,North,USA,Brilinta,Cardiology,Apollo Hospital,Medium Prescriber,Rep_005,401,248252.0,44685.36,95489.36,108077.28,12844.79,406,Hospital,Q2,April
TXN003620,2025-05-13,Central,UAE,Aduhelm,Neurology,St. Luke's,High Prescriber,Rep_022,234,154049.61,11520.83,51766.64,90762.14,11157.08,247,Online Pharmacy,Q2,May
TXN003621,2024-01-19,Central,UAE,Entresto,Cardiology,City Medical Center,High Prescriber,Rep_025,214,106395.49,5331.01,46611.75,54452.73,7153.52,380,Online Pharmacy,Q1,January
TXN003622,2025-01-02,East,India,Trulicity,Diabetes,Apollo Hospital,Medium Prescriber,Rep_034,216,110789.56,7443.23,49112.06,54234.27,4361.25,129,Retail Pharmacy,Q1,January
TXN003623,2025-07-04,West,Germany,Brilinta,Cardiology,Sunrise Clinic,Medium Prescriber,Rep_030,175,28084.59,2182.06,7740.96,18161.57,1913.57,463,Hospital,Q3,July
TXN003624,2023-09-27,South,Brazil,Opdivo,Oncology,Metro Health,High Prescriber,Rep_034,140,44546.33,3706.43,12032.36,28807.54,2687.3,450,Retail Pharmacy,Q3,September
TXN003625,2024-07-06,North,USA,Nurtec,Neurology,Apollo Hospital,Medium Prescriber,Rep_040,100,6497.67,1169.58,2345.75,2982.34,275.31,257,Online Pharmacy,Q3,July
TXN003626,2023-02-17,South,Brazil,Opdivo,Oncology,City Medical Center,High Prescriber,Rep_003,189,48415.58,3322.15,17101.44,27991.99,1982.77,343,Retail Pharmacy,Q1,February
TXN003627,2025-04-26,West,Germany,Keytruda,Oncology,Metro Health,Non-Prescriber,Rep_033,310,26639.53,1912.97,8528.66,16197.9,1391.72,394,Hospital,Q2,April
TXN003628,2023-01-13,North,USA,Opdivo,Oncology,Apollo Hospital,Low Prescriber,Rep_020,285,116116.67,20901.0,33875.42,61340.25,6090.0,466,Online Pharmacy,Q1,January
TXN003629,2024-11-21,Central,UAE,Nurtec,Neurology,City Medical Center,Non-Prescriber,Rep_028,285,107973.5,3839.98,33312.61,70820.91,3973.31,375,Government,Q4,November
TXN003630,2025-02-14,North,USA,Comirnaty,Vaccines,Cleveland Partners,Low Prescriber,Rep_017,120,18949.15,3410.85,7772.06,7766.24,1303.69,118,Government,Q1,February
TXN003631,2024-05-29,North,USA,Comirnaty,Vaccines,St. Luke's,Non-Prescriber,Rep_023,263,64710.31,11647.86,28978.63,24083.82,3826.16,80,Online Pharmacy,Q2,May
TXN003632,2024-03-09,Central,UAE,Brilinta,Cardiology,Apollo Hospital,High Prescriber,Rep_017,288,103379.58,9557.35,38687.26,55134.97,4138.06,271,Government,Q1,March
TXN003633,2025-08-12,South,Brazil,Nurtec,Neurology,St. Luke's,Low Prescriber,Rep_019,198,118229.53,7451.96,34256.07,76521.5,6352.79,476,Government,Q3,August
TXN003634,2025-11-16,North,USA,Opdivo,Oncology,St. Luke's,Medium Prescriber,Rep_017,359,126751.95,22815.35,42922.96,61013.64,5686.73,353,Government,Q4,November
TXN003635,2023-03-19,South,Brazil,Prevnar,Vaccines,Metro Health,Non-Prescriber,Rep_007,202,130757.63,11687.47,34569.42,84500.74,4803.86,278,Online Pharmacy,Q1,March
TXN003636,2023-06-16,North,USA,Trulicity,Diabetes,Metro Health,High Prescriber,Rep_039,412,231190.59,41614.31,60097.03,129479.25,17680.31,481,Retail Pharmacy,Q2,June
TXN003637,2024-06-26,North,USA,Trulicity,Diabetes,City Medical Center,Medium Prescriber,Rep_005,444,294786.71,53061.61,78165.93,163559.17,16048.05,363,Hospital,Q2,June
TXN003638,2023-07-06,South,Brazil,Jardiance,Diabetes,Metro Health,Low Prescriber,Rep_019,262,60782.03,3813.89,20626.05,36342.09,3691.67,432,Hospital,Q3,July
TXN003639,2023-10-19,East,India,Vyepti,Neurology,Cleveland Partners,Non-Prescriber,Rep_038,177,94430.42,6179.0,26477.29,61774.13,7170.39,342,Online Pharmacy,Q4,October
TXN003640,2024-10-20,Central,UAE,Herceptin,Oncology,Sunrise Clinic,High Prescriber,Rep_035,195,37948.3,1758.65,13765.93,22423.72,1490.51,425,Online Pharmacy,Q4,October
TXN003641,2023-12-02,West,Germany,Vyepti,Neurology,St. Luke's,Medium Prescriber,Rep_006,165,46928.61,4153.65,12112.99,30661.97,2885.53,422,Hospital,Q4,December
TXN003642,2025-08-20,North,USA,Eliquis,Cardiology,St. Luke's,Non-Prescriber,Rep_003,445,299808.42,53965.52,101352.52,144490.38,19353.64,499,Retail Pharmacy,Q3,August
TXN003643,2023-03-21,Central,UAE,Keytruda,Oncology,Sunrise Clinic,Non-Prescriber,Rep_001,409,249217.04,20980.15,107575.9,120660.99,7217.6,110,Hospital,Q1,March
TXN003644,2024-04-22,North,USA,Aduhelm,Neurology,Apollo Hospital,Non-Prescriber,Rep_012,239,118107.47,21259.34,45005.57,51842.56,7733.32,456,Online Pharmacy,Q2,April
TXN003645,2023-08-02,North,USA,Opdivo,Oncology,St. Luke's,Low Prescriber,Rep_036,238,74378.14,13388.07,23748.56,37241.51,3987.26,258,Government,Q3,August
TXN003646,2025-01-21,North,USA,Avastin,Oncology,St. Luke's,High Prescriber,Rep_001,203,98437.35,17718.72,38292.54,42426.09,3982.25,473,Retail Pharmacy,Q1,January
TXN003647,2023-06-06,East,India,Opdivo,Oncology,Sunrise Clinic,Non-Prescriber,Rep_039,166,127122.47,7072.3,34243.56,85806.61,3707.15,369,Government,Q2,June
TXN003648,2024-05-08,South,Brazil,Brilinta,Cardiology,Metro Health,Medium Prescriber,Rep_016,402,58045.6,3832.05,23516.1,30697.45,3711.27,167,Retail Pharmacy,Q2,May
TXN003649,2024-03-27,North,USA,Ozempic,Diabetes,Apollo Hospital,High Prescriber,Rep_019,135,54028.36,9725.1,17078.59,27224.67,3681.24,33,Online Pharmacy,Q1,March
TXN003650,2024-06-25,South,Brazil,Brilinta,Cardiology,Metro Health,Medium Prescriber,Rep_024,268,102552.9,4749.51,28789.66,69013.73,4147.74,410,Retail Pharmacy,Q2,June
TXN003651,2023-12-31,South,Brazil,Nurtec,Neurology,Cleveland Partners,Non-Prescriber,Rep_019,191,29606.73,2294.11,7834.89,19477.73,1866.39,195,Online Pharmacy,Q4,December
TXN003652,2023-10-18,East,India,Herceptin,Oncology,Mercy General,Low Prescriber,Rep_003,253,174318.69,14250.56,63721.5,96346.63,4828.62,359,Government,Q4,October
TXN003653,2023-12-10,South,Brazil,Opdivo,Oncology,Apollo Hospital,Medium Prescriber,Rep_030,254,169191.33,9596.35,55895.25,103699.73,9724.11,229,Online Pharmacy,Q4,December
TXN003654,2025-05-12,East,India,Entresto,Cardiology,Mercy General,Non-Prescriber,Rep_029,191,126860.06,10574.12,50945.58,65340.36,4453.6,95,Online Pharmacy,Q2,May
TXN003655,2025-05-21,Central,UAE,Ozempic,Diabetes,St. Luke's,Non-Prescriber,Rep_031,315,194432.96,6835.61,79906.27,107691.08,11372.35,6,Online Pharmacy,Q2,May
TXN003656,2023-11-30,North,USA,Opdivo,Oncology,City Medical Center,Low Prescriber,Rep_003,57,5248.62,944.75,1696.37,2607.5,169.77,383,Government,Q4,November
TXN003657,2024-02-29,East,India,Eliquis,Cardiology,City Medical Center,Non-Prescriber,Rep_035,159,20339.81,1837.13,7142.05,11360.63,1054.04,313,Government,Q1,February
TXN003658,2024-05-26,South,Brazil,Keytruda,Oncology,Sunrise Clinic,Low Prescriber,Rep_015,272,213571.32,9992.27,86618.32,116960.73,13877.04,288,Online Pharmacy,Q2,May
TXN003659,2024-11-17,East,India,Brilinta,Cardiology,Apollo Hospital,High Prescriber,Rep_010,145,35417.53,2591.31,12540.09,20286.13,2363.23,308,Online Pharmacy,Q4,November
TXN003660,2023-06-15,South,Brazil,Shingrix,Vaccines,Sunrise Clinic,Medium Prescriber,Rep_007,172,70171.39,2397.72,25810.99,41962.68,1980.67,300,Government,Q2,June
TXN003661,2023-11-04,North,USA,Shingrix,Vaccines,Mercy General,Non-Prescriber,Rep_038,132,43807.29,7885.31,17131.75,18790.23,2157.59,382,Government,Q4,November
TXN003662,2024-01-28,Central,UAE,Nurtec,Neurology,Cleveland Partners,Medium Prescriber,Rep_037,209,122313.01,8787.73,53188.94,60336.34,6192.36,175,Hospital,Q1,January
TXN003663,2024-01-15,North,USA,Entresto,Cardiology,St. Luke's,Medium Prescriber,Rep_015,418,183941.44,33109.46,64766.85,86065.13,12647.83,59,Retail Pharmacy,Q1,January
TXN003664,2025-08-08,Central,UAE,Prevnar,Vaccines,Mercy General,Low Prescriber,Rep_036,250,68614.78,4076.18,24633.17,39905.43,3263.75,60,Online Pharmacy,Q3,August
TXN003665,2024-09-01,West,Germany,Avastin,Oncology,Cleveland Partners,Low Prescriber,Rep_019,233,120796.21,9499.59,39779.71,71516.91,6497.44,294,Hospital,Q3,September
TXN003666,2024-05-05,East,India,Comirnaty,Vaccines,St. Luke's,High Prescriber,Rep_032,143,61576.74,5740.59,27019.07,28817.08,2636.25,376,Online Pharmacy,Q2,May
TXN003667,2023-12-12,Central,UAE,Shingrix,Vaccines,Cleveland Partners,Medium Prescriber,Rep_028,141,23136.62,1805.57,7169.62,14161.43,639.99,462,Online Pharmacy,Q4,December
TXN003668,2023-09-07,North,USA,Brilinta,Cardiology,Metro Health,Medium Prescriber,Rep_003,169,79752.88,14355.52,34712.73,30684.63,3263.44,133,Online Pharmacy,Q3,September
TXN003669,2024-05-02,East,India,Avastin,Oncology,Sunrise Clinic,Non-Prescriber,Rep_012,74,37070.49,3008.56,10388.69,23673.24,1370.67,336,Retail Pharmacy,Q2,May
TXN003670,2024-08-17,North,USA,Jardiance,Diabetes,Mercy General,High Prescriber,Rep_021,193,131490.24,23668.24,42450.16,65371.84,5882.02,193,Retail Pharmacy,Q3,August
TXN003671,2024-11-19,East,India,Brilinta,Cardiology,Cleveland Partners,Low Prescriber,Rep_029,244,182630.67,15380.9,48893.3,118356.47,6179.96,274,Government,Q4,November
TXN003672,2023-11-28,North,USA,Herceptin,Oncology,Mercy General,Non-Prescriber,Rep_017,250,16201.77,2916.32,7077.67,6207.78,783.87,185,Hospital,Q4,November
TXN003673,2024-12-16,North,USA,Eliquis,Cardiology,Sunrise Clinic,Low Prescriber,Rep_011,186,64325.14,11578.53,23431.25,29315.36,5112.11,291,Hospital,Q4,December
TXN003674,2025-07-18,North,USA,Ozempic,Diabetes,Cleveland Partners,Medium Prescriber,Rep_020,410,209072.91,37633.12,89576.47,81863.32,6821.1,35,Retail Pharmacy,Q3,July
TXN003675,2024-03-21,Central,UAE,Avastin,Oncology,Metro Health,High Prescriber,Rep_034,236,109658.54,4926.16,42099.36,62633.02,2496.58,141,Online Pharmacy,Q1,March
TXN003676,2023-01-03,North,USA,Nurtec,Neurology,Cleveland Partners,High Prescriber,Rep_031,248,36183.56,6513.04,15527.47,14143.05,1625.47,87,Hospital,Q1,January
TXN003677,2025-07-22,North,USA,Nurtec,Neurology,St. Luke's,High Prescriber,Rep_028,180,62927.98,11327.04,16373.21,35227.73,4091.87,272,Online Pharmacy,Q3,July
TXN003678,2023-07-12,West,Germany,Keytruda,Oncology,Apollo Hospital,Medium Prescriber,Rep_038,250,22632.25,1530.53,6788.77,14312.95,661.74,279,Retail Pharmacy,Q3,July
TXN003679,2025-10-07,North,USA,Vyepti,Neurology,St. Luke's,Non-Prescriber,Rep_015,199,24185.27,4353.35,7407.42,12424.5,618.54,439,Retail Pharmacy,Q4,October
TXN003680,2024-05-28,North,USA,Keytruda,Oncology,St. Luke's,Low Prescriber,Rep_038,205,113316.87,20397.04,42395.32,50524.51,5947.85,128,Hospital,Q2,May
TXN003681,2025-07-02,Central,UAE,Brilinta,Cardiology,Mercy General,Low Prescriber,Rep_027,167,123295.08,7468.45,36759.78,79066.85,7257.18,479,Online Pharmacy,Q3,July
TXN003682,2024-10-08,Central,UAE,Jardiance,Diabetes,Apollo Hospital,High Prescriber,Rep_025,386,208828.73,16987.67,59418.19,132422.87,4584.1,254,Retail Pharmacy,Q4,October
TXN003683,2023-04-06,North,USA,Keytruda,Oncology,Cleveland Partners,Non-Prescriber,Rep_013,448,255347.66,45962.58,71988.06,137397.02,8394.72,456,Government,Q2,April
TXN003684,2023-04-15,South,Brazil,Opdivo,Oncology,Mercy General,Low Prescriber,Rep_020,241,54570.23,2658.01,21824.51,30087.71,4004.39,348,Online Pharmacy,Q2,April
TXN003685,2024-04-23,Central,UAE,Opdivo,Oncology,Cleveland Partners,High Prescriber,Rep_037,108,72057.73,3965.11,20491.49,47601.13,3569.36,260,Government,Q2,April
TXN003686,2025-01-18,North,USA,Entresto,Cardiology,St. Luke's,Low Prescriber,Rep_018,193,14012.84,2522.31,3930.57,7559.96,893.84,415,Hospital,Q1,January
TXN003687,2025-02-28,North,USA,Opdivo,Oncology,Cleveland Partners,Medium Prescriber,Rep_031,393,241138.02,43404.84,87950.69,109782.49,18421.81,409,Online Pharmacy,Q1,February
TXN003688,2023-07-06,East,India,Eliquis,Cardiology,City Medical Center,Non-Prescriber,Rep_013,201,31722.62,2617.22,9176.42,19928.98,851.74,211,Online Pharmacy,Q3,July
TXN003689,2025-08-29,North,USA,Eliquis,Cardiology,St. Luke's,High Prescriber,Rep_024,284,27548.1,4958.66,7089.91,15499.53,1475.35,314,Hospital,Q3,August
TXN003690,2023-10-06,South,Brazil,Vyepti,Neurology,Metro Health,Medium Prescriber,Rep_005,99,43933.1,3386.68,14931.12,25615.3,1573.28,150,Government,Q4,October
TXN003691,2025-04-26,East,India,Brilinta,Cardiology,Sunrise Clinic,High Prescriber,Rep_020,349,77161.46,7485.54,20916.87,48759.05,3852.71,78,Retail Pharmacy,Q2,April
TXN003692,2023-06-23,North,USA,Eliquis,Cardiology,Mercy General,Medium Prescriber,Rep_031,143,58812.17,10586.19,25749.44,22476.54,2247.29,58,Retail Pharmacy,Q2,June
TXN003693,2024-08-24,West,Germany,Aduhelm,Neurology,Sunrise Clinic,Low Prescriber,Rep_006,187,24237.14,1940.47,6364.42,15932.25,532.43,451,Government,Q3,August
TXN003694,2025-10-07,North,USA,Keytruda,Oncology,Mercy General,Non-Prescriber,Rep_005,199,58726.21,10570.72,18656.33,29499.16,3390.77,475,Hospital,Q4,October
TXN003695,2024-06-16,East,India,Keytruda,Oncology,Sunrise Clinic,Non-Prescriber,Rep_015,273,215025.91,17022.88,81418.55,116584.48,15612.83,299,Online Pharmacy,Q2,June
TXN003696,2024-04-25,South,Brazil,Entresto,Cardiology,Mercy General,Medium Prescriber,Rep_014,366,267412.59,12060.6,119446.7,135905.29,18441.72,477,Hospital,Q2,April
TXN003697,2024-07-03,North,USA,Herceptin,Oncology,Metro Health,Low Prescriber,Rep_010,220,168504.6,30330.83,67055.78,71117.99,12539.9,467,Online Pharmacy,Q3,July
TXN003698,2024-11-30,Central,UAE,Keytruda,Oncology,St. Luke's,High Prescriber,Rep_017,255,46247.63,3359.1,15032.08,27856.45,1602.82,55,Retail Pharmacy,Q4,November
TXN003699,2025-12-20,Central,UAE,Aduhelm,Neurology,City Medical Center,Non-Prescriber,Rep_028,247,118581.18,5482.16,34225.11,78873.91,3038.69,205,Retail Pharmacy,Q4,December
TXN003700,2025-09-11,North,USA,Entresto,Cardiology,City Medical Center,High Prescriber,Rep_024,422,216602.39,38988.43,84310.77,93303.19,10193.09,204,Hospital,Q3,September
TXN003701,2023-10-25,North,USA,Shingrix,Vaccines,Metro Health,Medium Prescriber,Rep_002,351,239673.36,43141.2,72105.5,124426.66,9829.1,317,Online Pharmacy,Q4,October
TXN003702,2024-09-09,Central,UAE,Trulicity,Diabetes,City Medical Center,Low Prescriber,Rep_005,119,94100.29,6088.17,27206.83,60805.29,4484.23,434,Government,Q3,September
TXN003703,2023-04-14,East,India,Brilinta,Cardiology,Sunrise Clinic,High Prescriber,Rep_026,181,55901.41,3047.87,16008.09,36845.45,2804.2,310,Online Pharmacy,Q2,April
TXN003704,2025-02-18,East,India,Aduhelm,Neurology,Cleveland Partners,Medium Prescriber,Rep_033,349,221728.46,13109.77,70447.31,138171.38,5414.38,498,Online Pharmacy,Q1,February
TXN003705,2025-08-12,South,Brazil,Brilinta,Cardiology,Mercy General,High Prescriber,Rep_026,136,50131.66,3619.99,18730.06,27781.61,3284.98,341,Hospital,Q3,August
TXN003706,2023-09-05,East,India,Keytruda,Oncology,City Medical Center,Non-Prescriber,Rep_025,154,118852.16,9626.42,31064.72,78161.02,2544.92,265,Hospital,Q3,September
TXN003707,2023-07-06,Central,UAE,Herceptin,Oncology,St. Luke's,Medium Prescriber,Rep_017,54,9423.02,572.4,3918.23,4932.39,257.04,97,Government,Q3,July
TXN003708,2024-01-15,South,Brazil,Entresto,Cardiology,Mercy General,Medium Prescriber,Rep_001,159,59604.16,2450.91,18576.06,38577.19,1593.24,242,Online Pharmacy,Q1,January
TXN003709,2024-03-25,West,Germany,Jardiance,Diabetes,Cleveland Partners,High Prescriber,Rep_028,293,139696.02,8376.96,43407.44,87911.62,9390.09,379,Retail Pharmacy,Q1,March
TXN003710,2023-10-12,North,USA,Entresto,Cardiology,Cleveland Partners,Non-Prescriber,Rep_003,145,112752.69,20295.48,28536.3,63920.91,9009.03,361,Hospital,Q4,October
TXN003711,2025-09-03,West,Germany,Ozempic,Diabetes,Metro Health,High Prescriber,Rep_016,353,133818.59,7320.67,57399.8,69098.12,8160.71,18,Retail Pharmacy,Q3,September
TXN003712,2025-10-21,South,Brazil,Herceptin,Oncology,Apollo Hospital,High Prescriber,Rep_004,116,55585.96,2735.45,15765.89,37084.62,4065.0,458,Government,Q4,October
TXN003713,2023-11-06,East,India,Keytruda,Oncology,City Medical Center,Low Prescriber,Rep_018,136,98163.34,9026.95,36619.56,52516.83,2327.97,411,Hospital,Q4,November
TXN003714,2023-04-24,West,Germany,Aduhelm,Neurology,City Medical Center,Non-Prescriber,Rep_039,129,19692.34,1968.58,8358.77,9364.99,915.65,120,Hospital,Q2,April
TXN003715,2025-10-30,East,India,Ozempic,Diabetes,Metro Health,Medium Prescriber,Rep_031,103,59079.71,4207.79,23015.44,31856.48,3356.62,23,Government,Q4,October
TXN003716,2023-07-26,Central,UAE,Ozempic,Diabetes,St. Luke's,Medium Prescriber,Rep_012,251,166381.89,14880.09,48349.57,103152.23,3937.79,34,Retail Pharmacy,Q3,July
TXN003717,2024-08-28,East,India,Jardiance,Diabetes,Apollo Hospital,Medium Prescriber,Rep_006,112,44244.37,2383.82,17652.07,24208.48,1513.69,381,Retail Pharmacy,Q3,August
TXN003718,2024-08-22,East,India,Aduhelm,Neurology,Cleveland Partners,Non-Prescriber,Rep_039,134,31434.63,2210.84,8334.87,20888.92,1606.16,89,Government,Q3,August
TXN003719,2023-08-12,South,Brazil,Avastin,Oncology,St. Luke's,Non-Prescriber,Rep_029,113,59914.91,5845.64,17541.55,36527.72,3550.25,457,Government,Q3,August
TXN003720,2025-12-13,East,India,Herceptin,Oncology,Sunrise Clinic,Non-Prescriber,Rep_014,377,82361.79,3507.22,32731.62,46122.95,6367.06,223,Online Pharmacy,Q4,December
TXN003721,2024-05-21,East,India,Vyepti,Neurology,St. Luke's,Medium Prescriber,Rep_006,188,139925.64,13081.3,59380.86,67463.48,4666.75,378,Online Pharmacy,Q2,May
TXN003722,2024-01-21,North,USA,Avastin,Oncology,City Medical Center,High Prescriber,Rep_009,138,46348.98,8342.82,17582.78,20423.38,1763.34,372,Hospital,Q1,January
TXN003723,2025-03-11,North,USA,Aduhelm,Neurology,Cleveland Partners,High Prescriber,Rep_001,345,254554.16,45819.75,70528.8,138205.61,10805.76,253,Retail Pharmacy,Q1,March
TXN003724,2023-06-23,East,India,Eliquis,Cardiology,Sunrise Clinic,High Prescriber,Rep_006,274,204125.1,9314.57,79510.51,115300.02,13607.67,422,Hospital,Q2,June
TXN003725,2025-11-17,North,USA,Jardiance,Diabetes,Cleveland Partners,Medium Prescriber,Rep_028,143,114244.02,20563.92,48866.02,44814.08,7063.52,192,Retail Pharmacy,Q4,November
TXN003726,2025-10-30,South,Brazil,Keytruda,Oncology,Mercy General,Non-Prescriber,Rep_027,292,191891.73,17256.0,54673.78,119961.95,11322.59,480,Government,Q4,October
TXN003727,2024-08-18,Central,UAE,Nurtec,Neurology,Metro Health,High Prescriber,Rep_017,231,92028.47,9201.62,38672.77,44154.08,5083.04,362,Hospital,Q3,August
TXN003728,2023-10-28,Central,UAE,Jardiance,Diabetes,Sunrise Clinic,High Prescriber,Rep_033,136,86809.64,7606.47,32619.64,46583.53,5455.87,128,Retail Pharmacy,Q4,October
TXN003729,2025-08-02,West,Germany,Avastin,Oncology,City Medical Center,Low Prescriber,Rep_023,198,81168.69,3243.75,27824.43,50100.51,1667.46,157,Retail Pharmacy,Q3,August
TXN003730,2023-04-07,East,India,Keytruda,Oncology,Sunrise Clinic,Low Prescriber,Rep_027,162,86491.11,2862.81,22985.17,60643.13,3425.97,237,Hospital,Q2,April
TXN003731,2024-05-19,North,USA,Comirnaty,Vaccines,City Medical Center,Non-Prescriber,Rep_025,280,222174.28,39991.37,57141.33,125041.58,6050.41,158,Online Pharmacy,Q2,May
TXN003732,2025-12-03,North,USA,Avastin,Oncology,Cleveland Partners,Medium Prescriber,Rep_034,233,172687.89,31083.82,56636.19,84967.88,11369.85,135,Retail Pharmacy,Q4,December
TXN003733,2025-03-28,North,USA,Aduhelm,Neurology,Mercy General,High Prescriber,Rep_016,321,122254.68,22005.84,33664.26,66584.58,7459.63,230,Government,Q1,March
TXN003734,2024-07-24,East,India,Herceptin,Oncology,St. Luke's,High Prescriber,Rep_026,134,82605.87,6693.3,31020.44,44892.13,1933.07,456,Online Pharmacy,Q3,July
TXN003735,2023-06-22,South,Brazil,Jardiance,Diabetes,City Medical Center,High Prescriber,Rep_025,129,25159.77,2026.66,7767.68,15365.43,923.81,415,Retail Pharmacy,Q2,June
TXN003736,2024-12-25,North,USA,Opdivo,Oncology,Metro Health,Low Prescriber,Rep_017,342,195882.85,35258.91,59578.09,101045.85,7278.09,306,Online Pharmacy,Q4,December
TXN003737,2025-05-11,North,USA,Shingrix,Vaccines,City Medical Center,Non-Prescriber,Rep_019,276,53839.51,9691.11,20943.15,23205.25,4193.67,132,Online Pharmacy,Q2,May
TXN003738,2023-06-29,South,Brazil,Ozempic,Diabetes,City Medical Center,High Prescriber,Rep_033,328,63008.28,6136.93,19214.77,37656.58,4196.91,10,Hospital,Q2,June
TXN003739,2025-07-18,East,India,Vyepti,Neurology,Metro Health,Medium Prescriber,Rep_036,149,81239.07,2476.55,34200.25,44562.27,1719.34,449,Retail Pharmacy,Q3,July
TXN003740,2025-10-01,West,Germany,Avastin,Oncology,Apollo Hospital,Low Prescriber,Rep_013,288,127315.09,4839.59,49248.88,73226.62,8392.17,448,Retail Pharmacy,Q4,October
TXN003741,2023-05-11,North,USA,Herceptin,Oncology,Cleveland Partners,Low Prescriber,Rep_029,205,46058.38,8290.51,17192.53,20575.34,1128.01,279,Government,Q2,May
TXN003742,2025-11-04,South,Brazil,Opdivo,Oncology,City Medical Center,Medium Prescriber,Rep_021,106,53155.69,5216.14,15987.36,31952.19,1147.1,381,Hospital,Q4,November
TXN003743,2023-07-18,West,Germany,Herceptin,Oncology,Mercy General,High Prescriber,Rep_011,140,94644.52,6105.7,28320.06,60218.76,7288.76,106,Retail Pharmacy,Q3,July
TXN003744,2023-09-29,North,USA,Jardiance,Diabetes,Mercy General,High Prescriber,Rep_025,76,47276.04,8509.69,14064.8,24701.55,2415.89,283,Government,Q3,September
TXN003745,2023-11-02,South,Brazil,Vyepti,Neurology,Sunrise Clinic,Non-Prescriber,Rep_022,135,26350.34,1409.96,11710.73,13229.65,1360.35,365,Government,Q4,November
TXN003746,2023-03-28,South,Brazil,Brilinta,Cardiology,Metro Health,Non-Prescriber,Rep_018,122,37292.03,3214.78,12985.65,21091.6,1771.11,120,Retail Pharmacy,Q1,March
TXN003747,2023-06-22,South,Brazil,Comirnaty,Vaccines,Mercy General,Medium Prescriber,Rep_032,147,26905.43,2204.33,11668.08,13033.02,872.6,458,Retail Pharmacy,Q2,June
TXN003748,2023-06-12,West,Germany,Keytruda,Oncology,St. Luke's,Medium Prescriber,Rep_035,163,124333.47,4204.61,32623.5,87505.36,9427.5,405,Retail Pharmacy,Q2,June
TXN003749,2023-03-13,West,Germany,Aduhelm,Neurology,Sunrise Clinic,Medium Prescriber,Rep_011,317,73226.33,6243.44,32322.08,34660.81,2636.07,432,Hospital,Q1,March
TXN003750,2025-06-23,West,Germany,Trulicity,Diabetes,Metro Health,Medium Prescriber,Rep_027,268,23381.96,1385.06,6171.83,15825.07,879.87,477,Retail Pharmacy,Q2,June
TXN003751,2025-02-15,North,USA,Eliquis,Cardiology,Metro Health,Medium Prescriber,Rep_004,165,43474.05,7825.33,12604.31,23044.41,1044.56,202,Hospital,Q1,February
TXN003752,2024-02-17,Central,UAE,Prevnar,Vaccines,Cleveland Partners,Medium Prescriber,Rep_006,341,43751.63,4083.97,16073.16,23594.5,2476.67,453,Online Pharmacy,Q1,February
TXN003753,2024-09-04,West,Germany,Trulicity,Diabetes,Cleveland Partners,High Prescriber,Rep_032,115,47216.81,2191.38,13392.62,31632.81,3312.09,373,Retail Pharmacy,Q3,September
TXN003754,2023-10-15,Central,UAE,Trulicity,Diabetes,Metro Health,High Prescriber,Rep_037,179,18300.51,1748.75,5181.33,11370.43,1402.7,420,Hospital,Q4,October
TXN003755,2024-11-19,South,Brazil,Entresto,Cardiology,Apollo Hospital,High Prescriber,Rep_033,187,132294.19,10755.11,36672.28,84866.8,10197.72,91,Online Pharmacy,Q4,November
TXN003756,2025-09-11,West,Germany,Keytruda,Oncology,St. Luke's,High Prescriber,Rep_037,260,74594.36,4798.03,30715.68,39080.65,3177.16,130,Government,Q3,September
TXN003757,2023-10-25,North,USA,Ozempic,Diabetes,Apollo Hospital,Non-Prescriber,Rep_034,96,24997.6,4499.57,8656.37,11841.66,640.01,5,Online Pharmacy,Q4,October
TXN003758,2024-12-14,South,Brazil,Herceptin,Oncology,Sunrise Clinic,High Prescriber,Rep_040,178,21030.55,1870.51,7300.16,11859.88,1365.64,419,Retail Pharmacy,Q4,December
TXN003759,2023-03-25,East,India,Jardiance,Diabetes,Metro Health,Low Prescriber,Rep_014,277,44150.95,3929.16,12631.32,27590.47,3000.36,122,Retail Pharmacy,Q1,March
TXN003760,2023-09-22,South,Brazil,Brilinta,Cardiology,Mercy General,Low Prescriber,Rep_039,92,67979.4,4483.96,30222.45,33272.99,2137.7,431,Hospital,Q3,September
TXN003761,2024-09-08,West,Germany,Prevnar,Vaccines,Apollo Hospital,Medium Prescriber,Rep_021,70,47059.53,1493.21,18634.41,26931.91,2090.57,52,Online Pharmacy,Q3,September
TXN003762,2023-06-24,Central,UAE,Aduhelm,Neurology,Sunrise Clinic,Medium Prescriber,Rep_015,95,32616.18,1060.14,13122.7,18433.34,970.87,317,Online Pharmacy,Q2,June
TXN003763,2025-07-12,East,India,Trulicity,Diabetes,St. Luke's,Low Prescriber,Rep_035,179,121397.64,6760.05,35041.71,79595.88,8998.49,337,Hospital,Q3,July
TXN003764,2025-04-04,North,USA,Ozempic,Diabetes,Mercy General,Medium Prescriber,Rep_033,251,144632.4,26033.83,57505.85,61092.72,11213.42,39,Online Pharmacy,Q2,April
TXN003765,2025-02-08,North,USA,Keytruda,Oncology,Metro Health,Non-Prescriber,Rep_021,219,155844.18,28051.95,58202.4,69589.83,4919.74,445,Online Pharmacy,Q1,February
TXN003766,2024-02-07,West,Germany,Brilinta,Cardiology,Mercy General,Non-Prescriber,Rep_029,140,44659.87,2510.87,16104.42,26044.58,1823.09,252,Online Pharmacy,Q1,February
TXN003767,2023-10-21,Central,UAE,Opdivo,Oncology,St. Luke's,High Prescriber,Rep_022,110,60382.3,5095.3,20495.77,34791.23,1409.97,334,Online Pharmacy,Q4,October
TXN003768,2024-09-06,Central,UAE,Eliquis,Cardiology,Sunrise Clinic,High Prescriber,Rep_004,186,143462.95,12247.65,45089.82,86125.48,10621.14,351,Government,Q3,September
TXN003769,2024-04-08,South,Brazil,Trulicity,Diabetes,Cleveland Partners,Non-Prescriber,Rep_035,229,38538.99,2382.47,17279.11,18877.41,2804.57,189,Online Pharmacy,Q2,April
TXN003770,2024-02-12,North,USA,Comirnaty,Vaccines,Apollo Hospital,Low Prescriber,Rep_035,243,20827.34,3748.92,7997.14,9081.28,837.83,382,Hospital,Q1,February
TXN003771,2025-12-08,South,Brazil,Herceptin,Oncology,Metro Health,Non-Prescriber,Rep_014,286,186640.93,8806.22,75176.32,102658.39,3904.87,75,Online Pharmacy,Q4,December
TXN003772,2023-07-04,Central,UAE,Nurtec,Neurology,Apollo Hospital,Medium Prescriber,Rep_003,179,21782.16,1761.36,6563.05,13457.75,943.12,366,Retail Pharmacy,Q3,July
TXN003773,2025-01-13,Central,UAE,Brilinta,Cardiology,Mercy General,High Prescriber,Rep_016,76,54526.77,4322.39,18618.6,31585.78,1729.65,487,Government,Q1,January
TXN003774,2025-02-03,North,USA,Comirnaty,Vaccines,St. Luke's,Medium Prescriber,Rep_004,241,180000.3,32400.05,66783.35,80816.9,7750.21,493,Hospital,Q1,February
TXN003775,2025-02-08,West,Germany,Avastin,Oncology,Cleveland Partners,Low Prescriber,Rep_023,445,312914.04,9836.89,129435.52,173641.63,22277.03,318,Government,Q1,February
TXN003776,2023-11-01,North,USA,Entresto,Cardiology,Mercy General,Non-Prescriber,Rep_035,102,65200.47,11736.08,26285.35,27179.04,3569.13,149,Online Pharmacy,Q4,November
TXN003777,2023-05-27,North,USA,Keytruda,Oncology,Sunrise Clinic,Medium Prescriber,Rep_034,202,130578.74,23504.17,52247.63,54826.94,4763.84,338,Hospital,Q2,May
TXN003778,2023-09-09,South,Brazil,Brilinta,Cardiology,St. Luke's,High Prescriber,Rep_013,141,57425.64,2274.95,22140.42,33010.27,4083.83,341,Retail Pharmacy,Q3,September
TXN003779,2023-05-12,Central,UAE,Vyepti,Neurology,Apollo Hospital,Medium Prescriber,Rep_018,308,223684.79,8785.44,84196.05,130703.3,14282.43,364,Hospital,Q2,May
TXN003780,2025-04-26,East,India,Avastin,Oncology,City Medical Center,Medium Prescriber,Rep_031,107,48790.85,4798.34,18329.08,25663.43,1428.8,429,Retail Pharmacy,Q2,April
TXN003781,2023-01-16,North,USA,Ozempic,Diabetes,Cleveland Partners,Medium Prescriber,Rep_016,200,72803.56,13104.64,19152.05,40546.87,1703.54,20,Hospital,Q1,January
TXN003782,2023-05-31,North,USA,Avastin,Oncology,Apollo Hospital,Medium Prescriber,Rep_027,82,33049.69,5948.94,11469.78,15630.97,1308.47,145,Government,Q2,May
TXN003783,2023-02-07,North,USA,Aduhelm,Neurology,City Medical Center,Low Prescriber,Rep_020,142,7440.72,1339.33,2584.56,3516.83,235.84,94,Hospital,Q1,February
TXN003784,2023-08-14,Central,UAE,Comirnaty,Vaccines,St. Luke's,Low Prescriber,Rep_017,65,18539.06,1168.1,5317.24,12053.72,1132.95,205,Government,Q3,August
TXN003785,2023-05-11,South,Brazil,Brilinta,Cardiology,Cleveland Partners,Non-Prescriber,Rep_008,191,103046.26,6158.97,36071.91,60815.38,5419.37,280,Online Pharmacy,Q2,May
TXN003786,2023-03-21,North,USA,Brilinta,Cardiology,Metro Health,Non-Prescriber,Rep_008,175,36018.09,6483.26,9271.04,20263.79,1641.81,244,Online Pharmacy,Q1,March
TXN003787,2024-05-02,East,India,Vyepti,Neurology,City Medical Center,Medium Prescriber,Rep_007,153,32483.36,1391.57,11942.32,19149.47,1194.27,203,Online Pharmacy,Q2,May
TXN003788,2023-12-03,South,Brazil,Opdivo,Oncology,Metro Health,Medium Prescriber,Rep_022,366,27765.22,2752.61,10608.35,14404.26,1850.06,79,Government,Q4,December
TXN003789,2025-08-04,East,India,Keytruda,Oncology,Apollo Hospital,Low Prescriber,Rep_034,268,78606.51,6051.77,19653.27,52901.47,5186.1,454,Retail Pharmacy,Q3,August
TXN003790,2024-04-03,Central,UAE,Avastin,Oncology,Sunrise Clinic,Non-Prescriber,Rep_021,181,144083.81,10714.96,36782.83,96586.02,5036.57,117,Online Pharmacy,Q2,April
TXN003791,2025-06-27,South,Brazil,Aduhelm,Neurology,Sunrise Clinic,Low Prescriber,Rep_006,205,122869.71,5115.26,37164.24,80590.21,3598.25,395,Online Pharmacy,Q2,June
TXN003792,2024-12-06,West,Germany,Brilinta,Cardiology,City Medical Center,Non-Prescriber,Rep_026,378,53536.32,4017.26,23730.95,25788.11,3919.38,360,Retail Pharmacy,Q4,December
TXN003793,2024-12-17,South,Brazil,Avastin,Oncology,Apollo Hospital,Non-Prescriber,Rep_035,223,107520.68,5383.72,44978.99,57157.97,4577.78,462,Government,Q4,December
TXN003794,2024-03-28,East,India,Herceptin,Oncology,Apollo Hospital,High Prescriber,Rep_013,137,61285.14,2595.84,18533.5,40155.8,4043.93,343,Online Pharmacy,Q1,March
TXN003795,2024-04-07,Central,UAE,Shingrix,Vaccines,City Medical Center,Medium Prescriber,Rep_028,388,268845.58,17586.56,90047.84,161211.18,9878.51,106,Retail Pharmacy,Q2,April
TXN003796,2023-08-07,South,Brazil,Brilinta,Cardiology,Apollo Hospital,Medium Prescriber,Rep_004,143,80736.3,6304.49,35073.91,39357.9,3512.92,51,Government,Q3,August
TXN003797,2023-09-13,South,Brazil,Entresto,Cardiology,Cleveland Partners,Low Prescriber,Rep_010,204,78534.52,7189.73,32033.71,39311.08,4258.17,413,Retail Pharmacy,Q3,September
TXN003798,2024-10-26,North,USA,Jardiance,Diabetes,Cleveland Partners,High Prescriber,Rep_033,122,93984.92,16917.29,27858.37,49209.26,4633.64,491,Retail Pharmacy,Q4,October
TXN003799,2023-03-04,South,Brazil,Opdivo,Oncology,Sunrise Clinic,Non-Prescriber,Rep_015,195,14190.54,621.65,5166.11,8402.78,517.17,474,Retail Pharmacy,Q1,March
TXN003800,2023-04-25,East,India,Eliquis,Cardiology,St. Luke's,Low Prescriber,Rep_009,338,230563.97,7189.27,67025.33,156349.37,11818.14,298,Hospital,Q2,April
TXN003801,2024-10-05,North,USA,Opdivo,Oncology,Cleveland Partners,Non-Prescriber,Rep_023,335,93796.66,16883.4,41511.97,35401.29,6862.75,175,Government,Q4,October
TXN003802,2023-11-28,South,Brazil,Entresto,Cardiology,St. Luke's,High Prescriber,Rep_027,227,96212.46,4842.25,34904.42,56465.79,7571.12,352,Retail Pharmacy,Q4,November
TXN003803,2023-11-13,North,USA,Ozempic,Diabetes,Apollo Hospital,High Prescriber,Rep_032,230,55242.63,9943.67,22731.2,22567.76,3127.9,7,Hospital,Q4,November
TXN003804,2025-12-19,South,Brazil,Entresto,Cardiology,City Medical Center,Non-Prescriber,Rep_037,337,194422.33,6279.23,50194.13,137948.97,14344.56,387,Online Pharmacy,Q4,December
TXN003805,2024-04-03,South,Brazil,Brilinta,Cardiology,Metro Health,Non-Prescriber,Rep_018,248,92018.4,7146.44,26237.2,58634.76,7050.02,97,Hospital,Q2,April
TXN003806,2023-11-24,North,USA,Shingrix,Vaccines,Mercy General,Low Prescriber,Rep_029,333,122736.37,22092.55,50390.8,50253.02,2674.31,300,Government,Q4,November
TXN003807,2024-03-20,East,India,Herceptin,Oncology,City Medical Center,Non-Prescriber,Rep_034,236,96089.2,5580.75,34231.68,56276.77,6477.48,150,Government,Q1,March
TXN003808,2024-04-24,Central,UAE,Opdivo,Oncology,Apollo Hospital,Non-Prescriber,Rep_016,345,80950.94,2817.41,28582.02,49551.51,3286.85,111,Online Pharmacy,Q2,April
TXN003809,2025-01-20,North,USA,Jardiance,Diabetes,Metro Health,High Prescriber,Rep_040,390,221734.48,39912.21,76542.54,105279.73,14360.56,124,Hospital,Q1,January
TXN003810,2024-11-13,East,India,Opdivo,Oncology,City Medical Center,Non-Prescriber,Rep_027,186,101488.74,9783.02,37691.37,54014.35,3504.33,423,Hospital,Q4,November
TXN003811,2023-08-13,South,Brazil,Opdivo,Oncology,Metro Health,Medium Prescriber,Rep_010,47,12283.08,431.1,3815.11,8036.87,720.87,223,Hospital,Q3,August
TXN003812,2025-06-15,Central,UAE,Keytruda,Oncology,Mercy General,High Prescriber,Rep_005,247,178151.25,7176.08,73235.18,97739.99,13437.71,248,Retail Pharmacy,Q2,June
TXN003813,2025-07-22,West,Germany,Nurtec,Neurology,St. Luke's,Medium Prescriber,Rep_019,183,47903.45,4548.6,16786.41,26568.44,2458.87,84,Online Pharmacy,Q3,July
TXN003814,2024-10-11,South,Brazil,Prevnar,Vaccines,Cleveland Partners,Medium Prescriber,Rep_023,239,58579.09,3478.74,19544.24,35556.11,4448.14,54,Online Pharmacy,Q4,October
TXN003815,2024-02-01,Central,UAE,Opdivo,Oncology,Mercy General,High Prescriber,Rep_020,219,91335.7,4570.56,31813.16,54951.98,3885.95,459,Hospital,Q1,February
TXN003816,2023-09-24,East,India,Brilinta,Cardiology,Metro Health,Medium Prescriber,Rep_032,273,83443.95,7490.34,29201.62,46751.99,5876.64,163,Hospital,Q3,September
TXN003817,2024-01-25,East,India,Ozempic,Diabetes,St. Luke's,Medium Prescriber,Rep_004,469,183105.63,14840.87,68993.1,99271.66,10564.07,12,Retail Pharmacy,Q1,January
TXN003818,2024-09-26,West,Germany,Trulicity,Diabetes,Metro Health,Low Prescriber,Rep_036,191,68263.33,3098.21,18663.42,46501.7,1417.75,242,Online Pharmacy,Q3,September
TXN003819,2024-07-26,South,Brazil,Entresto,Cardiology,Sunrise Clinic,Medium Prescriber,Rep_031,448,57411.38,4657.44,23477.14,29276.8,2001.3,111,Government,Q3,July
TXN003820,2024-01-04,South,Brazil,Jardiance,Diabetes,Apollo Hospital,Low Prescriber,Rep_015,195,108325.42,4915.9,38485.95,64923.57,6157.68,140,Hospital,Q1,January
TXN003821,2024-04-18,Central,UAE,Keytruda,Oncology,St. Luke's,Non-Prescriber,Rep_006,370,129113.05,12770.32,35704.39,80638.34,8308.23,239,Government,Q2,April
TXN003822,2023-10-26,East,India,Prevnar,Vaccines,Cleveland Partners,Non-Prescriber,Rep_005,336,65332.19,5051.7,28378.21,31902.28,2993.51,67,Retail Pharmacy,Q4,October
TXN003823,2024-06-07,South,Brazil,Entresto,Cardiology,Mercy General,High Prescriber,Rep_006,171,50326.86,4251.08,17311.72,28764.06,3245.19,458,Government,Q2,June
TXN003824,2025-10-24,East,India,Keytruda,Oncology,Mercy General,Non-Prescriber,Rep_008,221,18706.28,694.47,5765.32,12246.49,1020.21,57,Online Pharmacy,Q4,October
TXN003825,2023-09-27,South,Brazil,Herceptin,Oncology,Sunrise Clinic,Non-Prescriber,Rep_030,185,38082.49,2951.31,10750.34,24380.84,1658.93,80,Government,Q3,September
TXN003826,2024-06-16,Central,UAE,Prevnar,Vaccines,Mercy General,Medium Prescriber,Rep_006,590,425385.37,33824.96,135741.31,255819.1,14424.03,130,Retail Pharmacy,Q2,June
TXN003827,2023-09-09,Central,UAE,Entresto,Cardiology,Metro Health,Medium Prescriber,Rep_004,388,205957.69,8496.27,80025.94,117435.48,4158.92,369,Online Pharmacy,Q3,September
TXN003828,2025-11-29,North,USA,Brilinta,Cardiology,City Medical Center,Low Prescriber,Rep_011,277,48619.62,8751.53,14840.1,25027.99,1707.93,70,Government,Q4,November
TXN003829,2023-11-16,East,India,Brilinta,Cardiology,Metro Health,High Prescriber,Rep_036,191,137304.6,12319.7,49672.03,75312.87,10739.85,467,Retail Pharmacy,Q4,November
TXN003830,2024-12-18,West,Germany,Nurtec,Neurology,City Medical Center,Medium Prescriber,Rep_004,443,179104.66,7402.95,46036.93,125664.78,11096.99,497,Government,Q4,December
TXN003831,2023-10-14,East,India,Brilinta,Cardiology,Cleveland Partners,Low Prescriber,Rep_017,336,171724.66,8041.24,49097.3,114586.12,9857.21,171,Online Pharmacy,Q4,October
TXN003832,2023-04-10,East,India,Ozempic,Diabetes,City Medical Center,Medium Prescriber,Rep_006,261,91333.74,7322.18,39020.54,44991.02,2017.35,32,Retail Pharmacy,Q2,April
TXN003833,2025-03-27,North,USA,Keytruda,Oncology,Apollo Hospital,Low Prescriber,Rep_029,110,41472.66,7465.08,17487.43,16520.15,849.31,498,Hospital,Q1,March
TXN003834,2024-05-31,East,India,Brilinta,Cardiology,Apollo Hospital,High Prescriber,Rep_025,223,83138.25,4244.13,33560.15,45333.97,2390.34,142,Retail Pharmacy,Q2,May
TXN003835,2025-02-01,North,USA,Prevnar,Vaccines,Apollo Hospital,Low Prescriber,Rep_027,231,156004.2,28080.76,57517.43,70406.01,5133.15,486,Online Pharmacy,Q1,February
TXN003836,2023-02-15,North,USA,Nurtec,Neurology,St. Luke's,Medium Prescriber,Rep_037,176,78944.22,14209.96,21856.6,42877.66,3838.23,484,Government,Q1,February
TXN003837,2024-12-31,Central,UAE,Ozempic,Diabetes,Cleveland Partners,Non-Prescriber,Rep_006,117,76579.08,3321.65,26160.0,47097.43,4760.02,37,Hospital,Q4,December
TXN003838,2024-04-08,East,India,Trulicity,Diabetes,City Medical Center,Low Prescriber,Rep_027,535,162747.14,5448.75,60501.59,96796.8,9452.97,265,Hospital,Q2,April
TXN003839,2023-12-16,Central,UAE,Nurtec,Neurology,City Medical Center,Non-Prescriber,Rep_019,122,83267.72,7551.83,36011.14,39704.75,5371.48,369,Online Pharmacy,Q4,December
TXN003840,2024-02-11,North,USA,Eliquis,Cardiology,St. Luke's,Medium Prescriber,Rep_030,146,55557.32,10000.32,19409.49,26147.51,1473.07,56,Retail Pharmacy,Q1,February
TXN003841,2025-11-19,South,Brazil,Comirnaty,Vaccines,Sunrise Clinic,Medium Prescriber,Rep_007,402,209906.51,20443.18,56337.29,133126.04,5518.85,227,Hospital,Q4,November
TXN003842,2023-06-20,Central,UAE,Jardiance,Diabetes,Sunrise Clinic,High Prescriber,Rep_002,242,37440.19,3389.37,11926.55,22124.27,2080.83,315,Retail Pharmacy,Q2,June
TXN003843,2025-12-30,South,Brazil,Keytruda,Oncology,Metro Health,Low Prescriber,Rep_032,177,94314.8,7221.41,25844.08,61249.31,5272.1,94,Hospital,Q4,December
TXN003844,2025-01-30,North,USA,Herceptin,Oncology,City Medical Center,High Prescriber,Rep_010,317,205506.41,36991.15,79582.45,88932.81,7675.34,137,Government,Q1,January
TXN003845,2023-11-28,East,India,Herceptin,Oncology,City Medical Center,Low Prescriber,Rep_027,188,46191.17,2663.28,16402.5,27125.39,1258.43,433,Government,Q4,November
TXN003846,2025-05-13,South,Brazil,Entresto,Cardiology,Sunrise Clinic,High Prescriber,Rep_036,551,181647.21,15174.43,54133.8,112338.98,11049.03,260,Hospital,Q2,May
TXN003847,2024-10-12,North,USA,Eliquis,Cardiology,Apollo Hospital,Medium Prescriber,Rep_009,279,184394.79,33191.06,55646.62,95557.11,12585.5,236,Hospital,Q4,October
TXN003848,2025-06-27,Central,UAE,Eliquis,Cardiology,Cleveland Partners,Low Prescriber,Rep_038,166,10486.84,1045.05,2775.94,6665.85,500.14,445,Online Pharmacy,Q2,June
TXN003849,2024-02-09,West,Germany,Comirnaty,Vaccines,Cleveland Partners,Non-Prescriber,Rep_016,159,60943.22,3057.51,26511.4,31374.31,2695.8,444,Retail Pharmacy,Q1,February
TXN003850,2025-05-04,South,Brazil,Keytruda,Oncology,Sunrise Clinic,Medium Prescriber,Rep_035,182,51065.86,3978.29,18174.39,28913.18,3743.98,471,Online Pharmacy,Q2,May
TXN003851,2023-02-13,North,USA,Keytruda,Oncology,Metro Health,Low Prescriber,Rep_020,353,96249.6,17324.93,32239.25,46685.42,2531.11,235,Online Pharmacy,Q1,February
TXN003852,2025-07-25,North,USA,Vyepti,Neurology,Apollo Hospital,High Prescriber,Rep_037,122,15333.81,2760.09,5106.83,7466.89,1095.66,347,Online Pharmacy,Q3,July
TXN003853,2024-12-27,South,Brazil,Entresto,Cardiology,Metro Health,Non-Prescriber,Rep_023,227,62286.59,3812.44,20576.55,37897.6,4698.56,271,Online Pharmacy,Q4,December
TXN003854,2024-07-27,North,USA,Avastin,Oncology,Sunrise Clinic,High Prescriber,Rep_011,186,27639.81,4975.17,8145.97,14518.67,1386.96,193,Government,Q3,July
TXN003855,2024-08-31,West,Germany,Herceptin,Oncology,Sunrise Clinic,Low Prescriber,Rep_001,135,100885.16,4742.46,37932.23,58210.47,6113.7,429,Online Pharmacy,Q3,August
TXN003856,2024-05-09,East,India,Opdivo,Oncology,Metro Health,Low Prescriber,Rep_014,111,36670.19,2799.52,12939.34,20931.33,811.37,433,Retail Pharmacy,Q2,May
TXN003857,2023-12-24,South,Brazil,Eliquis,Cardiology,St. Luke's,Non-Prescriber,Rep_002,184,103523.92,6095.97,40137.64,57290.31,8064.81,86,Online Pharmacy,Q4,December
TXN003858,2025-01-15,South,Brazil,Nurtec,Neurology,City Medical Center,High Prescriber,Rep_001,245,41757.07,1826.19,15467.39,24463.49,2406.05,203,Retail Pharmacy,Q1,January
TXN003859,2023-12-24,North,USA,Eliquis,Cardiology,Cleveland Partners,Low Prescriber,Rep_021,247,114207.73,20557.39,48378.55,45271.79,3146.98,483,Retail Pharmacy,Q4,December
TXN003860,2024-03-16,North,USA,Eliquis,Cardiology,St. Luke's,High Prescriber,Rep_017,137,27978.17,5036.07,8012.08,14930.02,975.75,63,Retail Pharmacy,Q1,March
TXN003861,2024-08-23,East,India,Avastin,Oncology,Cleveland Partners,Low Prescriber,Rep_029,245,85992.5,5618.36,34399.73,45974.41,5864.49,465,Online Pharmacy,Q3,August
TXN003862,2025-11-04,West,Germany,Avastin,Oncology,Metro Health,Medium Prescriber,Rep_025,438,85475.39,8437.74,24418.93,52618.72,2202.22,348,Online Pharmacy,Q4,November
TXN003863,2023-01-11,South,Brazil,Brilinta,Cardiology,Cleveland Partners,High Prescriber,Rep_018,306,234726.94,20104.15,96937.68,117685.11,9834.48,231,Hospital,Q1,January
TXN003864,2023-05-27,Central,UAE,Nurtec,Neurology,St. Luke's,Medium Prescriber,Rep_038,514,268326.37,13194.47,96796.59,158335.31,9303.08,314,Retail Pharmacy,Q2,May
TXN003865,2024-04-13,West,Germany,Opdivo,Oncology,City Medical Center,Non-Prescriber,Rep_021,440,350885.51,21897.57,89574.57,239413.37,8623.41,86,Hospital,Q2,April
TXN003866,2025-06-11,South,Brazil,Herceptin,Oncology,Apollo Hospital,Low Prescriber,Rep_007,443,325821.68,21543.12,122100.57,182177.99,7289.03,301,Government,Q2,June
TXN003867,2024-02-15,Central,UAE,Vyepti,Neurology,Cleveland Partners,Medium Prescriber,Rep_037,118,68126.7,2888.32,26331.94,38906.44,1405.48,189,Government,Q1,February
TXN003868,2023-03-18,East,India,Eliquis,Cardiology,Cleveland Partners,High Prescriber,Rep_013,54,9431.97,477.39,3241.41,5713.17,655.03,251,Online Pharmacy,Q1,March
TXN003869,2024-08-30,South,Brazil,Vyepti,Neurology,Cleveland Partners,Low Prescriber,Rep_001,302,110369.19,4873.5,40546.41,64949.28,4764.19,139,Retail Pharmacy,Q3,August
TXN003870,2024-06-14,South,Brazil,Eliquis,Cardiology,Mercy General,Medium Prescriber,Rep_039,206,86741.81,7960.55,36177.26,42604.0,2439.36,327,Hospital,Q2,June
TXN003871,2025-10-28,West,Germany,Vyepti,Neurology,Mercy General,Medium Prescriber,Rep_038,125,56041.0,2293.59,21363.17,32384.24,3120.52,180,Government,Q4,October
TXN003872,2024-10-28,East,India,Jardiance,Diabetes,Cleveland Partners,Medium Prescriber,Rep_033,115,53831.88,2976.58,19944.01,30911.29,3066.41,287,Government,Q4,October
TXN003873,2023-04-26,North,USA,Trulicity,Diabetes,St. Luke's,Medium Prescriber,Rep_039,91,15671.42,2820.86,4687.01,8163.55,1027.19,162,Retail Pharmacy,Q2,April
TXN003874,2025-04-17,East,India,Jardiance,Diabetes,City Medical Center,Non-Prescriber,Rep_038,294,217450.57,20650.7,81124.78,115675.09,9422.48,323,Hospital,Q2,April
TXN003875,2023-06-11,West,Germany,Avastin,Oncology,Cleveland Partners,Non-Prescriber,Rep_025,334,104297.9,7787.1,29659.72,66851.08,5471.65,133,Online Pharmacy,Q2,June
TXN003876,2024-11-04,East,India,Opdivo,Oncology,Metro Health,High Prescriber,Rep_001,211,125830.36,9313.81,53893.78,62622.77,4692.17,289,Government,Q4,November
TXN003877,2025-05-01,Central,UAE,Brilinta,Cardiology,Metro Health,Medium Prescriber,Rep_015,315,136332.36,13036.0,37658.34,85638.02,2836.48,284,Online Pharmacy,Q2,May
TXN003878,2023-11-21,Central,UAE,Opdivo,Oncology,Cleveland Partners,High Prescriber,Rep_007,237,95542.51,7221.26,29208.81,59112.44,5435.46,293,Hospital,Q4,November
TXN003879,2023-01-17,Central,UAE,Avastin,Oncology,Metro Health,Non-Prescriber,Rep_011,208,27856.21,2674.26,8922.64,16259.31,1996.99,350,Retail Pharmacy,Q1,January
TXN003880,2023-08-10,North,USA,Keytruda,Oncology,Cleveland Partners,Medium Prescriber,Rep_004,319,116953.3,21051.59,32636.87,63264.84,3736.15,173,Government,Q3,August
TXN003881,2024-02-20,Central,UAE,Keytruda,Oncology,Metro Health,Medium Prescriber,Rep_003,144,23979.17,2199.82,9405.9,12373.45,963.53,456,Retail Pharmacy,Q1,February
TXN003882,2024-08-02,South,Brazil,Keytruda,Oncology,City Medical Center,Medium Prescriber,Rep_020,249,42502.62,1915.59,16328.01,24259.02,993.37,353,Hospital,Q3,August
TXN003883,2024-12-11,East,India,Keytruda,Oncology,Mercy General,Medium Prescriber,Rep_027,259,140494.55,9024.93,41059.49,90410.13,3396.92,81,Online Pharmacy,Q4,December
TXN003884,2024-06-18,South,Brazil,Entresto,Cardiology,City Medical Center,High Prescriber,Rep_008,155,88450.58,4039.38,26738.45,57672.75,6585.41,264,Online Pharmacy,Q2,June
TXN003885,2023-12-04,South,Brazil,Ozempic,Diabetes,Sunrise Clinic,Non-Prescriber,Rep_014,244,171746.9,15327.48,73226.26,83193.16,8105.48,23,Government,Q4,December
TXN003886,2024-11-17,North,USA,Avastin,Oncology,Mercy General,Non-Prescriber,Rep_035,435,57573.92,10363.31,20620.9,26589.71,4056.09,476,Retail Pharmacy,Q4,November
TXN003887,2025-10-29,South,Brazil,Ozempic,Diabetes,Sunrise Clinic,Low Prescriber,Rep_005,293,113418.25,5942.82,31052.13,76423.3,6396.66,25,Online Pharmacy,Q4,October
TXN003888,2025-04-11,Central,UAE,Brilinta,Cardiology,Apollo Hospital,Medium Prescriber,Rep_011,225,53634.61,3243.16,19439.8,30951.65,3820.98,180,Hospital,Q2,April
TXN003889,2024-07-09,South,Brazil,Jardiance,Diabetes,Cleveland Partners,High Prescriber,Rep_023,208,105237.69,4023.46,27591.04,73623.19,3326.05,239,Government,Q3,July
TXN003890,2023-05-20,North,USA,Entresto,Cardiology,City Medical Center,Low Prescriber,Rep_013,276,101533.04,18275.95,41400.67,41856.42,4512.51,81,Retail Pharmacy,Q2,May
TXN003891,2024-06-10,Central,UAE,Brilinta,Cardiology,Apollo Hospital,High Prescriber,Rep_014,278,192444.39,8094.22,66132.29,118217.88,13989.85,71,Retail Pharmacy,Q2,June
TXN003892,2025-03-19,West,Germany,Jardiance,Diabetes,Cleveland Partners,Non-Prescriber,Rep_037,232,129364.87,10105.23,53275.09,65984.55,8887.86,81,Government,Q1,March
TXN003893,2024-12-03,North,USA,Shingrix,Vaccines,City Medical Center,Medium Prescriber,Rep_007,119,56527.91,10175.02,23560.43,22792.46,2127.58,81,Hospital,Q4,December
TXN003894,2024-03-10,East,India,Vyepti,Neurology,Cleveland Partners,Low Prescriber,Rep_032,43,32163.54,1652.09,14345.47,16165.98,1076.1,110,Hospital,Q1,March
TXN003895,2023-10-17,South,Brazil,Vyepti,Neurology,Mercy General,High Prescriber,Rep_024,197,80731.08,6230.25,23182.25,51318.58,5983.53,410,Hospital,Q4,October
TXN003896,2023-11-12,East,India,Shingrix,Vaccines,Metro Health,High Prescriber,Rep_040,192,34014.3,3276.81,10007.37,20730.12,1091.35,95,Retail Pharmacy,Q4,November
TXN003897,2023-12-22,West,Germany,Avastin,Oncology,Cleveland Partners,Medium Prescriber,Rep_019,178,63571.05,2809.95,16133.75,44627.35,2411.91,151,Hospital,Q4,December
TXN003898,2024-05-04,West,Germany,Herceptin,Oncology,Mercy General,Low Prescriber,Rep_040,123,9978.91,597.9,3672.87,5708.14,772.64,196,Online Pharmacy,Q2,May
TXN003899,2024-01-02,South,Brazil,Keytruda,Oncology,Mercy General,Medium Prescriber,Rep_029,382,122684.64,12116.98,49949.34,60618.32,6664.2,77,Online Pharmacy,Q1,January
TXN003900,2023-02-28,Central,UAE,Avastin,Oncology,St. Luke's,Low Prescriber,Rep_022,137,50703.18,4265.1,21002.14,25435.94,1899.5,348,Retail Pharmacy,Q1,February
TXN003901,2025-05-25,South,Brazil,Entresto,Cardiology,Sunrise Clinic,Non-Prescriber,Rep_036,442,343463.09,18132.65,96961.3,228369.14,22336.98,69,Hospital,Q2,May
TXN003902,2024-11-22,North,USA,Trulicity,Diabetes,Apollo Hospital,High Prescriber,Rep_038,187,20194.46,3635.0,5148.97,11410.49,545.02,474,Hospital,Q4,November
TXN003903,2023-10-12,Central,UAE,Vyepti,Neurology,Metro Health,High Prescriber,Rep_022,258,73587.0,3489.53,25837.05,44260.42,2522.31,375,Hospital,Q4,October
TXN003904,2023-08-12,West,Germany,Herceptin,Oncology,Metro Health,Medium Prescriber,Rep_040,192,13396.85,1272.1,5684.08,6440.67,583.53,131,Hospital,Q3,August
TXN003905,2025-06-18,South,Brazil,Entresto,Cardiology,Cleveland Partners,Non-Prescriber,Rep_013,246,116972.09,10728.09,47236.7,59007.3,2705.73,303,Retail Pharmacy,Q2,June
TXN003906,2025-01-24,Central,UAE,Entresto,Cardiology,Mercy General,Medium Prescriber,Rep_032,98,17285.69,1265.73,6572.77,9447.19,675.05,424,Retail Pharmacy,Q1,January
TXN003907,2024-10-17,West,Germany,Keytruda,Oncology,City Medical Center,Medium Prescriber,Rep_004,168,85759.02,3051.18,23214.32,59493.52,4853.61,336,Retail Pharmacy,Q4,October
TXN003908,2023-04-23,North,USA,Opdivo,Oncology,Sunrise Clinic,Medium Prescriber,Rep_023,129,91158.96,16408.61,40086.47,34663.88,2944.39,70,Government,Q2,April
TXN003909,2024-12-28,West,Germany,Ozempic,Diabetes,Metro Health,Medium Prescriber,Rep_029,371,181423.72,15584.77,66096.77,99742.18,8528.53,28,Retail Pharmacy,Q4,December
TXN003910,2023-03-25,West,Germany,Eliquis,Cardiology,St. Luke's,Medium Prescriber,Rep_032,371,29663.57,2389.12,9279.96,17994.49,634.72,421,Hospital,Q1,March
TXN003911,2023-04-28,South,Brazil,Ozempic,Diabetes,City Medical Center,High Prescriber,Rep_019,166,9231.55,753.0,2351.88,6126.67,336.3,27,Retail Pharmacy,Q2,April
TXN003912,2024-03-26,North,USA,Vyepti,Neurology,Apollo Hospital,Low Prescriber,Rep_020,246,142691.01,25684.38,55620.29,61386.34,3600.33,178,Government,Q1,March
TXN003913,2024-10-25,South,Brazil,Ozempic,Diabetes,Mercy General,Low Prescriber,Rep_040,305,112849.39,10062.05,34886.18,67901.16,6077.03,27,Government,Q4,October
TXN003914,2025-07-05,North,USA,Brilinta,Cardiology,Apollo Hospital,Medium Prescriber,Rep_033,264,169814.27,30566.57,58530.84,80716.86,6345.9,386,Hospital,Q3,July
TXN003915,2025-07-08,Central,UAE,Vyepti,Neurology,City Medical Center,Non-Prescriber,Rep_005,224,113923.08,9534.86,32760.36,71627.86,7315.82,445,Government,Q3,July
TXN003916,2024-04-16,North,USA,Entresto,Cardiology,City Medical Center,Non-Prescriber,Rep_002,278,14397.02,2591.46,4646.58,7158.98,1071.3,360,Online Pharmacy,Q2,April
TXN003917,2023-04-25,North,USA,Eliquis,Cardiology,St. Luke's,Low Prescriber,Rep_030,295,105840.43,19051.28,30243.52,56545.63,6265.84,198,Retail Pharmacy,Q2,April
TXN003918,2025-03-13,West,Germany,Vyepti,Neurology,Metro Health,Low Prescriber,Rep_025,357,75732.75,5820.55,22136.56,47775.64,4211.85,350,Online Pharmacy,Q1,March
TXN003919,2023-11-07,Central,UAE,Trulicity,Diabetes,City Medical Center,Low Prescriber,Rep_005,125,41884.64,1303.63,13200.96,27380.05,2939.89,384,Online Pharmacy,Q4,November
TXN003920,2025-05-23,North,USA,Comirnaty,Vaccines,Mercy General,Low Prescriber,Rep_007,306,142640.74,25675.33,55129.8,61835.61,5328.79,74,Government,Q2,May
TXN003921,2025-05-08,Central,UAE,Trulicity,Diabetes,City Medical Center,Medium Prescriber,Rep_024,267,167190.85,16541.29,56328.66,94320.9,3669.16,434,Retail Pharmacy,Q2,May
TXN003922,2024-04-28,Central,UAE,Shingrix,Vaccines,Metro Health,Non-Prescriber,Rep_037,294,164486.86,12609.49,48292.78,103584.59,8298.89,143,Retail Pharmacy,Q2,April
TXN003923,2025-01-23,West,Germany,Eliquis,Cardiology,Sunrise Clinic,Medium Prescriber,Rep_004,380,70166.63,4515.73,19136.22,46514.68,3625.78,419,Online Pharmacy,Q1,January
TXN003924,2023-12-16,South,Brazil,Jardiance,Diabetes,Mercy General,High Prescriber,Rep_040,63,38073.43,3250.49,14802.49,20020.45,1515.2,198,Government,Q4,December
TXN003925,2024-07-09,Central,UAE,Herceptin,Oncology,Metro Health,High Prescriber,Rep_003,256,198039.1,11937.34,74193.48,111908.28,14148.28,150,Government,Q3,July
TXN003926,2024-01-19,North,USA,Eliquis,Cardiology,Metro Health,High Prescriber,Rep_015,137,81140.83,14605.35,33326.46,33209.02,4513.22,155,Retail Pharmacy,Q1,January
TXN003927,2025-12-03,East,India,Ozempic,Diabetes,Metro Health,High Prescriber,Rep_011,114,34081.9,1070.54,10534.37,22476.99,1847.74,33,Online Pharmacy,Q4,December
TXN003928,2025-01-13,North,USA,Brilinta,Cardiology,Metro Health,Medium Prescriber,Rep_038,245,56446.98,10160.46,14832.36,31454.16,1315.45,158,Hospital,Q1,January
TXN003929,2024-05-20,Central,UAE,Avastin,Oncology,Apollo Hospital,Medium Prescriber,Rep_031,362,212645.17,12958.29,78593.01,121093.87,14670.34,453,Retail Pharmacy,Q2,May
TXN003930,2023-03-20,Central,UAE,Prevnar,Vaccines,Cleveland Partners,Medium Prescriber,Rep_025,354,237899.76,8993.06,82368.12,146538.58,11646.8,358,Retail Pharmacy,Q1,March
TXN003931,2024-10-13,East,India,Herceptin,Oncology,Cleveland Partners,Non-Prescriber,Rep_001,254,178889.83,17386.55,63961.5,97541.78,3989.58,462,Hospital,Q4,October
TXN003932,2025-01-24,West,Germany,Trulicity,Diabetes,Mercy General,Low Prescriber,Rep_021,145,114668.97,5162.81,34229.14,75277.02,3966.14,406,Hospital,Q1,January
TXN003933,2025-11-11,West,Germany,Opdivo,Oncology,Mercy General,Low Prescriber,Rep_013,155,90277.42,3481.38,25746.83,61049.21,6902.32,163,Government,Q4,November
TXN003934,2023-08-01,South,Brazil,Eliquis,Cardiology,Sunrise Clinic,Non-Prescriber,Rep_014,318,175141.82,13886.23,65933.31,95322.28,10326.78,467,Hospital,Q3,August
TXN003935,2023-11-15,East,India,Herceptin,Oncology,Sunrise Clinic,Non-Prescriber,Rep_034,242,176304.43,13660.65,77110.21,85533.57,6151.92,205,Hospital,Q4,November
TXN003936,2025-02-28,East,India,Brilinta,Cardiology,Metro Health,Medium Prescriber,Rep_018,219,11052.24,701.57,2806.81,7543.86,454.86,336,Government,Q1,February
TXN003937,2023-11-28,East,India,Nurtec,Neurology,Mercy General,Non-Prescriber,Rep_031,192,115897.88,9287.72,41262.54,65347.62,5212.63,292,Government,Q4,November
TXN003938,2024-03-14,East,India,Entresto,Cardiology,Apollo Hospital,High Prescriber,Rep_023,458,169825.17,12834.83,66384.7,90605.64,12496.24,428,Online Pharmacy,Q1,March
TXN003939,2025-08-26,East,India,Keytruda,Oncology,Cleveland Partners,Medium Prescriber,Rep_001,415,55086.33,3581.55,23022.22,28482.56,2540.2,81,Government,Q3,August
TXN003940,2023-05-16,South,Brazil,Ozempic,Diabetes,Sunrise Clinic,High Prescriber,Rep_013,262,209017.96,18058.83,71322.64,119636.49,13559.36,23,Government,Q2,May
TXN003941,2023-10-16,South,Brazil,Brilinta,Cardiology,St. Luke's,High Prescriber,Rep_003,155,33518.53,1697.79,10157.59,21663.15,2376.5,338,Retail Pharmacy,Q4,October
TXN003942,2025-08-15,West,Germany,Herceptin,Oncology,St. Luke's,High Prescriber,Rep_024,241,78449.43,4616.62,30844.3,42988.51,3000.08,182,Hospital,Q3,August
TXN003943,2024-04-25,West,Germany,Opdivo,Oncology,Sunrise Clinic,Non-Prescriber,Rep_039,237,176767.99,9064.48,76978.05,90725.46,6224.42,281,Government,Q2,April
TXN003944,2023-01-31,East,India,Ozempic,Diabetes,Mercy General,Medium Prescriber,Rep_032,341,170854.31,8470.9,68779.41,93604.0,11227.77,14,Retail Pharmacy,Q1,January
TXN003945,2025-06-14,North,USA,Ozempic,Diabetes,City Medical Center,Medium Prescriber,Rep_028,154,56713.65,10208.46,15665.0,30840.19,1588.16,38,Online Pharmacy,Q2,June
TXN003946,2024-10-27,North,USA,Brilinta,Cardiology,Sunrise Clinic,Low Prescriber,Rep_023,137,105031.47,18905.66,41357.09,44768.72,6457.7,291,Retail Pharmacy,Q4,October
TXN003947,2025-10-31,East,India,Aduhelm,Neurology,Cleveland Partners,Medium Prescriber,Rep_032,193,129765.86,4512.23,40822.95,84430.68,8762.29,271,Hospital,Q4,October
TXN003948,2023-10-19,Central,UAE,Comirnaty,Vaccines,Mercy General,Non-Prescriber,Rep_011,97,34246.45,2884.9,14362.25,16999.3,2505.74,56,Government,Q4,October
TXN003949,2024-10-23,North,USA,Trulicity,Diabetes,Metro Health,Low Prescriber,Rep_025,182,10608.47,1909.52,3947.51,4751.44,579.75,282,Retail Pharmacy,Q4,October
TXN003950,2024-01-01,South,Brazil,Entresto,Cardiology,Sunrise Clinic,Medium Prescriber,Rep_001,585,435014.52,35496.57,113390.48,286127.47,31280.33,468,Retail Pharmacy,Q1,January
TXN003951,2025-04-30,North,USA,Nurtec,Neurology,Cleveland Partners,High Prescriber,Rep_036,172,20569.64,3702.54,6384.94,10482.16,672.97,299,Online Pharmacy,Q2,April
TXN003952,2023-02-04,South,Brazil,Herceptin,Oncology,St. Luke's,Non-Prescriber,Rep_037,237,91811.7,3028.19,26808.02,61975.49,3470.87,376,Government,Q1,February
TXN003953,2023-08-27,North,USA,Nurtec,Neurology,Metro Health,High Prescriber,Rep_017,220,126965.84,22853.85,40592.78,63519.21,8236.22,466,Government,Q3,August
TXN003954,2024-04-30,North,USA,Trulicity,Diabetes,Apollo Hospital,Low Prescriber,Rep_010,89,36703.62,6606.65,11654.6,18442.37,1260.68,342,Retail Pharmacy,Q2,April
TXN003955,2024-10-19,West,Germany,Opdivo,Oncology,Sunrise Clinic,High Prescriber,Rep_021,235,68785.52,5497.8,29217.15,34070.57,3808.15,83,Government,Q4,October
TXN003956,2023-02-04,East,India,Entresto,Cardiology,Mercy General,Medium Prescriber,Rep_023,84,54979.82,4137.48,16174.14,34668.2,2036.71,349,Online Pharmacy,Q1,February
TXN003957,2025-12-02,North,USA,Shingrix,Vaccines,Metro Health,Low Prescriber,Rep_037,259,24797.11,4463.48,7950.25,12383.38,1460.5,417,Hospital,Q4,December
TXN003958,2025-09-05,Central,UAE,Vyepti,Neurology,Cleveland Partners,High Prescriber,Rep_039,166,77013.77,4798.95,23188.48,49026.34,1947.0,111,Online Pharmacy,Q3,September
TXN003959,2024-11-06,North,USA,Nurtec,Neurology,Mercy General,Medium Prescriber,Rep_001,362,259954.67,46791.84,85708.41,127454.42,8999.98,294,Government,Q4,November
TXN003960,2023-08-04,West,Germany,Comirnaty,Vaccines,Metro Health,Non-Prescriber,Rep_017,281,188811.0,18683.12,67397.92,102729.96,4680.63,387,Government,Q3,August
TXN003961,2023-07-28,East,India,Nurtec,Neurology,Mercy General,High Prescriber,Rep_040,449,67768.21,2118.16,17709.39,47940.66,1480.04,364,Retail Pharmacy,Q3,July
TXN003962,2025-12-14,Central,UAE,Entresto,Cardiology,Cleveland Partners,High Prescriber,Rep_035,441,325044.37,24422.51,92035.75,208586.11,25039.5,492,Government,Q4,December
TXN003963,2023-07-07,North,USA,Keytruda,Oncology,Cleveland Partners,Low Prescriber,Rep_025,156,55020.57,9903.7,24182.49,20934.38,2821.51,86,Retail Pharmacy,Q3,July
TXN003964,2023-10-21,Central,UAE,Entresto,Cardiology,Metro Health,Low Prescriber,Rep_002,276,117351.17,8367.89,31757.71,77225.57,4492.78,233,Hospital,Q4,October
TXN003965,2024-09-01,North,USA,Vyepti,Neurology,Apollo Hospital,Low Prescriber,Rep_027,338,107386.6,19329.59,28569.19,59487.82,5827.53,241,Retail Pharmacy,Q3,September
TXN003966,2023-11-15,East,India,Vyepti,Neurology,Apollo Hospital,Medium Prescriber,Rep_036,91,61338.05,5776.14,21888.36,33673.55,1639.54,344,Retail Pharmacy,Q4,November
TXN003967,2023-04-15,North,USA,Entresto,Cardiology,Cleveland Partners,Medium Prescriber,Rep_040,192,118305.1,21294.92,41973.74,55036.44,6980.04,210,Online Pharmacy,Q2,April
TXN003968,2025-10-09,West,Germany,Herceptin,Oncology,Cleveland Partners,High Prescriber,Rep_020,63,48545.28,2162.44,21229.3,25153.54,3499.2,396,Online Pharmacy,Q4,October
TXN003969,2025-08-25,North,USA,Ozempic,Diabetes,City Medical Center,Non-Prescriber,Rep_008,398,270862.7,48755.29,98166.22,123941.19,15089.09,28,Online Pharmacy,Q3,August
TXN003970,2023-02-20,South,Brazil,Comirnaty,Vaccines,Sunrise Clinic,High Prescriber,Rep_012,258,55414.61,2300.87,19044.29,34069.45,4282.44,346,Government,Q1,February
TXN003971,2025-12-25,East,India,Vyepti,Neurology,Mercy General,High Prescriber,Rep_005,275,197443.72,16416.94,71579.1,109447.68,9539.54,420,Hospital,Q4,December
TXN003972,2024-02-07,South,Brazil,Vyepti,Neurology,Mercy General,Non-Prescriber,Rep_021,283,145611.66,6523.91,40308.11,98779.64,11163.69,156,Online Pharmacy,Q1,February
TXN003973,2023-04-01,West,Germany,Avastin,Oncology,City Medical Center,Low Prescriber,Rep_033,275,106269.56,8348.24,34870.6,63050.72,2571.55,111,Hospital,Q2,April
TXN003974,2023-02-14,West,Germany,Brilinta,Cardiology,Cleveland Partners,Non-Prescriber,Rep_034,262,102528.88,8062.68,25902.86,68563.34,2108.53,301,Retail Pharmacy,Q1,February
TXN003975,2025-08-10,East,India,Avastin,Oncology,Metro Health,Non-Prescriber,Rep_014,128,25546.25,1196.06,6915.96,17434.23,1986.79,161,Retail Pharmacy,Q3,August
TXN003976,2023-12-21,South,Brazil,Trulicity,Diabetes,Mercy General,High Prescriber,Rep_017,146,27806.32,1838.62,10915.05,15052.65,1030.24,427,Retail Pharmacy,Q4,December
TXN003977,2025-09-12,South,Brazil,Trulicity,Diabetes,Sunrise Clinic,Low Prescriber,Rep_014,231,54614.55,4193.34,17955.11,32466.1,4077.66,108,Government,Q3,September
TXN003978,2024-11-15,North,USA,Eliquis,Cardiology,Sunrise Clinic,High Prescriber,Rep_040,263,59284.44,10671.2,23666.33,24946.91,2841.01,321,Retail Pharmacy,Q4,November
TXN003979,2023-07-18,West,Germany,Ozempic,Diabetes,Apollo Hospital,Low Prescriber,Rep_022,191,138608.24,8323.23,59616.11,70668.9,4333.03,10,Online Pharmacy,Q3,July
TXN003980,2024-06-21,West,Germany,Herceptin,Oncology,St. Luke's,Low Prescriber,Rep_002,167,87855.53,7998.84,26827.77,53028.92,3314.04,379,Government,Q2,June
TXN003981,2023-09-04,East,India,Avastin,Oncology,Apollo Hospital,High Prescriber,Rep_001,250,184915.02,15160.3,58312.73,111441.99,4086.01,293,Hospital,Q3,September
TXN003982,2024-08-09,West,Germany,Nurtec,Neurology,Sunrise Clinic,Medium Prescriber,Rep_039,257,14859.87,1303.23,6457.96,7098.68,697.83,302,Government,Q3,August
TXN003983,2025-04-03,West,Germany,Avastin,Oncology,Sunrise Clinic,Medium Prescriber,Rep_039,333,250769.37,19318.08,68261.61,163189.68,17963.42,266,Retail Pharmacy,Q2,April
TXN003984,2023-08-21,East,India,Ozempic,Diabetes,Metro Health,Medium Prescriber,Rep_031,244,172999.57,9719.6,58189.25,105090.72,13552.78,31,Retail Pharmacy,Q3,August
TXN003985,2025-03-12,North,USA,Brilinta,Cardiology,Cleveland Partners,High Prescriber,Rep_018,159,66609.99,11989.8,27889.57,26730.62,4324.04,87,Hospital,Q1,March
TXN003986,2024-10-22,East,India,Avastin,Oncology,Metro Health,Low Prescriber,Rep_021,179,61198.62,3164.56,21950.12,36083.94,4837.46,426,Government,Q4,October
TXN003987,2023-07-03,East,India,Prevnar,Vaccines,Sunrise Clinic,Non-Prescriber,Rep_007,157,38141.44,1595.2,13913.86,22632.38,2142.19,270,Retail Pharmacy,Q3,July
TXN003988,2024-07-11,West,Germany,Entresto,Cardiology,City Medical Center,Low Prescriber,Rep_033,241,51074.54,3582.29,21751.01,25741.24,1125.4,447,Retail Pharmacy,Q3,July
TXN003989,2023-06-30,West,Germany,Opdivo,Oncology,St. Luke's,Low Prescriber,Rep_012,143,84410.08,7554.65,22987.76,53867.67,3357.87,293,Online Pharmacy,Q2,June
TXN003990,2023-01-10,North,USA,Herceptin,Oncology,Apollo Hospital,High Prescriber,Rep_021,248,167720.63,30189.71,45622.65,91908.27,8293.4,461,Retail Pharmacy,Q1,January
TXN003991,2025-07-14,West,Germany,Aduhelm,Neurology,Apollo Hospital,Medium Prescriber,Rep_025,115,54256.81,2395.79,22964.1,28896.92,3637.45,478,Online Pharmacy,Q3,July
TXN003992,2024-01-06,Central,UAE,Jardiance,Diabetes,Apollo Hospital,Non-Prescriber,Rep_028,248,122996.09,10170.22,51858.93,60966.94,5331.73,310,Hospital,Q1,January
TXN003993,2025-09-21,Central,UAE,Eliquis,Cardiology,City Medical Center,Medium Prescriber,Rep_005,339,196088.67,9200.99,50585.46,136302.22,7264.9,271,Retail Pharmacy,Q3,September
TXN003994,2025-08-24,Central,UAE,Avastin,Oncology,Mercy General,Non-Prescriber,Rep_034,206,94107.21,3429.02,36615.51,54062.68,6657.43,250,Government,Q3,August
TXN003995,2023-06-12,East,India,Keytruda,Oncology,Apollo Hospital,Medium Prescriber,Rep_030,181,138787.83,9765.89,45030.37,83991.57,9152.76,61,Government,Q2,June
TXN003996,2024-04-02,South,Brazil,Opdivo,Oncology,Mercy General,Low Prescriber,Rep_034,279,165434.55,15744.0,73116.48,76574.07,5973.32,403,Hospital,Q2,April
TXN003997,2023-02-03,North,USA,Keytruda,Oncology,Apollo Hospital,Non-Prescriber,Rep_004,192,84345.08,15182.11,37702.27,31460.7,2018.98,350,Hospital,Q1,February
TXN003998,2025-07-22,North,USA,Opdivo,Oncology,Metro Health,High Prescriber,Rep_005,271,61718.39,11109.31,24241.52,26367.56,3457.06,189,Government,Q3,July
TXN003999,2023-07-20,East,India,Entresto,Cardiology,Cleveland Partners,Medium Prescriber,Rep_013,349,219393.96,16720.72,58361.2,144312.04,8241.02,472,Retail Pharmacy,Q3,July
TXN004000,2025-11-22,South,Brazil,Opdivo,Oncology,Apollo Hospital,Low Prescriber,Rep_032,177,73781.85,4456.28,31924.72,37400.85,4610.8,360,Hospital,Q4,November
TXN004001,2023-06-17,South,Brazil,Trulicity,Diabetes,St. Luke's,Medium Prescriber,Rep_039,136,97073.26,4010.86,40850.44,52211.96,6535.14,303,Retail Pharmacy,Q2,June
TXN004002,2023-07-06,East,India,Ozempic,Diabetes,St. Luke's,High Prescriber,Rep_032,167,30903.73,2882.22,8477.34,19544.17,2294.38,27,Government,Q3,July
TXN004003,2024-01-05,Central,UAE,Brilinta,Cardiology,Sunrise Clinic,Non-Prescriber,Rep_037,241,30404.93,2648.68,8058.36,19697.89,1413.73,269,Government,Q1,January
TXN004004,2023-08-13,South,Brazil,Avastin,Oncology,St. Luke's,Non-Prescriber,Rep_011,146,18855.21,774.03,7253.5,10827.68,1451.93,441,Government,Q3,August
TXN004005,2024-05-22,East,India,Entresto,Cardiology,St. Luke's,Medium Prescriber,Rep_027,309,149221.68,6776.08,63451.32,78994.28,10370.93,201,Online Pharmacy,Q2,May
TXN004006,2024-02-23,Central,UAE,Entresto,Cardiology,Metro Health,Low Prescriber,Rep_001,244,67828.95,2048.47,18103.43,47677.05,4356.39,95,Hospital,Q1,February
TXN004007,2025-01-11,East,India,Entresto,Cardiology,St. Luke's,High Prescriber,Rep_008,314,183654.49,15407.58,70429.16,97817.75,4687.09,268,Hospital,Q1,January
TXN004008,2024-02-16,West,Germany,Brilinta,Cardiology,City Medical Center,High Prescriber,Rep_016,415,263710.63,22379.17,108457.78,132873.68,5754.07,64,Online Pharmacy,Q1,February
TXN004009,2024-01-11,West,Germany,Entresto,Cardiology,City Medical Center,Medium Prescriber,Rep_016,138,26618.17,2078.04,9396.83,15143.3,768.42,80,Hospital,Q1,January
TXN004010,2024-03-23,South,Brazil,Ozempic,Diabetes,Mercy General,Medium Prescriber,Rep_035,177,49059.87,3372.05,19750.35,25937.47,3692.81,19,Hospital,Q1,March
TXN004011,2025-03-09,South,Brazil,Ozempic,Diabetes,Mercy General,Non-Prescriber,Rep_038,298,76363.44,3005.75,20678.57,52679.12,3360.39,20,Online Pharmacy,Q1,March
TXN004012,2024-11-30,East,India,Ozempic,Diabetes,City Medical Center,Low Prescriber,Rep_007,232,184267.98,15472.35,50818.66,117976.97,11982.6,30,Hospital,Q4,November
TXN004013,2025-01-20,East,India,Prevnar,Vaccines,Mercy General,Low Prescriber,Rep_001,333,193692.94,16856.47,78978.26,97858.21,10460.67,464,Retail Pharmacy,Q1,January
TXN004014,2023-07-29,South,Brazil,Opdivo,Oncology,Mercy General,Non-Prescriber,Rep_023,188,121075.58,12106.38,41330.47,67638.73,7397.84,203,Online Pharmacy,Q3,July
TXN004015,2023-03-30,South,Brazil,Keytruda,Oncology,Apollo Hospital,Non-Prescriber,Rep_033,179,27498.11,1496.08,8961.52,17040.51,1823.88,267,Online Pharmacy,Q1,March
TXN004016,2025-02-08,North,USA,Herceptin,Oncology,Mercy General,High Prescriber,Rep_005,251,24481.26,4406.63,6658.77,13415.86,1031.27,248,Government,Q1,February
TXN004017,2023-03-03,Central,UAE,Avastin,Oncology,City Medical Center,Non-Prescriber,Rep_016,291,156078.12,8379.64,56642.19,91056.29,7514.88,218,Online Pharmacy,Q1,March
TXN004018,2024-12-21,West,Germany,Brilinta,Cardiology,Sunrise Clinic,Low Prescriber,Rep_028,146,51023.76,3085.7,13314.79,34623.27,3393.45,372,Online Pharmacy,Q4,December
TXN004019,2023-05-25,West,Germany,Keytruda,Oncology,Metro Health,Low Prescriber,Rep_032,145,100796.83,4125.54,32850.97,63820.32,3378.12,113,Online Pharmacy,Q2,May
TXN004020,2024-03-12,West,Germany,Comirnaty,Vaccines,Sunrise Clinic,Low Prescriber,Rep_015,276,210969.82,11696.82,59117.34,140155.66,15743.54,271,Online Pharmacy,Q1,March
TXN004021,2025-06-17,Central,UAE,Aduhelm,Neurology,Metro Health,Non-Prescriber,Rep_008,251,147415.77,7923.05,59079.28,80413.44,10400.71,324,Online Pharmacy,Q2,June
TXN004022,2025-02-24,South,Brazil,Ozempic,Diabetes,Sunrise Clinic,Medium Prescriber,Rep_024,220,53398.8,4920.1,21959.87,26518.83,4221.63,9,Hospital,Q1,February
TXN004023,2025-02-27,North,USA,Keytruda,Oncology,Metro Health,Low Prescriber,Rep_015,230,179921.21,32385.82,68667.39,78868.0,8029.41,445,Hospital,Q1,February
TXN004024,2025-08-15,East,India,Keytruda,Oncology,Metro Health,Non-Prescriber,Rep_039,143,26414.89,2496.63,7111.26,16807.0,1936.02,254,Online Pharmacy,Q3,August
TXN004025,2025-10-30,North,USA,Eliquis,Cardiology,Mercy General,High Prescriber,Rep_028,201,138133.15,24863.97,57699.0,55570.18,3935.24,378,Online Pharmacy,Q4,October
TXN004026,2025-01-23,South,Brazil,Keytruda,Oncology,Apollo Hospital,High Prescriber,Rep_027,187,44363.97,2987.8,16728.5,24647.67,1490.61,92,Online Pharmacy,Q1,January
TXN004027,2025-12-22,North,USA,Opdivo,Oncology,City Medical Center,Medium Prescriber,Rep_016,275,130033.68,23406.06,32656.96,73970.66,9581.51,289,Government,Q4,December
TXN004028,2025-12-10,West,Germany,Keytruda,Oncology,Metro Health,Low Prescriber,Rep_022,350,134919.18,6489.5,45771.99,82657.69,4345.99,369,Hospital,Q4,December
TXN004029,2024-11-29,North,USA,Prevnar,Vaccines,Sunrise Clinic,Non-Prescriber,Rep_008,434,79649.61,14336.93,30003.0,35309.68,4847.53,156,Online Pharmacy,Q4,November
TXN004030,2025-09-21,Central,UAE,Herceptin,Oncology,Metro Health,High Prescriber,Rep_034,228,64030.19,3802.41,25390.82,34836.96,2873.95,278,Online Pharmacy,Q3,September
TXN004031,2025-06-20,East,India,Opdivo,Oncology,City Medical Center,Medium Prescriber,Rep_009,282,141133.37,11730.06,52361.05,77042.26,11034.94,382,Hospital,Q2,June
TXN004032,2024-03-09,East,India,Eliquis,Cardiology,Metro Health,High Prescriber,Rep_006,74,43759.0,3984.35,12933.06,26841.59,2358.33,321,Online Pharmacy,Q1,March
TXN004033,2025-10-22,West,Germany,Keytruda,Oncology,City Medical Center,Non-Prescriber,Rep_021,205,19231.75,1896.53,6735.54,10599.68,517.53,294,Online Pharmacy,Q4,October
TXN004034,2025-12-07,South,Brazil,Keytruda,Oncology,Cleveland Partners,Non-Prescriber,Rep_040,278,205393.45,18572.33,67532.3,119288.82,7939.43,414,Government,Q4,December
TXN004035,2025-07-20,West,Germany,Jardiance,Diabetes,Sunrise Clinic,Low Prescriber,Rep_030,231,85604.56,4032.44,35879.1,45693.02,3352.47,422,Retail Pharmacy,Q3,July
TXN004036,2023-01-02,East,India,Trulicity,Diabetes,Cleveland Partners,Non-Prescriber,Rep_029,164,131170.38,10461.95,56088.25,64620.18,2971.32,174,Government,Q1,January
TXN004037,2025-12-05,South,Brazil,Keytruda,Oncology,City Medical Center,High Prescriber,Rep_018,149,19258.97,1830.56,7908.54,9519.87,963.48,187,Government,Q4,December
TXN004038,2025-08-05,South,Brazil,Avastin,Oncology,St. Luke's,High Prescriber,Rep_034,333,208513.45,6969.18,65753.85,135790.42,6909.04,462,Online Pharmacy,Q3,August
TXN004039,2024-10-09,North,USA,Eliquis,Cardiology,Mercy General,Non-Prescriber,Rep_039,225,20585.62,3705.41,5998.1,10882.11,911.6,174,Government,Q4,October
TXN004040,2025-10-22,South,Brazil,Nurtec,Neurology,Metro Health,Medium Prescriber,Rep_011,188,12001.75,886.32,4485.4,6630.03,830.86,393,Retail Pharmacy,Q4,October
TXN004041,2024-03-31,South,Brazil,Herceptin,Oncology,City Medical Center,Non-Prescriber,Rep_030,547,204676.78,16221.37,73059.6,115395.81,14757.28,469,Hospital,Q1,March
TXN004042,2023-11-02,East,India,Avastin,Oncology,St. Luke's,Low Prescriber,Rep_018,135,36623.89,1892.49,12100.65,22630.75,1361.95,126,Hospital,Q4,November
TXN004043,2023-08-18,West,Germany,Ozempic,Diabetes,Apollo Hospital,Non-Prescriber,Rep_032,97,36620.37,1454.55,10026.94,25138.88,2393.68,18,Retail Pharmacy,Q3,August
TXN004044,2025-11-02,West,Germany,Aduhelm,Neurology,City Medical Center,High Prescriber,Rep_032,361,25229.42,2359.08,10339.84,12530.5,704.2,54,Online Pharmacy,Q4,November
TXN004045,2024-03-05,South,Brazil,Keytruda,Oncology,Cleveland Partners,High Prescriber,Rep_017,110,12221.24,885.91,4295.48,7039.85,355.65,69,Government,Q1,March
TXN004046,2023-10-16,Central,UAE,Nurtec,Neurology,Mercy General,High Prescriber,Rep_013,105,48507.77,3012.75,15983.32,29511.7,3126.56,345,Hospital,Q4,October
TXN004047,2025-01-31,Central,UAE,Brilinta,Cardiology,Metro Health,High Prescriber,Rep_005,329,143010.34,9541.02,63881.8,69587.52,11363.66,409,Online Pharmacy,Q1,January
TXN004048,2025-02-20,West,Germany,Trulicity,Diabetes,St. Luke's,High Prescriber,Rep_040,393,128301.64,4634.29,56679.59,66987.76,8349.33,329,Government,Q1,February
TXN004049,2023-01-25,North,USA,Eliquis,Cardiology,Mercy General,High Prescriber,Rep_020,53,6756.52,1216.17,1999.05,3541.3,424.61,452,Retail Pharmacy,Q1,January
TXN004050,2024-03-04,West,Germany,Avastin,Oncology,City Medical Center,Low Prescriber,Rep_024,148,92778.95,3898.63,38890.08,49990.24,6633.29,270,Online Pharmacy,Q1,March
TXN004051,2023-04-21,West,Germany,Herceptin,Oncology,Apollo Hospital,Medium Prescriber,Rep_014,106,70864.55,3125.48,24079.83,43659.24,1857.4,81,Retail Pharmacy,Q2,April
TXN004052,2023-08-06,East,India,Herceptin,Oncology,St. Luke's,Non-Prescriber,Rep_032,89,19448.3,1079.67,8426.69,9941.94,1058.24,52,Retail Pharmacy,Q3,August
TXN004053,2023-10-02,North,USA,Prevnar,Vaccines,Metro Health,Low Prescriber,Rep_035,294,108489.85,19528.17,31377.81,57583.87,3473.05,317,Hospital,Q4,October
TXN004054,2024-04-14,South,Brazil,Opdivo,Oncology,Mercy General,Medium Prescriber,Rep_015,274,32669.79,2212.92,11763.43,18693.44,1906.43,457,Retail Pharmacy,Q2,April
TXN004055,2024-01-05,Central,UAE,Comirnaty,Vaccines,City Medical Center,Medium Prescriber,Rep_031,280,75076.77,5493.7,19696.08,49886.99,5045.1,78,Online Pharmacy,Q1,January
TXN004056,2024-05-19,East,India,Trulicity,Diabetes,City Medical Center,Medium Prescriber,Rep_009,151,70416.48,3870.52,22473.95,44072.01,1807.36,490,Retail Pharmacy,Q2,May
TXN004057,2023-08-22,Central,UAE,Shingrix,Vaccines,Sunrise Clinic,High Prescriber,Rep_001,400,251445.75,15200.66,95569.16,140675.93,19696.21,327,Government,Q3,August
TXN004058,2023-09-11,East,India,Aduhelm,Neurology,Cleveland Partners,Medium Prescriber,Rep_013,206,150600.07,13203.07,38684.17,98712.83,6449.61,307,Retail Pharmacy,Q3,September
TXN004059,2024-01-05,North,USA,Vyepti,Neurology,Metro Health,High Prescriber,Rep_023,461,287963.87,51833.5,123543.64,112586.73,10715.04,270,Retail Pharmacy,Q1,January
TXN004060,2025-06-04,South,Brazil,Avastin,Oncology,Apollo Hospital,Non-Prescriber,Rep_004,219,170333.44,12321.45,53726.63,104285.36,11760.54,110,Government,Q2,June
TXN004061,2024-04-25,Central,UAE,Keytruda,Oncology,Sunrise Clinic,Low Prescriber,Rep_002,207,40611.11,2772.7,15404.1,22434.31,1613.79,192,Hospital,Q2,April
TXN004062,2024-09-09,North,USA,Ozempic,Diabetes,Apollo Hospital,Non-Prescriber,Rep_033,245,168791.28,30382.43,50820.83,87588.02,3653.94,36,Hospital,Q3,September
TXN004063,2024-01-06,South,Brazil,Eliquis,Cardiology,St. Luke's,Low Prescriber,Rep_017,135,13452.43,582.62,4831.54,8038.27,704.24,161,Hospital,Q1,January
TXN004064,2023-09-30,North,USA,Brilinta,Cardiology,Mercy General,High Prescriber,Rep_016,146,104784.39,18861.19,41994.68,43928.52,5637.26,342,Retail Pharmacy,Q3,September
TXN004065,2023-01-09,South,Brazil,Brilinta,Cardiology,City Medical Center,Medium Prescriber,Rep_037,127,56705.42,3008.14,15371.14,38326.14,2613.0,338,Hospital,Q1,January
TXN004066,2023-06-03,South,Brazil,Aduhelm,Neurology,Mercy General,Non-Prescriber,Rep_004,184,94599.13,8062.45,37417.08,49119.6,6163.83,136,Hospital,Q2,June
TXN004067,2024-09-15,North,USA,Aduhelm,Neurology,Cleveland Partners,Non-Prescriber,Rep_031,160,29461.04,5302.99,7537.88,16620.17,721.12,98,Hospital,Q3,September
TXN004068,2023-04-27,East,India,Comirnaty,Vaccines,Sunrise Clinic,Non-Prescriber,Rep_040,147,34813.88,2498.39,15550.18,16765.31,2384.57,496,Online Pharmacy,Q2,April
TXN004069,2023-07-26,North,USA,Comirnaty,Vaccines,St. Luke's,Medium Prescriber,Rep_036,285,141026.15,25384.71,49371.1,66270.34,3349.11,253,Retail Pharmacy,Q3,July
TXN004070,2024-02-29,North,USA,Opdivo,Oncology,Mercy General,Non-Prescriber,Rep_020,163,101494.35,18268.98,30767.85,52457.52,3762.22,293,Online Pharmacy,Q1,February
TXN004071,2025-10-16,North,USA,Herceptin,Oncology,Mercy General,Low Prescriber,Rep_018,132,47549.04,8558.83,13667.48,25322.73,3464.34,197,Government,Q4,October
TXN004072,2023-01-24,Central,UAE,Ozempic,Diabetes,Mercy General,High Prescriber,Rep_022,109,56494.95,5183.33,23471.65,27839.97,2214.98,13,Government,Q1,January
TXN004073,2025-10-25,North,USA,Keytruda,Oncology,City Medical Center,Non-Prescriber,Rep_004,212,146241.6,26323.49,41611.7,78306.41,9250.7,69,Retail Pharmacy,Q4,October
TXN004074,2024-07-09,Central,UAE,Avastin,Oncology,Mercy General,Medium Prescriber,Rep_031,363,85902.59,6231.32,34280.98,45390.29,4482.55,372,Government,Q3,July
TXN004075,2023-03-13,East,India,Opdivo,Oncology,Sunrise Clinic,Low Prescriber,Rep_025,156,90476.51,4487.16,33512.79,52476.56,1997.76,97,Government,Q1,March
TXN004076,2025-05-23,South,Brazil,Prevnar,Vaccines,Cleveland Partners,High Prescriber,Rep_039,127,70837.57,6949.57,27551.96,36336.04,5177.57,116,Hospital,Q2,May
TXN004077,2025-08-20,East,India,Ozempic,Diabetes,Metro Health,High Prescriber,Rep_029,202,22376.73,2074.12,9874.2,10428.41,1598.77,20,Government,Q3,August
TXN004078,2023-04-26,South,Brazil,Entresto,Cardiology,Cleveland Partners,Low Prescriber,Rep_025,312,72459.02,2972.66,23116.28,46370.08,3277.1,365,Hospital,Q2,April
TXN004079,2024-02-06,Central,UAE,Comirnaty,Vaccines,City Medical Center,Non-Prescriber,Rep_010,327,21035.97,2013.67,6678.34,12343.96,897.23,261,Retail Pharmacy,Q1,February
TXN004080,2025-07-17,North,USA,Nurtec,Neurology,Sunrise Clinic,High Prescriber,Rep_002,75,26407.28,4753.31,8580.59,13073.38,1544.36,464,Retail Pharmacy,Q3,July
TXN004081,2024-06-24,South,Brazil,Keytruda,Oncology,Apollo Hospital,Medium Prescriber,Rep_002,255,37760.14,2287.34,14566.3,20906.5,1784.88,327,Hospital,Q2,June
TXN004082,2025-11-07,East,India,Nurtec,Neurology,Sunrise Clinic,Low Prescriber,Rep_018,404,237922.29,22816.14,96577.01,118529.14,9103.08,391,Government,Q4,November
TXN004083,2024-01-21,East,India,Entresto,Cardiology,Sunrise Clinic,Low Prescriber,Rep_003,113,42607.43,3936.52,15589.92,23080.99,2116.69,294,Hospital,Q1,January
TXN004084,2025-01-13,Central,UAE,Eliquis,Cardiology,Metro Health,Medium Prescriber,Rep_038,207,39519.95,2305.75,13035.29,24178.91,1445.49,343,Hospital,Q1,January
TXN004085,2024-07-23,North,USA,Brilinta,Cardiology,Mercy General,Medium Prescriber,Rep_026,191,138775.64,24979.62,45495.54,68300.48,9290.61,179,Hospital,Q3,July
TXN004086,2025-04-28,South,Brazil,Nurtec,Neurology,Cleveland Partners,Non-Prescriber,Rep_003,627,493117.4,48634.36,178300.8,266182.24,10919.51,146,Online Pharmacy,Q2,April
TXN004087,2025-01-16,North,USA,Eliquis,Cardiology,Apollo Hospital,Medium Prescriber,Rep_003,126,36131.61,6503.69,11839.8,17788.12,1317.92,246,Online Pharmacy,Q1,January
TXN004088,2025-01-04,North,USA,Brilinta,Cardiology,Metro Health,Non-Prescriber,Rep_032,865,422669.3,76080.47,125082.75,221506.08,13716.02,473,Hospital,Q1,January
TXN004089,2024-04-28,East,India,Keytruda,Oncology,Apollo Hospital,Medium Prescriber,Rep_027,331,218860.05,15584.64,55083.38,148192.03,15300.34,61,Government,Q2,April
TXN004090,2025-10-03,North,USA,Brilinta,Cardiology,Apollo Hospital,Low Prescriber,Rep_001,369,256634.47,46194.2,69250.75,141189.52,7067.83,459,Retail Pharmacy,Q4,October
TXN004091,2024-11-08,East,India,Entresto,Cardiology,Apollo Hospital,Medium Prescriber,Rep_016,288,212838.14,18393.68,72288.42,122156.04,11007.15,329,Online Pharmacy,Q4,November
TXN004092,2024-09-05,North,USA,Brilinta,Cardiology,Apollo Hospital,Low Prescriber,Rep_029,213,162315.99,29216.88,47590.79,85508.32,5540.95,109,Government,Q3,September
TXN004093,2024-07-12,East,India,Vyepti,Neurology,Mercy General,Non-Prescriber,Rep_015,254,103810.99,8030.52,41185.05,54595.42,5894.72,208,Online Pharmacy,Q3,July
TXN004094,2024-02-06,West,Germany,Opdivo,Oncology,City Medical Center,Non-Prescriber,Rep_032,194,90333.01,3299.39,33084.47,53949.15,1925.07,165,Hospital,Q1,February
TXN004095,2025-05-09,East,India,Avastin,Oncology,Apollo Hospital,Medium Prescriber,Rep_034,121,46708.14,4419.07,19416.67,22872.4,2300.61,143,Online Pharmacy,Q2,May
TXN004096,2025-08-11,West,Germany,Jardiance,Diabetes,Apollo Hospital,Low Prescriber,Rep_019,590,85013.41,5676.17,31158.93,48178.31,2910.55,402,Government,Q3,August
TXN004097,2024-12-19,East,India,Opdivo,Oncology,Apollo Hospital,Non-Prescriber,Rep_021,319,187671.5,7051.69,70200.35,110419.46,10027.8,117,Government,Q4,December
TXN004098,2023-07-01,South,Brazil,Entresto,Cardiology,Sunrise Clinic,Low Prescriber,Rep_009,95,17319.25,926.02,5983.93,10409.3,612.34,264,Retail Pharmacy,Q3,July
TXN004099,2023-03-28,South,Brazil,Aduhelm,Neurology,Cleveland Partners,High Prescriber,Rep_024,243,88101.88,4652.61,38175.9,45273.37,5686.24,312,Government,Q1,March
TXN004100,2025-06-08,North,USA,Entresto,Cardiology,Metro Health,Non-Prescriber,Rep_026,288,65140.5,11725.29,22523.66,30891.55,4018.08,317,Government,Q2,June
TXN004101,2023-01-24,West,Germany,Trulicity,Diabetes,Sunrise Clinic,Medium Prescriber,Rep_013,256,162535.71,10002.83,60682.82,91850.06,8169.38,295,Retail Pharmacy,Q1,January
TXN004102,2023-01-22,North,USA,Nurtec,Neurology,City Medical Center,Low Prescriber,Rep_024,133,47782.27,8600.81,15858.15,23323.31,2768.98,96,Government,Q1,January
TXN004103,2025-05-04,East,India,Keytruda,Oncology,City Medical Center,Low Prescriber,Rep_025,191,122470.4,4257.33,30689.41,87523.66,8084.45,180,Retail Pharmacy,Q2,May
TXN004104,2025-05-09,East,India,Keytruda,Oncology,Cleveland Partners,Low Prescriber,Rep_034,296,64965.41,6145.24,24342.31,34477.86,1712.04,56,Online Pharmacy,Q2,May
TXN004105,2025-08-02,West,Germany,Ozempic,Diabetes,Mercy General,Medium Prescriber,Rep_017,325,74382.74,2709.61,20211.67,51461.46,4161.81,18,Hospital,Q3,August
TXN004106,2025-10-30,South,Brazil,Entresto,Cardiology,Cleveland Partners,Low Prescriber,Rep_017,136,55561.48,1834.48,20035.04,33691.96,4213.28,89,Retail Pharmacy,Q4,October
TXN004107,2023-02-06,West,Germany,Aduhelm,Neurology,Metro Health,High Prescriber,Rep_027,219,67241.25,6645.3,19392.24,41203.71,5377.89,84,Government,Q1,February
TXN004108,2024-05-28,South,Brazil,Nurtec,Neurology,Metro Health,Medium Prescriber,Rep_029,420,82486.06,3935.44,28650.68,49899.94,5255.73,433,Retail Pharmacy,Q2,May
TXN004109,2024-06-09,Central,UAE,Avastin,Oncology,Mercy General,Medium Prescriber,Rep_031,110,56301.16,3672.78,17383.62,35244.76,1449.32,143,Hospital,Q2,June
TXN004110,2024-05-10,South,Brazil,Entresto,Cardiology,Sunrise Clinic,Non-Prescriber,Rep_034,155,91234.91,2964.27,33392.78,54877.86,4452.95,436,Online Pharmacy,Q2,May
TXN004111,2023-08-13,South,Brazil,Herceptin,Oncology,Cleveland Partners,High Prescriber,Rep_033,209,72538.03,4449.85,28793.56,39294.62,3207.09,137,Online Pharmacy,Q3,August
TXN004112,2025-04-04,South,Brazil,Vyepti,Neurology,Metro Health,High Prescriber,Rep_033,389,239916.13,21030.63,85521.24,133364.26,14265.51,265,Retail Pharmacy,Q2,April
TXN004113,2025-01-25,South,Brazil,Opdivo,Oncology,City Medical Center,Low Prescriber,Rep_029,360,198184.53,7107.35,79671.91,111405.27,14905.47,165,Hospital,Q1,January
TXN004114,2025-04-18,North,USA,Brilinta,Cardiology,Apollo Hospital,Non-Prescriber,Rep_011,234,44097.2,7937.5,13737.25,22422.45,1133.13,138,Retail Pharmacy,Q2,April
TXN004115,2024-05-21,North,USA,Nurtec,Neurology,St. Luke's,Low Prescriber,Rep_019,340,256549.16,46178.85,96731.35,113638.96,13349.77,182,Hospital,Q2,May
TXN004116,2024-08-23,North,USA,Ozempic,Diabetes,Apollo Hospital,Non-Prescriber,Rep_014,173,63428.01,11417.04,22377.88,29633.09,4634.1,21,Hospital,Q3,August
TXN004117,2023-06-27,West,Germany,Shingrix,Vaccines,City Medical Center,Non-Prescriber,Rep_002,344,56049.57,3132.72,24374.39,28542.46,3797.24,318,Online Pharmacy,Q2,June
TXN004118,2024-05-31,West,Germany,Trulicity,Diabetes,Cleveland Partners,Non-Prescriber,Rep_011,387,194617.22,16510.93,48669.71,129436.58,14304.47,478,Online Pharmacy,Q2,May
TXN004119,2024-04-23,East,India,Trulicity,Diabetes,Mercy General,Non-Prescriber,Rep_028,444,139029.95,5383.83,50703.44,82942.68,9153.66,178,Online Pharmacy,Q2,April
TXN004120,2023-05-09,West,Germany,Herceptin,Oncology,Cleveland Partners,High Prescriber,Rep_019,145,53453.16,3090.47,17098.67,33264.02,3223.05,283,Retail Pharmacy,Q2,May
TXN004121,2023-04-17,East,India,Eliquis,Cardiology,Sunrise Clinic,High Prescriber,Rep_015,173,11150.75,520.57,3900.53,6729.65,275.92,204,Retail Pharmacy,Q2,April
TXN004122,2023-10-29,Central,UAE,Brilinta,Cardiology,Mercy General,Medium Prescriber,Rep_010,267,82892.03,7714.92,29651.46,45525.65,3322.28,399,Government,Q4,October
TXN004123,2024-09-09,North,USA,Keytruda,Oncology,Mercy General,High Prescriber,Rep_006,100,8615.33,1550.76,3043.65,4020.92,288.6,222,Retail Pharmacy,Q3,September
TXN004124,2025-08-06,Central,UAE,Opdivo,Oncology,Sunrise Clinic,High Prescriber,Rep_036,219,103830.75,7670.49,27673.06,68487.2,3596.09,244,Online Pharmacy,Q3,August
TXN004125,2025-03-21,South,Brazil,Prevnar,Vaccines,St. Luke's,Medium Prescriber,Rep_030,83,6831.91,262.26,2998.54,3571.11,189.41,381,Retail Pharmacy,Q1,March
TXN004126,2023-12-08,North,USA,Vyepti,Neurology,Mercy General,Medium Prescriber,Rep_031,359,141143.33,25405.8,40469.45,75268.08,5672.1,372,Hospital,Q4,December
TXN004127,2025-09-19,North,USA,Entresto,Cardiology,Apollo Hospital,Medium Prescriber,Rep_037,136,87191.14,15694.41,33233.55,38263.18,3234.85,226,Government,Q3,September
TXN004128,2023-02-03,North,USA,Nurtec,Neurology,City Medical Center,Medium Prescriber,Rep_033,122,30412.34,5474.22,13598.97,11339.15,2261.12,287,Hospital,Q1,February
TXN004129,2023-11-06,Central,UAE,Prevnar,Vaccines,Apollo Hospital,Medium Prescriber,Rep_038,461,238460.31,12217.98,80413.18,145829.15,14459.32,95,Government,Q4,November
TXN004130,2024-06-08,Central,UAE,Brilinta,Cardiology,City Medical Center,Non-Prescriber,Rep_031,190,16987.2,1181.03,4253.63,11552.54,493.82,116,Online Pharmacy,Q2,June
TXN004131,2023-08-22,West,Germany,Opdivo,Oncology,Sunrise Clinic,Non-Prescriber,Rep_009,113,43296.3,2130.01,14445.9,26720.39,1970.69,307,Government,Q3,August
TXN004132,2024-11-09,North,USA,Keytruda,Oncology,Mercy General,Medium Prescriber,Rep_006,315,249656.42,44938.16,84040.54,120677.72,13767.32,317,Government,Q4,November
TXN004133,2025-01-27,East,India,Brilinta,Cardiology,Apollo Hospital,Medium Prescriber,Rep_013,348,23966.77,1812.6,8281.5,13872.67,1867.77,94,Government,Q1,January
TXN004134,2023-11-11,West,Germany,Aduhelm,Neurology,Apollo Hospital,Medium Prescriber,Rep_038,277,97175.99,8799.23,36679.51,51697.25,3704.82,339,Government,Q4,November
TXN004135,2024-02-05,South,Brazil,Keytruda,Oncology,Metro Health,Low Prescriber,Rep_005,179,103016.57,5027.56,39547.54,58441.47,4234.53,373,Online Pharmacy,Q1,February
TXN004136,2023-12-22,South,Brazil,Ozempic,Diabetes,St. Luke's,Medium Prescriber,Rep_008,292,159177.37,4992.22,61140.49,93044.66,6892.57,21,Government,Q4,December
TXN004137,2024-10-10,South,Brazil,Opdivo,Oncology,St. Luke's,Medium Prescriber,Rep_001,195,108121.46,6321.64,48055.48,53744.34,6825.91,470,Hospital,Q4,October
TXN004138,2025-04-05,East,India,Avastin,Oncology,St. Luke's,Medium Prescriber,Rep_011,292,83679.04,5720.63,21086.46,56871.95,6627.2,395,Retail Pharmacy,Q2,April
TXN004139,2023-06-26,North,USA,Eliquis,Cardiology,Sunrise Clinic,Medium Prescriber,Rep_034,125,26815.39,4826.77,8401.53,13587.09,2060.62,242,Online Pharmacy,Q2,June
TXN004140,2024-11-20,East,India,Prevnar,Vaccines,Mercy General,Low Prescriber,Rep_033,157,58463.12,3467.7,19533.86,35461.56,3608.65,232,Government,Q4,November
TXN004141,2025-11-15,Central,UAE,Opdivo,Oncology,Cleveland Partners,Non-Prescriber,Rep_025,66,28365.96,2715.93,11348.71,14301.32,853.06,125,Retail Pharmacy,Q4,November
TXN004142,2025-07-28,East,India,Trulicity,Diabetes,St. Luke's,Non-Prescriber,Rep_002,459,360825.28,15718.06,116046.16,229061.06,7757.52,154,Online Pharmacy,Q3,July
TXN004143,2024-11-27,West,Germany,Entresto,Cardiology,Apollo Hospital,High Prescriber,Rep_015,142,99161.04,7201.31,35608.96,56350.77,7666.48,57,Online Pharmacy,Q4,November
TXN004144,2023-03-19,South,Brazil,Vyepti,Neurology,Cleveland Partners,Medium Prescriber,Rep_007,271,161520.96,6654.88,70625.94,84240.14,5298.44,210,Online Pharmacy,Q1,March
TXN004145,2025-02-03,West,Germany,Shingrix,Vaccines,Sunrise Clinic,High Prescriber,Rep_016,248,48940.96,3333.5,13974.17,31633.29,1166.62,371,Hospital,Q1,February
TXN004146,2025-09-30,West,Germany,Entresto,Cardiology,Mercy General,Low Prescriber,Rep_008,312,215455.8,18039.7,70076.52,127339.58,7127.59,94,Government,Q3,September
TXN004147,2023-12-16,East,India,Vyepti,Neurology,Mercy General,High Prescriber,Rep_001,247,86505.46,4260.73,23945.39,58299.34,6084.51,363,Government,Q4,December
TXN004148,2024-06-17,West,Germany,Keytruda,Oncology,Metro Health,High Prescriber,Rep_017,216,143187.48,12062.32,53665.98,77459.18,5376.26,470,Hospital,Q2,June
TXN004149,2025-12-03,North,USA,Trulicity,Diabetes,St. Luke's,Non-Prescriber,Rep_031,264,122987.83,22137.81,34310.71,66539.31,2496.25,329,Hospital,Q4,December
TXN004150,2025-09-26,Central,UAE,Ozempic,Diabetes,Metro Health,Low Prescriber,Rep_024,347,200125.26,18674.22,68292.67,113158.37,11428.29,22,Retail Pharmacy,Q3,September
TXN004151,2023-12-24,South,Brazil,Opdivo,Oncology,City Medical Center,High Prescriber,Rep_006,113,60975.05,4041.76,15362.35,41570.94,1598.59,404,Hospital,Q4,December
TXN004152,2025-08-01,South,Brazil,Shingrix,Vaccines,Sunrise Clinic,Medium Prescriber,Rep_013,167,16348.41,1481.58,5448.08,9418.75,1188.2,188,Online Pharmacy,Q3,August
TXN004153,2025-05-05,South,Brazil,Keytruda,Oncology,City Medical Center,High Prescriber,Rep_004,172,116752.28,7585.45,38608.77,70558.06,7896.06,180,Hospital,Q2,May
TXN004154,2024-03-03,North,USA,Vyepti,Neurology,Sunrise Clinic,Medium Prescriber,Rep_012,134,63110.29,11359.85,28108.6,23641.84,3655.2,315,Government,Q1,March
TXN004155,2025-01-06,West,Germany,Aduhelm,Neurology,Sunrise Clinic,Low Prescriber,Rep_018,549,199964.98,12970.04,80348.91,106646.03,4210.8,251,Hospital,Q1,January
TXN004156,2025-01-08,North,USA,Eliquis,Cardiology,City Medical Center,High Prescriber,Rep_026,348,55732.89,10031.92,18946.8,26754.17,3111.12,443,Hospital,Q1,January
TXN004157,2023-05-26,Central,UAE,Herceptin,Oncology,City Medical Center,High Prescriber,Rep_019,199,76786.83,5246.08,22268.18,49272.57,4157.97,206,Government,Q2,May
TXN004158,2025-04-06,North,USA,Vyepti,Neurology,Apollo Hospital,Non-Prescriber,Rep_027,53,19205.87,3457.06,6874.33,8874.48,1309.79,271,Government,Q2,April
TXN004159,2024-08-21,South,Brazil,Nurtec,Neurology,Cleveland Partners,Medium Prescriber,Rep_025,147,47089.91,3734.93,15882.98,27472.0,3102.77,55,Hospital,Q3,August
TXN004160,2023-04-03,North,USA,Ozempic,Diabetes,Mercy General,Low Prescriber,Rep_023,377,177208.29,31897.49,56668.48,88642.32,5571.63,33,Government,Q2,April
TXN004161,2025-07-15,Central,UAE,Aduhelm,Neurology,Metro Health,High Prescriber,Rep_013,99,37793.44,2618.77,13299.13,21875.54,2333.15,136,Hospital,Q3,July
TXN004162,2023-10-25,North,USA,Comirnaty,Vaccines,Cleveland Partners,High Prescriber,Rep_029,170,99381.75,17888.72,35733.46,45759.57,5111.84,495,Retail Pharmacy,Q4,October
TXN004163,2023-01-20,Central,UAE,Keytruda,Oncology,City Medical Center,Low Prescriber,Rep_036,267,102919.41,8490.59,40525.06,53903.76,3996.27,125,Online Pharmacy,Q1,January
TXN004164,2025-03-16,East,India,Brilinta,Cardiology,City Medical Center,Medium Prescriber,Rep_010,351,181571.72,15289.08,72585.85,93696.79,8423.78,136,Retail Pharmacy,Q1,March
TXN004165,2023-08-07,South,Brazil,Keytruda,Oncology,Sunrise Clinic,Medium Prescriber,Rep_012,99,29452.95,1985.58,12162.8,15304.57,2324.91,163,Government,Q3,August
TXN004166,2024-12-19,West,Germany,Brilinta,Cardiology,Sunrise Clinic,Non-Prescriber,Rep_030,178,121474.44,4922.73,50291.24,66260.47,5898.8,385,Retail Pharmacy,Q4,December
TXN004167,2025-02-05,West,Germany,Entresto,Cardiology,Metro Health,Medium Prescriber,Rep_034,258,176456.55,6754.61,74117.15,95584.79,3657.8,435,Hospital,Q1,February
TXN004168,2025-03-09,North,USA,Opdivo,Oncology,City Medical Center,Non-Prescriber,Rep_029,146,68898.67,12401.76,18222.22,38274.69,3186.79,491,Government,Q1,March
TXN004169,2025-04-21,East,India,Opdivo,Oncology,Sunrise Clinic,Non-Prescriber,Rep_008,182,36847.79,2076.69,10461.81,24309.29,1364.59,181,Retail Pharmacy,Q2,April
TXN004170,2025-06-30,East,India,Vyepti,Neurology,Cleveland Partners,Non-Prescriber,Rep_029,173,63050.4,5269.78,16720.63,41059.99,4124.94,173,Government,Q2,June
TXN004171,2024-03-07,Central,UAE,Opdivo,Oncology,Mercy General,Non-Prescriber,Rep_040,69,32438.35,1628.74,9579.79,21229.82,1797.55,134,Hospital,Q1,March
TXN004172,2023-04-22,Central,UAE,Keytruda,Oncology,Apollo Hospital,Non-Prescriber,Rep_030,328,26331.7,1899.64,8826.49,15605.57,1855.53,458,Hospital,Q2,April
TXN004173,2024-01-15,South,Brazil,Keytruda,Oncology,St. Luke's,Non-Prescriber,Rep_008,203,130718.73,11749.13,36890.51,82079.09,7217.45,461,Hospital,Q1,January
TXN004174,2025-09-06,North,USA,Nurtec,Neurology,St. Luke's,High Prescriber,Rep_007,86,59010.91,10621.96,15287.58,33101.37,2669.21,247,Online Pharmacy,Q3,September
TXN004175,2023-10-07,Central,UAE,Opdivo,Oncology,Cleveland Partners,High Prescriber,Rep_018,183,111395.01,10404.1,40051.16,60939.75,8592.57,116,Hospital,Q4,October
TXN004176,2023-08-01,East,India,Brilinta,Cardiology,Mercy General,High Prescriber,Rep_019,143,27469.4,1005.36,7453.02,19011.02,1599.09,103,Government,Q3,August
TXN004177,2023-09-15,North,USA,Brilinta,Cardiology,Cleveland Partners,Non-Prescriber,Rep_016,260,128249.34,23084.88,53667.64,51496.82,5619.4,55,Online Pharmacy,Q3,September
TXN004178,2025-05-24,South,Brazil,Brilinta,Cardiology,Metro Health,Non-Prescriber,Rep_026,393,68061.03,2730.58,19305.34,46025.11,1590.76,211,Government,Q2,May
TXN004179,2024-11-13,North,USA,Ozempic,Diabetes,Metro Health,Low Prescriber,Rep_009,189,100334.49,18060.21,42785.39,39488.89,5723.33,39,Online Pharmacy,Q4,November
TXN004180,2024-08-07,North,USA,Nurtec,Neurology,Metro Health,High Prescriber,Rep_010,243,136778.17,24620.07,49520.02,62638.08,8301.86,483,Hospital,Q3,August
TXN004181,2024-05-24,South,Brazil,Opdivo,Oncology,Cleveland Partners,High Prescriber,Rep_020,407,222895.11,20939.26,71538.99,130416.86,8658.01,331,Government,Q2,May
TXN004182,2024-01-24,North,USA,Keytruda,Oncology,Metro Health,High Prescriber,Rep_029,119,57993.06,10438.75,14614.64,32939.67,2078.1,478,Online Pharmacy,Q1,January
TXN004183,2023-03-03,North,USA,Opdivo,Oncology,Metro Health,Non-Prescriber,Rep_029,75,24389.26,4390.07,10622.97,9376.22,1674.93,198,Retail Pharmacy,Q1,March
TXN004184,2024-04-30,South,Brazil,Ozempic,Diabetes,City Medical Center,Medium Prescriber,Rep_012,339,85352.31,5952.95,33164.83,46234.53,4309.2,26,Online Pharmacy,Q2,April
TXN004185,2024-03-28,North,USA,Herceptin,Oncology,City Medical Center,Medium Prescriber,Rep_022,337,238997.35,43019.52,83186.05,112791.78,10708.8,376,Hospital,Q1,March
TXN004186,2023-01-06,North,USA,Opdivo,Oncology,Apollo Hospital,Medium Prescriber,Rep_019,143,78847.76,14192.6,33133.85,31521.31,5044.83,105,Hospital,Q1,January
TXN004187,2025-10-25,East,India,Eliquis,Cardiology,City Medical Center,Non-Prescriber,Rep_037,184,44991.85,4490.14,15273.66,25228.05,1622.85,233,Government,Q4,October
TXN004188,2025-02-08,North,USA,Herceptin,Oncology,St. Luke's,Non-Prescriber,Rep_009,149,95287.61,17151.77,40003.0,38132.84,4180.04,226,Hospital,Q1,February
TXN004189,2025-11-26,Central,UAE,Avastin,Oncology,Apollo Hospital,Low Prescriber,Rep_028,389,260509.15,13767.87,100927.61,145813.67,14847.35,248,Hospital,Q4,November
TXN004190,2024-01-02,South,Brazil,Nurtec,Neurology,Metro Health,Low Prescriber,Rep_001,292,198789.07,7270.97,84980.68,106537.42,13115.19,411,Retail Pharmacy,Q1,January
TXN004191,2023-01-15,Central,UAE,Trulicity,Diabetes,Mercy General,Low Prescriber,Rep_026,80,8434.96,719.92,3320.15,4394.89,276.98,184,Hospital,Q1,January
TXN004192,2023-12-18,West,Germany,Opdivo,Oncology,St. Luke's,Non-Prescriber,Rep_024,265,26208.66,1662.72,10035.54,14510.4,789.38,455,Government,Q4,December
TXN004193,2024-11-22,Central,UAE,Brilinta,Cardiology,City Medical Center,Low Prescriber,Rep_034,283,69255.33,4583.5,25336.09,39335.74,4006.83,322,Online Pharmacy,Q4,November
TXN004194,2025-02-22,East,India,Avastin,Oncology,Mercy General,Non-Prescriber,Rep_028,451,239942.86,15562.25,65091.96,159288.65,6419.44,282,Government,Q1,February
TXN004195,2023-04-02,Central,UAE,Entresto,Cardiology,Cleveland Partners,High Prescriber,Rep_036,264,54909.37,4258.82,21663.9,28986.65,2918.82,425,Hospital,Q2,April
TXN004196,2025-07-13,South,Brazil,Ozempic,Diabetes,Mercy General,Low Prescriber,Rep_034,309,232060.17,20999.16,77252.51,133808.5,10843.27,23,Government,Q3,July
TXN004197,2024-10-31,North,USA,Trulicity,Diabetes,Apollo Hospital,Medium Prescriber,Rep_011,106,47424.96,8536.49,18086.47,20802.0,2916.08,251,Government,Q4,October
TXN004198,2024-03-09,Central,UAE,Comirnaty,Vaccines,Apollo Hospital,High Prescriber,Rep_031,207,70447.57,2598.28,29970.45,37878.84,3099.7,462,Government,Q1,March
TXN004199,2024-04-28,Central,UAE,Ozempic,Diabetes,City Medical Center,Low Prescriber,Rep_011,255,67533.87,3206.44,25108.32,39219.11,4327.33,18,Online Pharmacy,Q2,April
TXN004200,2024-10-16,North,USA,Aduhelm,Neurology,St. Luke's,Medium Prescriber,Rep_034,320,142364.24,25625.56,59995.94,56742.74,10207.72,495,Hospital,Q4,October
TXN004201,2023-04-26,South,Brazil,Jardiance,Diabetes,Mercy General,High Prescriber,Rep_038,348,187989.16,13081.22,78670.08,96237.86,8733.38,412,Hospital,Q2,April
TXN004202,2025-04-28,South,Brazil,Trulicity,Diabetes,City Medical Center,Medium Prescriber,Rep_028,606,331461.26,20994.79,94122.63,216343.84,21461.11,282,Hospital,Q2,April
TXN004203,2023-09-25,Central,UAE,Opdivo,Oncology,Mercy General,Medium Prescriber,Rep_022,275,99816.54,8070.32,35944.79,55801.43,6914.0,491,Retail Pharmacy,Q3,September
TXN004204,2024-11-23,South,Brazil,Eliquis,Cardiology,St. Luke's,Low Prescriber,Rep_002,170,105271.08,9746.07,29841.42,65683.59,3464.13,186,Government,Q4,November
TXN004205,2025-11-25,North,USA,Opdivo,Oncology,City Medical Center,Medium Prescriber,Rep_016,83,33140.55,5965.3,8896.9,18278.35,848.47,167,Online Pharmacy,Q4,November
TXN004206,2025-11-17,West,Germany,Ozempic,Diabetes,Metro Health,Low Prescriber,Rep_037,147,77844.23,3121.63,31423.92,43298.68,5427.43,23,Retail Pharmacy,Q4,November
TXN004207,2025-11-19,North,USA,Opdivo,Oncology,Metro Health,High Prescriber,Rep_017,211,132092.61,23776.67,55681.34,52634.6,6837.99,432,Hospital,Q4,November
TXN004208,2024-06-13,East,India,Entresto,Cardiology,Metro Health,Non-Prescriber,Rep_007,230,89554.63,5971.42,26229.76,57353.45,4699.52,255,Government,Q2,June
TXN004209,2025-11-28,Central,UAE,Entresto,Cardiology,Apollo Hospital,Medium Prescriber,Rep_023,256,79598.82,4479.97,26863.86,48254.99,2774.73,174,Retail Pharmacy,Q4,November
TXN004210,2023-09-27,East,India,Avastin,Oncology,Cleveland Partners,Medium Prescriber,Rep_039,385,226175.15,18766.23,62799.41,144609.51,12369.24,413,Hospital,Q3,September
TXN004211,2025-02-10,West,Germany,Comirnaty,Vaccines,Metro Health,High Prescriber,Rep_024,228,135772.98,4417.31,50323.81,81031.86,7508.15,135,Retail Pharmacy,Q1,February
TXN004212,2024-06-25,South,Brazil,Herceptin,Oncology,City Medical Center,High Prescriber,Rep_019,231,172107.1,7000.71,54614.31,110492.08,7838.54,359,Government,Q2,June
TXN004213,2024-04-23,East,India,Ozempic,Diabetes,Mercy General,High Prescriber,Rep_032,279,204784.78,14256.44,62888.69,127639.65,10223.36,34,Hospital,Q2,April
TXN004214,2024-02-15,West,Germany,Shingrix,Vaccines,Mercy General,High Prescriber,Rep_036,373,253708.61,24991.37,65628.37,163088.87,12335.17,181,Government,Q1,February
TXN004215,2024-02-10,West,Germany,Aduhelm,Neurology,Mercy General,High Prescriber,Rep_021,279,203396.03,20256.52,52479.01,130660.5,7206.28,470,Government,Q1,February
TXN004216,2025-06-18,South,Brazil,Brilinta,Cardiology,Cleveland Partners,Medium Prescriber,Rep_014,422,102577.41,6307.56,36759.21,59510.64,5267.62,492,Government,Q2,June
TXN004217,2024-05-25,North,USA,Opdivo,Oncology,Mercy General,Low Prescriber,Rep_026,178,80116.13,14420.9,24362.09,41333.14,3153.51,400,Government,Q2,May
TXN004218,2025-12-07,East,India,Vyepti,Neurology,Apollo Hospital,Medium Prescriber,Rep_024,433,171463.16,10829.81,71059.4,89573.95,11362.76,154,Hospital,Q4,December
TXN004219,2023-09-05,South,Brazil,Opdivo,Oncology,Sunrise Clinic,Non-Prescriber,Rep_025,309,107226.65,8063.46,40592.46,58570.73,6314.5,299,Retail Pharmacy,Q3,September
TXN004220,2024-11-05,Central,UAE,Avastin,Oncology,St. Luke's,Low Prescriber,Rep_004,128,11212.23,480.18,3403.45,7328.6,820.78,266,Online Pharmacy,Q4,November
TXN004221,2025-02-23,North,USA,Keytruda,Oncology,Apollo Hospital,Medium Prescriber,Rep_033,146,103627.65,18652.98,40772.79,44201.88,5431.33,380,Hospital,Q1,February
TXN004222,2023-09-30,East,India,Entresto,Cardiology,Mercy General,Medium Prescriber,Rep_015,148,70451.24,2179.9,30828.47,37442.87,1568.97,481,Government,Q3,September
TXN004223,2025-04-17,North,USA,Herceptin,Oncology,Sunrise Clinic,High Prescriber,Rep_029,551,350303.24,63054.58,127131.08,160117.58,7411.23,109,Online Pharmacy,Q2,April
TXN004224,2025-07-29,West,Germany,Avastin,Oncology,Apollo Hospital,Low Prescriber,Rep_025,214,22048.54,1103.96,8483.67,12460.91,506.61,198,Hospital,Q3,July
TXN004225,2025-03-04,North,USA,Opdivo,Oncology,St. Luke's,Medium Prescriber,Rep_002,252,96923.84,17446.29,25290.62,54186.93,7583.36,319,Online Pharmacy,Q1,March
TXN004226,2023-03-22,North,USA,Avastin,Oncology,St. Luke's,Low Prescriber,Rep_036,196,41671.42,7500.86,13095.05,21075.51,2361.21,405,Hospital,Q1,March
TXN004227,2023-01-21,North,USA,Opdivo,Oncology,Sunrise Clinic,Non-Prescriber,Rep_028,264,151539.41,27277.09,64022.76,60239.56,10398.78,389,Hospital,Q1,January
TXN004228,2023-06-22,South,Brazil,Shingrix,Vaccines,Sunrise Clinic,High Prescriber,Rep_019,289,93267.38,6803.45,32867.94,53595.99,5419.49,347,Government,Q2,June
TXN004229,2025-02-07,Central,UAE,Brilinta,Cardiology,Metro Health,Medium Prescriber,Rep_010,389,26067.97,2232.76,11135.25,12699.96,776.0,299,Retail Pharmacy,Q1,February
TXN004230,2025-12-27,East,India,Vyepti,Neurology,Mercy General,High Prescriber,Rep_018,248,123899.6,5303.67,38315.25,80280.68,9847.91,244,Government,Q4,December
TXN004231,2024-12-01,North,USA,Entresto,Cardiology,Cleveland Partners,Medium Prescriber,Rep_031,115,89120.13,16041.62,38193.52,34884.99,7050.88,361,Online Pharmacy,Q4,December
TXN004232,2023-11-15,South,Brazil,Opdivo,Oncology,St. Luke's,High Prescriber,Rep_031,151,90029.24,7873.61,38230.06,43925.57,1933.61,408,Retail Pharmacy,Q4,November
TXN004233,2025-05-01,East,India,Trulicity,Diabetes,St. Luke's,Low Prescriber,Rep_001,236,155963.62,6895.65,61266.99,87800.98,5517.0,206,Hospital,Q2,May
TXN004234,2025-06-30,West,Germany,Nurtec,Neurology,Sunrise Clinic,Medium Prescriber,Rep_031,134,31617.77,1228.14,8976.32,21413.31,2294.94,266,Government,Q2,June
TXN004235,2025-05-30,East,India,Entresto,Cardiology,Mercy General,Low Prescriber,Rep_036,370,127017.27,10557.22,46617.17,69842.88,8133.06,307,Hospital,Q2,May
TXN004236,2023-05-12,West,Germany,Keytruda,Oncology,Sunrise Clinic,Non-Prescriber,Rep_031,129,29538.3,2512.42,9952.13,17073.75,1176.01,457,Online Pharmacy,Q2,May
TXN004237,2023-08-24,South,Brazil,Opdivo,Oncology,St. Luke's,Non-Prescriber,Rep_022,149,95878.78,4338.84,36817.95,54721.99,2250.55,346,Government,Q3,August
TXN004238,2024-10-17,North,USA,Herceptin,Oncology,Apollo Hospital,Low Prescriber,Rep_022,158,38145.31,6866.16,16651.89,14627.26,2221.63,412,Hospital,Q4,October
TXN004239,2023-03-14,North,USA,Entresto,Cardiology,Sunrise Clinic,Low Prescriber,Rep_006,140,21100.75,3798.13,8023.66,9278.96,705.96,422,Government,Q1,March
TXN004240,2024-07-30,Central,UAE,Opdivo,Oncology,Sunrise Clinic,Medium Prescriber,Rep_036,400,309897.22,26493.11,124423.79,158980.32,9993.34,156,Government,Q3,July
TXN004241,2023-10-10,South,Brazil,Herceptin,Oncology,Apollo Hospital,Low Prescriber,Rep_013,176,69738.2,6613.18,20776.82,42348.2,3974.17,497,Hospital,Q4,October
TXN004242,2024-08-29,North,USA,Ozempic,Diabetes,Mercy General,Non-Prescriber,Rep_040,336,221317.91,39837.22,76461.85,105018.84,15820.61,21,Online Pharmacy,Q3,August
TXN004243,2024-07-14,North,USA,Jardiance,Diabetes,Apollo Hospital,Low Prescriber,Rep_008,350,39074.52,7033.41,15753.01,16288.1,2228.55,434,Online Pharmacy,Q3,July
TXN004244,2024-09-17,South,Brazil,Keytruda,Oncology,City Medical Center,Medium Prescriber,Rep_005,102,15991.7,1165.92,4437.08,10388.7,816.92,433,Hospital,Q3,September
TXN004245,2024-10-02,West,Germany,Eliquis,Cardiology,City Medical Center,Low Prescriber,Rep_015,195,81280.67,4915.32,28879.76,47485.59,3482.55,281,Online Pharmacy,Q4,October
TXN004246,2023-06-19,North,USA,Entresto,Cardiology,Cleveland Partners,Low Prescriber,Rep_009,157,123855.09,22293.92,49532.25,52028.92,4364.81,272,Online Pharmacy,Q2,June
TXN004247,2025-02-20,North,USA,Jardiance,Diabetes,City Medical Center,Medium Prescriber,Rep_003,410,312390.32,56230.26,102412.79,153747.27,6310.09,58,Retail Pharmacy,Q1,February
TXN004248,2023-06-29,North,USA,Aduhelm,Neurology,Apollo Hospital,High Prescriber,Rep_025,128,45908.18,8263.47,17224.59,20420.12,2437.45,318,Retail Pharmacy,Q2,June
TXN004249,2024-11-26,North,USA,Shingrix,Vaccines,Metro Health,High Prescriber,Rep_016,306,165055.94,29710.07,49941.36,85404.51,5602.14,157,Government,Q4,November
TXN004250,2025-05-27,South,Brazil,Comirnaty,Vaccines,City Medical Center,Non-Prescriber,Rep_023,439,25856.43,2085.61,10066.29,13704.53,872.79,199,Hospital,Q2,May
TXN004251,2023-04-13,Central,UAE,Comirnaty,Vaccines,Sunrise Clinic,Low Prescriber,Rep_013,322,80701.02,4495.85,29986.37,46218.8,3528.84,155,Hospital,Q2,April
TXN004252,2025-09-29,Central,UAE,Vyepti,Neurology,Cleveland Partners,Non-Prescriber,Rep_010,145,49548.14,3478.92,17459.5,28609.72,1353.41,240,Government,Q3,September
TXN004253,2025-10-03,South,Brazil,Herceptin,Oncology,Apollo Hospital,Low Prescriber,Rep_040,268,166981.31,9970.84,65247.17,91763.3,4691.87,487,Retail Pharmacy,Q4,October
TXN004254,2023-09-20,Central,UAE,Jardiance,Diabetes,Sunrise Clinic,Non-Prescriber,Rep_024,201,51556.96,3856.7,14024.75,33675.51,3119.12,151,Retail Pharmacy,Q3,September
TXN004255,2024-04-29,West,Germany,Herceptin,Oncology,St. Luke's,Low Prescriber,Rep_036,217,106252.86,5165.09,45957.48,55130.29,6058.47,474,Government,Q2,April
TXN004256,2025-08-01,North,USA,Brilinta,Cardiology,Metro Health,Non-Prescriber,Rep_007,78,37168.03,6690.25,9997.01,20480.77,777.2,427,Hospital,Q3,August
TXN004257,2025-03-13,West,Germany,Avastin,Oncology,City Medical Center,Medium Prescriber,Rep_030,208,131635.1,8415.97,37274.58,85944.55,2937.03,494,Online Pharmacy,Q1,March
TXN004258,2025-12-04,East,India,Eliquis,Cardiology,Mercy General,High Prescriber,Rep_039,156,68101.33,6459.64,29156.11,32485.58,2708.0,412,Online Pharmacy,Q4,December
TXN004259,2025-02-03,East,India,Aduhelm,Neurology,City Medical Center,Low Prescriber,Rep_004,162,44335.48,4047.1,15581.44,24706.94,2422.97,155,Retail Pharmacy,Q1,February
TXN004260,2024-11-02,Central,UAE,Eliquis,Cardiology,Cleveland Partners,Non-Prescriber,Rep_016,235,148271.38,11624.53,58566.65,78080.2,3222.36,484,Government,Q4,November
TXN004261,2023-06-26,Central,UAE,Entresto,Cardiology,Mercy General,High Prescriber,Rep_018,190,90911.35,4091.36,37718.92,49101.07,6339.82,319,Government,Q2,June
TXN004262,2024-02-06,East,India,Jardiance,Diabetes,City Medical Center,Low Prescriber,Rep_025,77,11959.49,413.04,3123.17,8423.28,418.21,113,Retail Pharmacy,Q1,February
TXN004263,2025-01-29,North,USA,Vyepti,Neurology,City Medical Center,Low Prescriber,Rep_033,224,169975.8,30595.64,42943.81,96436.35,8753.42,398,Online Pharmacy,Q1,January
TXN004264,2025-03-24,North,USA,Eliquis,Cardiology,Sunrise Clinic,High Prescriber,Rep_001,473,221896.65,39941.4,90459.16,91496.09,12778.56,258,Government,Q1,March
TXN004265,2024-11-06,North,USA,Brilinta,Cardiology,Mercy General,High Prescriber,Rep_031,70,4555.85,820.05,1384.31,2351.49,196.3,180,Government,Q4,November
TXN004266,2024-10-12,South,Brazil,Herceptin,Oncology,Sunrise Clinic,High Prescriber,Rep_016,267,54253.91,4253.85,16721.8,33278.26,1741.72,386,Hospital,Q4,October
TXN004267,2023-11-23,East,India,Opdivo,Oncology,Apollo Hospital,High Prescriber,Rep_004,165,9154.69,517.3,3693.58,4943.81,430.0,306,Online Pharmacy,Q4,November
TXN004268,2024-06-11,North,USA,Prevnar,Vaccines,Sunrise Clinic,High Prescriber,Rep_034,239,174368.0,31386.24,75394.68,67587.08,7538.41,149,Hospital,Q2,June
TXN004269,2023-01-16,Central,UAE,Ozempic,Diabetes,Metro Health,Low Prescriber,Rep_038,185,106995.62,10184.8,37674.31,59136.51,2866.78,25,Online Pharmacy,Q1,January
TXN004270,2025-06-19,West,Germany,Nurtec,Neurology,Sunrise Clinic,Medium Prescriber,Rep_025,221,125347.87,4398.53,54269.55,66679.79,3467.28,89,Retail Pharmacy,Q2,June
TXN004271,2025-03-16,East,India,Keytruda,Oncology,City Medical Center,Medium Prescriber,Rep_036,227,163434.92,7630.59,58458.22,97346.11,12931.63,199,Online Pharmacy,Q1,March
TXN004272,2023-04-03,East,India,Shingrix,Vaccines,Mercy General,Medium Prescriber,Rep_012,654,481432.39,27262.0,177884.1,276286.29,34057.66,318,Retail Pharmacy,Q2,April
TXN004273,2025-09-26,North,USA,Keytruda,Oncology,St. Luke's,Medium Prescriber,Rep_029,118,76575.89,13783.66,32289.94,30502.29,2801.86,239,Government,Q3,September
TXN004274,2023-10-30,North,USA,Avastin,Oncology,Apollo Hospital,Medium Prescriber,Rep_002,293,169624.07,30532.33,44803.92,94287.82,9959.04,268,Online Pharmacy,Q4,October
TXN004275,2025-06-18,North,USA,Shingrix,Vaccines,Metro Health,Non-Prescriber,Rep_019,155,117314.32,21116.58,42963.61,53234.13,3744.53,330,Government,Q2,June
TXN004276,2023-09-14,South,Brazil,Prevnar,Vaccines,Apollo Hospital,Non-Prescriber,Rep_010,152,46754.87,3172.0,12140.76,31442.11,1938.04,272,Government,Q3,September
TXN004277,2025-07-23,North,USA,Herceptin,Oncology,Cleveland Partners,High Prescriber,Rep_016,273,45391.05,8170.39,20083.04,17137.62,3621.39,341,Retail Pharmacy,Q3,July
TXN004278,2025-07-28,East,India,Eliquis,Cardiology,Metro Health,High Prescriber,Rep_038,412,158676.01,9604.22,48813.2,100258.59,10663.39,234,Online Pharmacy,Q3,July
TXN004279,2023-02-07,South,Brazil,Jardiance,Diabetes,St. Luke's,Non-Prescriber,Rep_015,444,139843.09,5034.62,51246.13,83562.34,8728.66,311,Retail Pharmacy,Q1,February
TXN004280,2025-07-31,North,USA,Brilinta,Cardiology,Metro Health,Non-Prescriber,Rep_028,291,224448.23,40400.68,59410.62,124636.93,16514.31,345,Hospital,Q3,July
TXN004281,2023-08-30,Central,UAE,Comirnaty,Vaccines,Cleveland Partners,High Prescriber,Rep_019,150,51561.3,4873.8,17131.94,29555.56,1352.84,73,Online Pharmacy,Q3,August
TXN004282,2025-01-12,East,India,Eliquis,Cardiology,Cleveland Partners,Non-Prescriber,Rep_026,316,221466.37,15163.29,74208.6,132094.48,5339.09,349,Government,Q1,January
TXN004283,2024-10-28,Central,UAE,Opdivo,Oncology,St. Luke's,Medium Prescriber,Rep_035,293,123603.38,4187.2,48232.41,71183.77,6776.32,118,Hospital,Q4,October
TXN004284,2023-05-13,North,USA,Aduhelm,Neurology,Mercy General,Medium Prescriber,Rep_006,424,267538.5,48156.93,99043.55,120338.02,18619.27,169,Online Pharmacy,Q2,May
TXN004285,2024-12-23,West,Germany,Brilinta,Cardiology,City Medical Center,High Prescriber,Rep_017,223,90097.28,3633.5,25868.05,60595.73,6574.83,102,Hospital,Q4,December
TXN004286,2025-08-10,East,India,Trulicity,Diabetes,Apollo Hospital,High Prescriber,Rep_032,104,31928.68,2968.1,9291.37,19669.21,1926.28,385,Retail Pharmacy,Q3,August
TXN004287,2024-09-05,Central,UAE,Shingrix,Vaccines,Apollo Hospital,Non-Prescriber,Rep_033,283,70012.47,3660.85,24345.1,42006.52,4725.74,442,Online Pharmacy,Q3,September
TXN004288,2023-02-27,South,Brazil,Nurtec,Neurology,City Medical Center,High Prescriber,Rep_006,162,69296.47,4788.67,20569.48,43938.32,2918.82,245,Online Pharmacy,Q1,February
TXN004289,2023-10-17,North,USA,Entresto,Cardiology,Cleveland Partners,High Prescriber,Rep_015,184,133496.51,24029.37,55778.53,53688.61,7024.91,366,Hospital,Q4,October
TXN004290,2025-01-11,South,Brazil,Nurtec,Neurology,Metro Health,Low Prescriber,Rep_007,278,136978.92,12671.14,61181.01,63126.77,7708.72,277,Hospital,Q1,January
TXN004291,2025-11-30,East,India,Vyepti,Neurology,St. Luke's,Low Prescriber,Rep_040,186,118360.2,4570.43,52785.06,61004.71,8368.93,366,Government,Q4,November
TXN004292,2025-06-18,Central,UAE,Nurtec,Neurology,St. Luke's,Non-Prescriber,Rep_002,445,127858.68,4107.42,33850.0,89901.26,2594.98,355,Retail Pharmacy,Q2,June
TXN004293,2023-09-29,South,Brazil,Keytruda,Oncology,Cleveland Partners,Medium Prescriber,Rep_032,179,25193.98,2236.0,8825.43,14132.55,994.22,73,Online Pharmacy,Q3,September
TXN004294,2025-08-02,North,USA,Brilinta,Cardiology,St. Luke's,Non-Prescriber,Rep_016,223,89312.54,16076.26,24949.23,48287.05,3426.84,491,Government,Q3,August
TXN004295,2023-09-23,Central,UAE,Jardiance,Diabetes,Metro Health,Low Prescriber,Rep_022,135,96093.15,3595.19,25096.45,67401.51,5371.23,222,Online Pharmacy,Q3,September
TXN004296,2024-07-02,East,India,Entresto,Cardiology,Mercy General,Medium Prescriber,Rep_039,192,24418.94,1549.78,10028.88,12840.28,1064.89,328,Government,Q3,July
TXN004297,2024-05-26,East,India,Entresto,Cardiology,Mercy General,Non-Prescriber,Rep_005,250,84070.87,5113.92,26834.47,52122.48,4979.91,55,Hospital,Q2,May
TXN004298,2025-07-28,North,USA,Keytruda,Oncology,Metro Health,Low Prescriber,Rep_032,246,23684.46,4263.2,9763.36,9657.9,836.41,478,Online Pharmacy,Q3,July
TXN004299,2025-11-01,North,USA,Opdivo,Oncology,Mercy General,Non-Prescriber,Rep_004,125,88955.51,16011.99,26988.81,45954.71,4827.39,160,Online Pharmacy,Q4,November
TXN004300,2023-03-28,North,USA,Avastin,Oncology,Sunrise Clinic,Medium Prescriber,Rep_018,187,20852.66,3753.48,6568.71,10530.47,1300.07,312,Government,Q1,March
TXN004301,2025-11-27,South,Brazil,Vyepti,Neurology,Sunrise Clinic,Medium Prescriber,Rep_007,324,122420.37,8780.59,51477.81,62161.97,8741.25,132,Retail Pharmacy,Q4,November
TXN004302,2025-05-29,South,Brazil,Entresto,Cardiology,City Medical Center,Low Prescriber,Rep_001,206,144276.06,12837.02,43641.0,87798.04,9998.57,198,Online Pharmacy,Q2,May
TXN004303,2023-04-13,East,India,Trulicity,Diabetes,Apollo Hospital,Non-Prescriber,Rep_017,227,27530.24,1068.91,7754.42,18706.91,789.81,89,Hospital,Q2,April
TXN004304,2023-12-05,North,USA,Trulicity,Diabetes,St. Luke's,Non-Prescriber,Rep_011,228,38637.91,6954.82,10142.89,21540.2,3000.05,436,Government,Q4,December
TXN004305,2023-01-08,Central,UAE,Avastin,Oncology,Metro Health,Medium Prescriber,Rep_007,284,113203.92,8520.27,31251.14,73432.51,4009.55,485,Hospital,Q1,January
TXN004306,2025-09-20,Central,UAE,Keytruda,Oncology,Apollo Hospital,Low Prescriber,Rep_023,112,47201.6,3299.3,12873.66,31028.64,1148.75,422,Government,Q3,September
TXN004307,2023-06-06,North,USA,Vyepti,Neurology,Apollo Hospital,Medium Prescriber,Rep_039,164,36009.63,6481.73,13804.24,15723.66,1848.73,319,Retail Pharmacy,Q2,June
TXN004308,2025-09-25,South,Brazil,Trulicity,Diabetes,Metro Health,Non-Prescriber,Rep_002,299,196580.83,18288.09,84134.9,94157.84,11323.73,285,Government,Q3,September
TXN004309,2023-07-23,West,Germany,Brilinta,Cardiology,City Medical Center,Non-Prescriber,Rep_007,29,11986.65,657.89,3331.14,7997.62,693.06,387,Government,Q3,July
TXN004310,2025-07-04,North,USA,Ozempic,Diabetes,Apollo Hospital,Medium Prescriber,Rep_036,98,44894.76,8081.06,13716.83,23096.87,2723.11,21,Hospital,Q3,July
TXN004311,2025-11-11,West,Germany,Herceptin,Oncology,Cleveland Partners,Low Prescriber,Rep_028,533,215878.26,12646.09,61765.23,141466.94,14997.71,408,Retail Pharmacy,Q4,November
TXN004312,2024-03-20,North,USA,Opdivo,Oncology,Sunrise Clinic,High Prescriber,Rep_005,148,18898.23,3401.68,7860.62,7635.93,1479.21,194,Government,Q1,March
TXN004313,2023-06-10,East,India,Keytruda,Oncology,City Medical Center,Low Prescriber,Rep_027,209,27574.91,1197.93,8082.16,18294.82,1920.05,464,Retail Pharmacy,Q2,June
TXN004314,2023-06-26,Central,UAE,Trulicity,Diabetes,Mercy General,Medium Prescriber,Rep_025,205,96220.62,8224.73,29923.29,58072.6,2578.49,312,Hospital,Q2,June
TXN004315,2025-12-22,South,Brazil,Avastin,Oncology,Sunrise Clinic,Non-Prescriber,Rep_019,312,202135.99,12425.94,59610.49,130099.56,9209.98,269,Hospital,Q4,December
TXN004316,2023-04-15,South,Brazil,Opdivo,Oncology,Sunrise Clinic,Non-Prescriber,Rep_005,268,57014.45,5014.79,17442.48,34557.18,3306.49,382,Government,Q2,April
TXN004317,2023-05-23,West,Germany,Eliquis,Cardiology,St. Luke's,Medium Prescriber,Rep_024,330,239551.32,12803.75,69187.6,157559.97,12551.63,223,Government,Q2,May
TXN004318,2023-08-31,Central,UAE,Herceptin,Oncology,Cleveland Partners,Low Prescriber,Rep_028,133,87689.67,4236.93,36039.65,47413.09,5652.76,164,Government,Q3,August
TXN004319,2025-09-16,South,Brazil,Aduhelm,Neurology,Apollo Hospital,Medium Prescriber,Rep_034,162,82465.24,7820.61,35311.34,39333.29,2488.8,324,Hospital,Q3,September
TXN004320,2024-03-11,East,India,Avastin,Oncology,Mercy General,Medium Prescriber,Rep_039,285,135462.51,12066.07,37463.77,85932.67,8954.59,114,Hospital,Q1,March
TXN004321,2024-01-19,North,USA,Keytruda,Oncology,Mercy General,High Prescriber,Rep_029,220,114114.08,20540.53,48327.72,45245.83,4320.73,295,Hospital,Q1,January
TXN004322,2024-08-23,Central,UAE,Aduhelm,Neurology,Mercy General,Medium Prescriber,Rep_014,122,89702.85,6272.93,36067.24,47362.68,6071.79,404,Hospital,Q3,August
TXN004323,2025-01-27,East,India,Eliquis,Cardiology,Metro Health,Non-Prescriber,Rep_034,118,27324.81,824.48,9226.05,17274.28,2006.77,61,Online Pharmacy,Q1,January
TXN004324,2025-04-19,West,Germany,Trulicity,Diabetes,Metro Health,High Prescriber,Rep_023,218,50971.5,3966.15,21108.41,25896.94,2081.86,285,Retail Pharmacy,Q2,April
TXN004325,2023-03-29,West,Germany,Keytruda,Oncology,Apollo Hospital,Non-Prescriber,Rep_036,142,15669.87,546.03,5316.51,9807.33,932.65,132,Online Pharmacy,Q1,March
TXN004326,2025-02-08,South,Brazil,Keytruda,Oncology,Mercy General,Non-Prescriber,Rep_011,188,21643.79,1337.78,8418.48,11887.53,1163.5,376,Government,Q1,February
TXN004327,2023-07-18,West,Germany,Keytruda,Oncology,Apollo Hospital,Medium Prescriber,Rep_021,195,107243.68,7362.9,47101.44,52779.34,2983.08,496,Hospital,Q3,July
TXN004328,2025-06-27,North,USA,Opdivo,Oncology,Sunrise Clinic,High Prescriber,Rep_016,468,114145.02,20546.1,32376.94,61221.98,7231.95,415,Online Pharmacy,Q2,June
TXN004329,2023-04-08,West,Germany,Brilinta,Cardiology,St. Luke's,Medium Prescriber,Rep_032,274,160903.57,11556.72,41873.5,107473.35,6553.83,192,Retail Pharmacy,Q2,April
TXN004330,2024-01-29,West,Germany,Eliquis,Cardiology,Apollo Hospital,Low Prescriber,Rep_039,316,23047.24,1073.88,8688.8,13284.56,670.33,86,Online Pharmacy,Q1,January
TXN004331,2023-07-21,East,India,Herceptin,Oncology,Metro Health,Non-Prescriber,Rep_021,93,7396.9,725.44,3071.14,3600.32,263.67,238,Government,Q3,July
TXN004332,2025-10-26,North,USA,Keytruda,Oncology,Sunrise Clinic,Low Prescriber,Rep_011,240,66106.79,11899.22,16563.28,37644.29,3372.76,408,Retail Pharmacy,Q4,October
TXN004333,2024-12-23,South,Brazil,Opdivo,Oncology,Apollo Hospital,High Prescriber,Rep_013,429,81666.41,4823.96,34281.24,42561.21,3871.34,347,Retail Pharmacy,Q4,December
TXN004334,2023-12-04,North,USA,Entresto,Cardiology,Cleveland Partners,Non-Prescriber,Rep_033,185,84955.15,15291.93,31894.8,37768.42,5209.53,289,Online Pharmacy,Q4,December
TXN004335,2024-07-30,West,Germany,Aduhelm,Neurology,Mercy General,Low Prescriber,Rep_022,402,263890.61,14337.35,76208.91,173344.35,10690.17,53,Online Pharmacy,Q3,July
TXN004336,2025-06-30,West,Germany,Herceptin,Oncology,St. Luke's,Non-Prescriber,Rep_003,154,79090.24,6629.47,35088.95,37371.82,4912.7,295,Government,Q2,June
TXN004337,2025-04-01,Central,UAE,Eliquis,Cardiology,City Medical Center,Low Prescriber,Rep_034,332,104922.1,9567.15,46603.19,48751.76,3914.77,133,Retail Pharmacy,Q2,April
TXN004338,2023-11-09,Central,UAE,Avastin,Oncology,Metro Health,High Prescriber,Rep_032,162,81394.01,6141.0,29716.96,45536.05,3610.37,292,Retail Pharmacy,Q4,November
TXN004339,2023-04-21,Central,UAE,Opdivo,Oncology,Apollo Hospital,Medium Prescriber,Rep_017,143,87413.91,3460.6,22829.62,61123.69,3084.65,90,Hospital,Q2,April
TXN004340,2023-04-19,East,India,Keytruda,Oncology,City Medical Center,Low Prescriber,Rep_028,264,204744.91,17681.91,68554.43,118508.57,9591.74,101,Government,Q2,April
TXN004341,2023-09-20,North,USA,Entresto,Cardiology,Metro Health,Low Prescriber,Rep_022,138,86548.84,15578.79,25698.19,45271.86,5354.2,454,Hospital,Q3,September
TXN004342,2024-08-05,North,USA,Opdivo,Oncology,St. Luke's,Non-Prescriber,Rep_020,161,109706.54,19747.18,45121.14,44838.22,3445.48,462,Online Pharmacy,Q3,August
TXN004343,2024-06-09,North,USA,Aduhelm,Neurology,Sunrise Clinic,High Prescriber,Rep_038,224,56318.51,10137.33,18270.62,27910.56,1315.26,98,Government,Q2,June
TXN004344,2024-05-28,North,USA,Keytruda,Oncology,St. Luke's,Low Prescriber,Rep_030,247,149865.56,26975.8,57312.15,65577.61,10869.94,306,Hospital,Q2,May
TXN004345,2025-02-19,East,India,Keytruda,Oncology,Apollo Hospital,High Prescriber,Rep_010,413,189101.42,12749.86,73152.33,103199.23,12606.13,126,Retail Pharmacy,Q1,February
TXN004346,2023-12-12,North,USA,Brilinta,Cardiology,Cleveland Partners,Medium Prescriber,Rep_011,275,150238.97,27043.01,57799.58,65396.38,10255.81,333,Retail Pharmacy,Q4,December
TXN004347,2024-11-24,West,Germany,Entresto,Cardiology,St. Luke's,Medium Prescriber,Rep_008,179,64738.47,6254.28,28914.9,29569.29,4470.68,165,Online Pharmacy,Q4,November
TXN004348,2025-08-07,North,USA,Nurtec,Neurology,Mercy General,High Prescriber,Rep_017,357,60975.93,10975.67,15822.8,34177.46,1867.14,178,Hospital,Q3,August
TXN004349,2025-12-16,West,Germany,Vyepti,Neurology,Sunrise Clinic,Non-Prescriber,Rep_026,98,21932.47,1684.58,6593.37,13654.52,1740.94,460,Hospital,Q4,December
TXN004350,2024-03-27,West,Germany,Opdivo,Oncology,St. Luke's,Low Prescriber,Rep_004,297,201474.73,15458.62,62627.99,123388.12,8254.6,127,Government,Q1,March
TXN004351,2025-04-20,East,India,Opdivo,Oncology,Cleveland Partners,Low Prescriber,Rep_003,365,236841.93,21708.06,61321.68,153812.19,18934.22,185,Hospital,Q2,April
TXN004352,2024-01-21,North,USA,Ozempic,Diabetes,Cleveland Partners,Medium Prescriber,Rep_017,265,170479.49,30686.31,51150.87,88642.31,10745.11,9,Online Pharmacy,Q1,January
TXN004353,2025-10-30,North,USA,Brilinta,Cardiology,Mercy General,Non-Prescriber,Rep_031,175,41363.92,7445.51,14274.88,19643.53,2120.75,378,Government,Q4,October
TXN004354,2025-11-21,South,Brazil,Keytruda,Oncology,Apollo Hospital,Low Prescriber,Rep_028,187,144314.72,14298.92,59945.74,70070.06,3967.19,312,Retail Pharmacy,Q4,November
TXN004355,2023-05-09,South,Brazil,Opdivo,Oncology,Metro Health,High Prescriber,Rep_030,164,61084.8,5302.33,16215.18,39567.29,4185.69,465,Online Pharmacy,Q2,May
TXN004356,2024-09-11,South,Brazil,Ozempic,Diabetes,Cleveland Partners,Medium Prescriber,Rep_010,256,175512.47,5791.78,56160.32,113560.37,9734.77,16,Hospital,Q3,September
TXN004357,2025-06-04,North,USA,Herceptin,Oncology,Mercy General,Low Prescriber,Rep_002,284,68891.63,12400.49,17575.43,38915.71,3027.64,164,Online Pharmacy,Q2,June
TXN004358,2025-07-25,South,Brazil,Comirnaty,Vaccines,Sunrise Clinic,High Prescriber,Rep_019,285,132885.06,8597.69,51648.03,72639.34,9116.14,423,Online Pharmacy,Q3,July
TXN004359,2023-09-05,Central,UAE,Ozempic,Diabetes,St. Luke's,High Prescriber,Rep_026,184,26370.57,1483.92,6931.71,17954.94,1360.33,8,Government,Q3,September
TXN004360,2025-02-11,East,India,Prevnar,Vaccines,Apollo Hospital,Non-Prescriber,Rep_027,243,107629.14,5248.52,40005.76,62374.86,3966.59,265,Retail Pharmacy,Q1,February
TXN004361,2023-04-01,South,Brazil,Keytruda,Oncology,Mercy General,Medium Prescriber,Rep_032,200,20921.09,1816.71,9002.59,10101.79,776.17,296,Hospital,Q2,April
TXN004362,2023-10-01,West,Germany,Nurtec,Neurology,Metro Health,Medium Prescriber,Rep_004,221,153665.66,14450.07,61620.9,77594.69,8514.06,153,Retail Pharmacy,Q4,October
TXN004363,2023-05-20,East,India,Keytruda,Oncology,Cleveland Partners,Medium Prescriber,Rep_026,165,12775.44,660.32,5146.38,6968.74,713.6,255,Government,Q2,May
TXN004364,2023-10-29,South,Brazil,Eliquis,Cardiology,Apollo Hospital,Non-Prescriber,Rep_017,78,43052.38,3726.16,14482.53,24843.69,3028.73,496,Hospital,Q4,October
TXN004365,2024-05-31,East,India,Aduhelm,Neurology,Sunrise Clinic,Low Prescriber,Rep_016,412,233262.46,21905.64,85203.41,126153.41,17308.63,202,Online Pharmacy,Q2,May
TXN004366,2023-12-21,North,USA,Herceptin,Oncology,City Medical Center,Medium Prescriber,Rep_019,374,285155.28,51327.95,72419.08,161408.25,9752.7,486,Government,Q4,December
TXN004367,2024-11-26,North,USA,Nurtec,Neurology,Apollo Hospital,Non-Prescriber,Rep_038,50,26419.08,4755.43,10979.96,10683.69,778.53,491,Hospital,Q4,November
TXN004368,2025-10-01,North,USA,Keytruda,Oncology,Metro Health,High Prescriber,Rep_004,180,12258.55,2206.54,3397.64,6654.37,483.45,465,Government,Q4,October
TXN004369,2023-08-20,West,Germany,Opdivo,Oncology,Metro Health,High Prescriber,Rep_013,309,193843.17,11208.23,65357.76,117277.18,5559.73,186,Online Pharmacy,Q3,August
TXN004370,2024-01-05,Central,UAE,Keytruda,Oncology,St. Luke's,Medium Prescriber,Rep_029,397,237835.45,17852.24,78977.33,141005.88,17863.5,198,Hospital,Q1,January
TXN004371,2025-06-28,North,USA,Comirnaty,Vaccines,Sunrise Clinic,Non-Prescriber,Rep_033,381,114774.69,20659.44,34106.5,60008.75,9046.41,335,Online Pharmacy,Q2,June
TXN004372,2025-10-14,East,India,Trulicity,Diabetes,Sunrise Clinic,Non-Prescriber,Rep_015,380,271864.29,16649.23,72134.65,183080.41,20880.43,82,Retail Pharmacy,Q4,October
TXN004373,2024-02-07,East,India,Entresto,Cardiology,Metro Health,High Prescriber,Rep_008,195,22000.92,1989.25,8028.94,11982.73,1307.66,317,Retail Pharmacy,Q1,February
TXN004374,2025-11-26,North,USA,Brilinta,Cardiology,Sunrise Clinic,High Prescriber,Rep_020,163,39123.99,7042.32,13410.32,18671.35,1119.11,67,Online Pharmacy,Q4,November
TXN004375,2023-05-05,South,Brazil,Eliquis,Cardiology,St. Luke's,Medium Prescriber,Rep_021,230,49137.22,1702.95,13736.69,33697.58,2427.56,141,Retail Pharmacy,Q2,May
TXN004376,2023-11-19,Central,UAE,Avastin,Oncology,Cleveland Partners,Non-Prescriber,Rep_011,221,164965.12,8570.35,57812.85,98581.92,9065.89,324,Hospital,Q4,November
TXN004377,2025-10-15,West,Germany,Shingrix,Vaccines,Metro Health,Non-Prescriber,Rep_025,459,167668.08,8972.27,75220.89,83474.92,11067.4,143,Retail Pharmacy,Q4,October
TXN004378,2024-04-12,East,India,Opdivo,Oncology,City Medical Center,Medium Prescriber,Rep_009,197,85375.18,7136.51,30975.14,47263.53,5067.57,317,Online Pharmacy,Q2,April
TXN004379,2023-01-01,South,Brazil,Trulicity,Diabetes,Cleveland Partners,High Prescriber,Rep_015,220,147492.25,5705.4,48232.28,93554.57,3396.74,369,Hospital,Q1,January
TXN004380,2025-02-04,East,India,Nurtec,Neurology,Mercy General,High Prescriber,Rep_006,552,56214.03,3576.89,24989.55,27647.59,1421.53,278,Government,Q1,February
TXN004381,2025-11-08,North,USA,Entresto,Cardiology,Sunrise Clinic,High Prescriber,Rep_023,320,139654.25,25137.76,47045.44,67471.05,4928.23,259,Hospital,Q4,November
TXN004382,2023-07-14,North,USA,Opdivo,Oncology,St. Luke's,Low Prescriber,Rep_008,239,154592.28,27826.61,63407.62,63358.05,8536.93,271,Retail Pharmacy,Q3,July
TXN004383,2023-11-19,North,USA,Nurtec,Neurology,Apollo Hospital,Low Prescriber,Rep_021,285,174846.0,31472.28,69915.38,73458.34,7853.47,306,Hospital,Q4,November
TXN004384,2025-10-22,North,USA,Eliquis,Cardiology,Cleveland Partners,Non-Prescriber,Rep_027,208,83877.28,15097.91,22301.17,46478.2,2741.18,121,Government,Q4,October
TXN004385,2025-12-17,North,USA,Trulicity,Diabetes,Mercy General,Non-Prescriber,Rep_023,406,32813.98,5906.52,13647.21,13260.25,2110.96,73,Retail Pharmacy,Q4,December
TXN004386,2023-11-27,East,India,Ozempic,Diabetes,City Medical Center,High Prescriber,Rep_016,109,71342.18,3832.75,27427.68,40081.75,4747.07,33,Online Pharmacy,Q4,November
TXN004387,2023-07-26,North,USA,Trulicity,Diabetes,Metro Health,High Prescriber,Rep_020,135,107001.31,19260.24,38756.27,48984.8,3877.3,192,Retail Pharmacy,Q3,July
TXN004388,2024-01-30,South,Brazil,Herceptin,Oncology,Apollo Hospital,Medium Prescriber,Rep_002,177,28698.71,1734.75,8030.38,18933.58,2226.7,351,Hospital,Q1,January
TXN004389,2025-11-08,East,India,Comirnaty,Vaccines,Mercy General,High Prescriber,Rep_022,189,54017.47,4790.1,14587.46,34639.91,3828.41,324,Hospital,Q4,November
TXN004390,2023-11-27,South,Brazil,Eliquis,Cardiology,Metro Health,High Prescriber,Rep_015,225,27758.74,2188.63,11938.02,13632.09,598.9,298,Online Pharmacy,Q4,November
TXN004391,2024-02-21,East,India,Vyepti,Neurology,Mercy General,Low Prescriber,Rep_036,506,313749.26,10098.29,113320.92,190330.05,19281.98,311,Online Pharmacy,Q1,February
TXN004392,2024-08-20,North,USA,Eliquis,Cardiology,Apollo Hospital,Medium Prescriber,Rep_014,453,170862.62,30755.27,76616.64,63490.71,11267.49,252,Online Pharmacy,Q3,August
TXN004393,2025-12-02,Central,UAE,Nurtec,Neurology,St. Luke's,Medium Prescriber,Rep_033,392,203354.17,17596.57,77691.47,108066.13,12560.57,286,Retail Pharmacy,Q4,December
TXN004394,2025-12-20,North,USA,Aduhelm,Neurology,Metro Health,Non-Prescriber,Rep_002,189,112302.57,20214.46,43429.2,48658.91,8980.06,407,Retail Pharmacy,Q4,December
TXN004395,2023-10-14,South,Brazil,Avastin,Oncology,Apollo Hospital,High Prescriber,Rep_026,226,145174.53,5800.5,36954.71,102419.32,3997.08,383,Online Pharmacy,Q4,October
TXN004396,2024-10-17,West,Germany,Keytruda,Oncology,Sunrise Clinic,Medium Prescriber,Rep_030,205,103739.32,10327.72,34942.78,58468.82,4015.57,140,Retail Pharmacy,Q4,October
TXN004397,2023-05-14,Central,UAE,Comirnaty,Vaccines,Cleveland Partners,High Prescriber,Rep_008,126,12485.85,756.2,3586.35,8143.3,913.95,392,Online Pharmacy,Q2,May
TXN004398,2024-01-12,West,Germany,Herceptin,Oncology,Mercy General,Low Prescriber,Rep_017,593,200464.04,7042.73,68427.98,124993.33,7438.29,213,Retail Pharmacy,Q1,January
TXN004399,2023-10-11,East,India,Vyepti,Neurology,Apollo Hospital,High Prescriber,Rep_038,135,8154.04,258.33,3150.29,4745.42,217.58,141,Government,Q4,October
TXN004400,2023-12-27,South,Brazil,Avastin,Oncology,Metro Health,Medium Prescriber,Rep_016,182,47394.49,2594.39,16158.16,28641.94,1489.7,120,Online Pharmacy,Q4,December
TXN004401,2023-12-28,East,India,Trulicity,Diabetes,Mercy General,High Prescriber,Rep_015,214,104441.36,3584.99,29513.22,71343.15,6987.45,429,Government,Q4,December
TXN004402,2023-08-15,North,USA,Nurtec,Neurology,Sunrise Clinic,High Prescriber,Rep_023,118,31195.83,5615.25,11385.78,14194.8,2256.75,180,Online Pharmacy,Q3,August
TXN004403,2025-12-12,South,Brazil,Shingrix,Vaccines,Cleveland Partners,Low Prescriber,Rep_004,332,85857.39,3526.13,22712.25,59619.01,2903.01,175,Government,Q4,December
TXN004404,2025-04-30,North,USA,Avastin,Oncology,Sunrise Clinic,Non-Prescriber,Rep_012,440,131009.07,23581.63,47250.44,60177.0,9018.15,330,Retail Pharmacy,Q2,April
TXN004405,2024-03-25,South,Brazil,Opdivo,Oncology,Cleveland Partners,Medium Prescriber,Rep_006,35,4725.02,218.08,1373.73,3133.21,362.12,484,Hospital,Q1,March
TXN004406,2024-12-31,East,India,Herceptin,Oncology,Metro Health,High Prescriber,Rep_013,261,44005.75,1794.69,12411.37,29799.69,2463.43,126,Hospital,Q4,December
TXN004407,2023-11-26,Central,UAE,Herceptin,Oncology,Metro Health,Low Prescriber,Rep_014,138,43915.21,1503.61,12555.87,29855.73,1062.59,444,Government,Q4,November
TXN004408,2024-01-21,Central,UAE,Comirnaty,Vaccines,Sunrise Clinic,High Prescriber,Rep_017,279,123814.39,5155.16,47192.43,71466.8,4905.53,70,Online Pharmacy,Q1,January
TXN004409,2023-08-16,West,Germany,Herceptin,Oncology,City Medical Center,Non-Prescriber,Rep_020,214,112522.44,7246.88,32129.48,73146.08,3656.98,243,Government,Q3,August
TXN004410,2024-12-06,North,USA,Entresto,Cardiology,Mercy General,Non-Prescriber,Rep_014,244,156802.55,28224.46,58789.55,69788.54,6346.84,60,Online Pharmacy,Q4,December
TXN004411,2023-12-01,East,India,Avastin,Oncology,Cleveland Partners,Low Prescriber,Rep_009,268,198198.95,8147.93,56299.18,133751.84,6217.13,240,Government,Q4,December
TXN004412,2024-04-28,North,USA,Entresto,Cardiology,Cleveland Partners,Non-Prescriber,Rep_017,404,233788.96,42082.01,94445.63,97261.32,13587.97,173,Retail Pharmacy,Q2,April
TXN004413,2024-07-25,East,India,Trulicity,Diabetes,Sunrise Clinic,Low Prescriber,Rep_034,163,92899.2,3514.01,34895.71,54489.48,1869.52,259,Retail Pharmacy,Q3,July
TXN004414,2024-07-20,West,Germany,Entresto,Cardiology,Mercy General,High Prescriber,Rep_033,204,103014.7,9054.45,41383.7,52576.55,7591.1,427,Government,Q3,July
TXN004415,2025-09-01,North,USA,Keytruda,Oncology,Metro Health,High Prescriber,Rep_034,345,223846.83,40292.43,63639.87,119914.53,6799.31,144,Government,Q3,September
TXN004416,2023-05-13,East,India,Comirnaty,Vaccines,St. Luke's,Medium Prescriber,Rep_028,215,170072.93,9931.2,67815.37,92326.36,11396.34,191,Online Pharmacy,Q2,May
TXN004417,2024-07-15,West,Germany,Opdivo,Oncology,Apollo Hospital,High Prescriber,Rep_009,224,25002.47,1510.27,10496.45,12995.75,877.23,437,Online Pharmacy,Q3,July
TXN004418,2024-01-21,East,India,Ozempic,Diabetes,St. Luke's,Low Prescriber,Rep_037,298,157647.6,7578.74,56791.63,93277.23,5117.57,37,Retail Pharmacy,Q1,January
TXN004419,2023-09-24,South,Brazil,Herceptin,Oncology,Apollo Hospital,High Prescriber,Rep_019,90,24562.98,2405.17,10231.15,11926.66,1499.69,319,Online Pharmacy,Q3,September
TXN004420,2023-12-21,South,Brazil,Eliquis,Cardiology,Cleveland Partners,Non-Prescriber,Rep_024,129,86133.93,6920.1,25251.83,53962.0,3564.26,161,Online Pharmacy,Q4,December
TXN004421,2023-03-26,West,Germany,Eliquis,Cardiology,Cleveland Partners,High Prescriber,Rep_031,114,20726.6,1927.53,6784.12,12014.95,1282.75,306,Retail Pharmacy,Q1,March
TXN004422,2024-10-21,South,Brazil,Prevnar,Vaccines,Apollo Hospital,High Prescriber,Rep_014,138,108149.1,5291.21,43419.58,59438.31,5080.85,158,Online Pharmacy,Q4,October
TXN004423,2025-08-17,Central,UAE,Nurtec,Neurology,Cleveland Partners,Medium Prescriber,Rep_020,217,62130.75,3377.51,26886.34,31866.9,4943.56,327,Retail Pharmacy,Q3,August
TXN004424,2023-05-08,South,Brazil,Shingrix,Vaccines,St. Luke's,High Prescriber,Rep_022,105,78334.27,4485.98,26263.96,47584.33,6149.89,348,Hospital,Q2,May
TXN004425,2025-04-09,South,Brazil,Brilinta,Cardiology,St. Luke's,Non-Prescriber,Rep_032,198,71967.23,5454.47,19062.03,47450.73,2655.04,152,Hospital,Q2,April
TXN004426,2025-02-21,North,USA,Opdivo,Oncology,Cleveland Partners,Medium Prescriber,Rep_034,151,82518.86,14853.39,36245.24,31420.23,2861.06,203,Government,Q1,February
TXN004427,2025-12-24,East,India,Keytruda,Oncology,City Medical Center,Non-Prescriber,Rep_039,209,163666.37,9597.52,45548.56,108520.29,10046.78,414,Retail Pharmacy,Q4,December
TXN004428,2025-03-31,North,USA,Nurtec,Neurology,Metro Health,Low Prescriber,Rep_014,325,174695.1,31445.12,73488.74,69761.24,5425.59,347,Hospital,Q1,March
TXN004429,2025-05-23,East,India,Herceptin,Oncology,Metro Health,Low Prescriber,Rep_009,165,35563.44,1547.02,11889.15,22127.27,837.16,462,Hospital,Q2,May
TXN004430,2025-06-19,North,USA,Shingrix,Vaccines,City Medical Center,Medium Prescriber,Rep_037,126,60782.45,10940.84,18995.97,30845.64,2217.38,455,Hospital,Q2,June
TXN004431,2025-11-12,West,Germany,Trulicity,Diabetes,Metro Health,Non-Prescriber,Rep_013,243,98373.85,5054.99,39577.44,53741.42,4813.96,431,Government,Q4,November
TXN004432,2023-11-16,North,USA,Vyepti,Neurology,Metro Health,Medium Prescriber,Rep_022,143,32083.97,5775.11,14109.52,12199.34,1418.76,117,Government,Q4,November
TXN004433,2024-11-14,West,Germany,Opdivo,Oncology,Metro Health,Low Prescriber,Rep_035,641,88229.61,6703.27,24633.59,56892.75,2122.52,261,Retail Pharmacy,Q4,November
TXN004434,2023-02-16,South,Brazil,Entresto,Cardiology,Apollo Hospital,High Prescriber,Rep_018,184,18757.39,796.04,6813.43,11147.92,1428.6,385,Government,Q1,February
TXN004435,2023-05-15,South,Brazil,Trulicity,Diabetes,Apollo Hospital,High Prescriber,Rep_039,169,37945.83,1169.23,10678.46,26098.14,2859.92,146,Online Pharmacy,Q2,May
TXN004436,2024-11-12,North,USA,Ozempic,Diabetes,Cleveland Partners,High Prescriber,Rep_003,272,87907.93,15823.43,22454.9,49629.6,3107.56,19,Retail Pharmacy,Q4,November
TXN004437,2023-03-02,East,India,Aduhelm,Neurology,Sunrise Clinic,Non-Prescriber,Rep_012,260,94984.2,4985.62,38982.83,51015.75,5997.51,262,Online Pharmacy,Q1,March
TXN004438,2024-03-13,North,USA,Eliquis,Cardiology,Cleveland Partners,Non-Prescriber,Rep_027,326,178206.76,32077.22,73714.59,72414.95,9034.55,453,Government,Q1,March
TXN004439,2024-01-13,South,Brazil,Prevnar,Vaccines,Apollo Hospital,Low Prescriber,Rep_008,197,114445.34,4968.47,42132.06,67344.81,5961.28,181,Government,Q1,January
TXN004440,2025-09-26,South,Brazil,Vyepti,Neurology,Mercy General,Low Prescriber,Rep_001,255,22917.77,742.99,5855.27,16319.51,843.41,260,Retail Pharmacy,Q3,September
TXN004441,2023-04-23,Central,UAE,Eliquis,Cardiology,City Medical Center,Low Prescriber,Rep_028,272,172887.81,15597.58,74060.44,83229.79,11951.42,433,Retail Pharmacy,Q2,April
TXN004442,2023-05-05,West,Germany,Entresto,Cardiology,Sunrise Clinic,Medium Prescriber,Rep_011,336,51021.58,3012.44,19139.84,28869.3,2072.68,189,Online Pharmacy,Q2,May
TXN004443,2025-04-01,South,Brazil,Brilinta,Cardiology,Cleveland Partners,Low Prescriber,Rep_017,562,293818.47,10491.66,112548.85,170777.96,9299.78,226,Online Pharmacy,Q2,April
TXN004444,2025-05-24,West,Germany,Vyepti,Neurology,Sunrise Clinic,Low Prescriber,Rep_017,346,100851.46,8578.63,27642.56,64630.27,5421.27,260,Hospital,Q2,May
TXN004445,2023-07-06,Central,UAE,Jardiance,Diabetes,Sunrise Clinic,Medium Prescriber,Rep_017,196,25470.02,1057.76,11372.92,13039.34,1685.79,61,Hospital,Q3,July
TXN004446,2023-09-08,South,Brazil,Eliquis,Cardiology,Cleveland Partners,Low Prescriber,Rep_025,262,71337.26,4675.23,18731.67,47930.36,4513.31,253,Retail Pharmacy,Q3,September
TXN004447,2024-09-30,North,USA,Shingrix,Vaccines,Sunrise Clinic,Non-Prescriber,Rep_029,315,245003.58,44100.64,83610.6,117292.34,18272.86,223,Online Pharmacy,Q3,September
TXN004448,2023-06-04,West,Germany,Keytruda,Oncology,Cleveland Partners,Non-Prescriber,Rep_038,239,176564.01,14442.45,46689.44,115432.12,11655.39,58,Retail Pharmacy,Q2,June
TXN004449,2025-01-31,East,India,Vyepti,Neurology,Mercy General,Medium Prescriber,Rep_005,364,145839.26,5906.86,54940.14,84992.26,5754.1,436,Hospital,Q1,January
TXN004450,2024-10-21,North,USA,Opdivo,Oncology,Apollo Hospital,Medium Prescriber,Rep_017,60,12285.39,2211.37,3148.8,6925.22,589.56,384,Online Pharmacy,Q4,October
TXN004451,2023-03-23,South,Brazil,Comirnaty,Vaccines,Cleveland Partners,Low Prescriber,Rep_024,271,18089.04,1249.36,7547.88,9291.8,595.81,464,Government,Q1,March
TXN004452,2023-06-24,South,Brazil,Vyepti,Neurology,Metro Health,High Prescriber,Rep_020,84,4607.97,307.37,1293.47,3007.13,247.7,382,Retail Pharmacy,Q2,June
TXN004453,2024-03-07,North,USA,Herceptin,Oncology,Mercy General,Medium Prescriber,Rep_004,200,74181.92,13352.75,28377.57,32451.6,3916.79,133,Online Pharmacy,Q1,March
TXN004454,2023-02-26,North,USA,Jardiance,Diabetes,St. Luke's,Low Prescriber,Rep_010,271,58083.08,10454.95,24417.66,23210.47,4596.25,319,Retail Pharmacy,Q1,February
TXN004455,2024-03-24,East,India,Aduhelm,Neurology,St. Luke's,High Prescriber,Rep_002,467,81561.75,7366.61,34236.73,39958.41,3424.79,181,Online Pharmacy,Q1,March
TXN004456,2025-07-31,South,Brazil,Comirnaty,Vaccines,Metro Health,Low Prescriber,Rep_001,192,29232.0,2124.45,9032.25,18075.3,1377.11,292,Government,Q3,July
TXN004457,2024-08-03,North,USA,Eliquis,Cardiology,St. Luke's,High Prescriber,Rep_025,166,26299.2,4733.86,7783.54,13781.8,1129.6,272,Hospital,Q3,August
TXN004458,2025-02-04,East,India,Eliquis,Cardiology,Cleveland Partners,Medium Prescriber,Rep_009,283,25135.82,1649.21,8095.35,15391.26,1726.05,405,Government,Q1,February
TXN004459,2025-05-07,North,USA,Opdivo,Oncology,Sunrise Clinic,Low Prescriber,Rep_034,334,89039.27,16027.07,36808.84,36203.36,3841.77,113,Government,Q2,May
TXN004460,2025-12-02,West,Germany,Herceptin,Oncology,City Medical Center,Non-Prescriber,Rep_033,267,92732.84,9096.74,35712.26,47923.84,2060.64,149,Retail Pharmacy,Q4,December
TXN004461,2024-02-11,South,Brazil,Trulicity,Diabetes,Mercy General,Medium Prescriber,Rep_011,389,247611.28,11162.43,85850.29,150598.56,11599.59,473,Online Pharmacy,Q1,February
TXN004462,2024-08-17,Central,UAE,Eliquis,Cardiology,Sunrise Clinic,Non-Prescriber,Rep_002,448,275252.3,24205.25,78033.91,173013.14,21058.5,74,Retail Pharmacy,Q3,August
TXN004463,2024-11-25,North,USA,Ozempic,Diabetes,Cleveland Partners,Non-Prescriber,Rep_025,244,154411.7,27794.11,58884.32,67733.27,4700.4,30,Online Pharmacy,Q4,November
TXN004464,2023-06-30,East,India,Comirnaty,Vaccines,Metro Health,Medium Prescriber,Rep_004,336,117722.02,10261.34,35511.41,71949.27,6771.75,262,Government,Q2,June
TXN004465,2023-07-12,East,India,Eliquis,Cardiology,Apollo Hospital,Low Prescriber,Rep_015,431,40885.98,1810.22,10871.49,28204.27,2064.36,329,Retail Pharmacy,Q3,July
TXN004466,2025-01-02,North,USA,Ozempic,Diabetes,St. Luke's,Non-Prescriber,Rep_034,224,42079.03,7574.23,14921.69,19583.11,2813.27,19,Retail Pharmacy,Q1,January
TXN004467,2024-09-20,East,India,Jardiance,Diabetes,Cleveland Partners,High Prescriber,Rep_005,181,134142.97,9630.47,57192.66,67319.84,3363.01,152,Retail Pharmacy,Q3,September
TXN004468,2025-03-27,South,Brazil,Keytruda,Oncology,Sunrise Clinic,Non-Prescriber,Rep_015,285,86341.56,4057.56,23813.18,58470.82,2618.09,272,Government,Q1,March
TXN004469,2025-03-25,Central,UAE,Avastin,Oncology,Apollo Hospital,High Prescriber,Rep_010,202,130752.85,7417.56,35306.43,88028.86,8422.07,324,Retail Pharmacy,Q1,March
TXN004470,2023-06-20,Central,UAE,Herceptin,Oncology,Sunrise Clinic,Low Prescriber,Rep_019,149,46354.56,2947.23,13206.38,30200.95,3160.58,219,Hospital,Q2,June
TXN004471,2023-03-13,South,Brazil,Jardiance,Diabetes,Sunrise Clinic,Non-Prescriber,Rep_012,473,64759.83,5192.83,27180.65,32386.35,4100.48,460,Government,Q1,March
TXN004472,2025-09-28,Central,UAE,Avastin,Oncology,Cleveland Partners,High Prescriber,Rep_005,47,7777.67,728.54,1958.08,5091.05,358.37,59,Retail Pharmacy,Q3,September
TXN004473,2023-01-12,East,India,Jardiance,Diabetes,Sunrise Clinic,Medium Prescriber,Rep_015,155,102604.25,7777.51,39626.33,55200.41,3449.1,196,Hospital,Q1,January
TXN004474,2023-12-18,West,Germany,Entresto,Cardiology,Metro Health,Medium Prescriber,Rep_030,240,68840.8,2799.59,22301.04,43740.17,2601.14,322,Government,Q4,December
TXN004475,2023-06-03,North,USA,Keytruda,Oncology,St. Luke's,Low Prescriber,Rep_008,283,162564.44,29261.6,48981.82,84321.02,6269.15,303,Government,Q2,June
TXN004476,2024-12-28,East,India,Prevnar,Vaccines,St. Luke's,Medium Prescriber,Rep_001,342,76736.08,4215.14,27299.94,45221.0,5881.55,167,Online Pharmacy,Q4,December
TXN004477,2024-01-20,East,India,Aduhelm,Neurology,Mercy General,Non-Prescriber,Rep_038,92,5637.21,418.43,2032.96,3185.82,325.79,309,Government,Q1,January
TXN004478,2023-07-18,South,Brazil,Entresto,Cardiology,Sunrise Clinic,Non-Prescriber,Rep_025,367,259621.44,10491.65,95134.28,153995.51,18949.21,149,Government,Q3,July
TXN004479,2025-03-07,North,USA,Entresto,Cardiology,Sunrise Clinic,Non-Prescriber,Rep_021,175,94083.2,16934.98,24582.57,52565.65,6550.32,212,Online Pharmacy,Q1,March
TXN004480,2024-05-10,East,India,Opdivo,Oncology,Apollo Hospital,High Prescriber,Rep_038,234,26614.35,1574.53,7576.58,17463.24,1537.32,168,Government,Q2,May
TXN004481,2025-04-09,North,USA,Ozempic,Diabetes,St. Luke's,Medium Prescriber,Rep_011,148,63054.8,11349.86,19244.36,32460.58,1957.4,33,Hospital,Q2,April
TXN004482,2024-04-28,East,India,Prevnar,Vaccines,Apollo Hospital,Non-Prescriber,Rep_031,149,33298.7,1920.82,11396.01,19981.87,2387.2,236,Online Pharmacy,Q2,April
TXN004483,2023-06-23,South,Brazil,Opdivo,Oncology,Cleveland Partners,Low Prescriber,Rep_035,104,78459.2,5918.14,33156.85,39384.21,5515.58,464,Government,Q2,June
TXN004484,2024-01-07,North,USA,Aduhelm,Neurology,St. Luke's,Non-Prescriber,Rep_026,238,113579.5,20444.31,29755.46,63379.73,8568.6,403,Hospital,Q1,January
TXN004485,2024-11-25,North,USA,Eliquis,Cardiology,City Medical Center,Non-Prescriber,Rep_002,354,64510.37,11611.87,22858.32,30040.18,3949.88,60,Hospital,Q4,November
TXN004486,2025-01-14,West,Germany,Brilinta,Cardiology,Cleveland Partners,High Prescriber,Rep_026,204,119825.58,10542.02,49426.15,59857.41,5893.25,215,Online Pharmacy,Q1,January
TXN004487,2024-01-21,North,USA,Jardiance,Diabetes,Metro Health,Medium Prescriber,Rep_002,269,187149.79,33686.96,67540.37,85922.46,4731.95,363,Hospital,Q1,January
TXN004488,2023-03-24,Central,UAE,Opdivo,Oncology,Apollo Hospital,Low Prescriber,Rep_025,141,103488.17,3360.97,34684.37,65442.83,7420.8,163,Government,Q1,March
TXN004489,2025-10-17,South,Brazil,Eliquis,Cardiology,Apollo Hospital,Low Prescriber,Rep_021,159,125238.75,7352.78,39504.25,78381.72,2776.84,404,Online Pharmacy,Q4,October
TXN004490,2023-04-09,South,Brazil,Comirnaty,Vaccines,St. Luke's,High Prescriber,Rep_027,152,28665.45,2245.06,9272.68,17147.71,1013.71,201,Retail Pharmacy,Q2,April
TXN004491,2024-06-19,North,USA,Eliquis,Cardiology,Apollo Hospital,Low Prescriber,Rep_003,143,64212.67,11558.28,22822.66,29831.73,3578.81,497,Online Pharmacy,Q2,June
TXN004492,2023-10-08,East,India,Herceptin,Oncology,Metro Health,Low Prescriber,Rep_007,267,75715.47,5625.23,28347.79,41742.45,5618.72,156,Online Pharmacy,Q4,October
TXN004493,2025-10-04,East,India,Herceptin,Oncology,Mercy General,Non-Prescriber,Rep_019,181,19990.33,1644.39,5762.67,12583.27,1364.54,83,Retail Pharmacy,Q4,October
TXN004494,2025-08-27,South,Brazil,Keytruda,Oncology,Apollo Hospital,Medium Prescriber,Rep_039,256,57904.46,4035.32,24672.26,29196.88,3984.17,355,Hospital,Q3,August
TXN004495,2025-06-04,South,Brazil,Entresto,Cardiology,City Medical Center,Medium Prescriber,Rep_002,173,66363.12,5732.15,20415.98,40214.99,4804.04,424,Retail Pharmacy,Q2,June
TXN004496,2024-11-26,South,Brazil,Ozempic,Diabetes,St. Luke's,Medium Prescriber,Rep_020,155,8930.84,725.99,2525.79,5679.06,552.9,17,Retail Pharmacy,Q4,November
TXN004497,2023-01-01,East,India,Ozempic,Diabetes,City Medical Center,Low Prescriber,Rep_009,122,26862.31,1125.72,8057.68,17678.91,2103.95,7,Online Pharmacy,Q1,January
TXN004498,2025-06-27,North,USA,Aduhelm,Neurology,Apollo Hospital,Low Prescriber,Rep_038,349,139065.46,25031.78,35341.4,78692.28,4290.29,125,Retail Pharmacy,Q2,June
TXN004499,2025-03-19,Central,UAE,Trulicity,Diabetes,St. Luke's,High Prescriber,Rep_034,201,61913.52,5768.6,22772.24,33372.68,3345.44,299,Online Pharmacy,Q1,March
TXN004500,2025-12-05,West,Germany,Avastin,Oncology,Sunrise Clinic,High Prescriber,Rep_038,103,8521.29,633.28,2210.6,5677.41,268.39,71,Government,Q4,December
TXN004501,2025-03-20,West,Germany,Avastin,Oncology,St. Luke's,Low Prescriber,Rep_023,205,122598.41,6900.68,38074.87,77622.86,4572.48,53,Hospital,Q1,March
TXN004502,2025-12-07,South,Brazil,Avastin,Oncology,Metro Health,Medium Prescriber,Rep_005,574,67399.77,3278.55,18336.87,45784.35,3960.7,98,Hospital,Q4,December
TXN004503,2023-02-17,Central,UAE,Brilinta,Cardiology,Apollo Hospital,Low Prescriber,Rep_022,295,189721.59,11234.56,77896.95,100590.08,13746.75,499,Hospital,Q1,February
TXN004504,2024-09-30,North,USA,Herceptin,Oncology,St. Luke's,Non-Prescriber,Rep_004,168,79622.37,14332.03,35291.69,29998.65,5503.45,213,Hospital,Q3,September
TXN004505,2023-10-04,South,Brazil,Aduhelm,Neurology,Sunrise Clinic,High Prescriber,Rep_007,145,8660.68,841.38,2353.58,5465.72,597.88,489,Retail Pharmacy,Q4,October
TXN004506,2025-03-12,North,USA,Brilinta,Cardiology,Mercy General,Low Prescriber,Rep_035,118,63826.07,11488.69,25351.83,26985.55,1830.51,430,Government,Q1,March
TXN004507,2023-09-24,South,Brazil,Comirnaty,Vaccines,Metro Health,Non-Prescriber,Rep_002,384,276673.35,17188.43,98017.29,161467.63,20027.76,52,Online Pharmacy,Q3,September
TXN004508,2025-11-09,North,USA,Avastin,Oncology,Mercy General,Low Prescriber,Rep_033,353,169584.36,30525.18,46919.03,92140.15,9974.24,192,Hospital,Q4,November
TXN004509,2023-10-28,Central,UAE,Eliquis,Cardiology,Metro Health,Non-Prescriber,Rep_037,148,54326.1,5031.38,22593.81,26700.91,4266.9,387,Online Pharmacy,Q4,October
TXN004510,2025-02-20,North,USA,Vyepti,Neurology,Sunrise Clinic,High Prescriber,Rep_018,112,77888.22,14019.88,30791.79,33076.55,2535.76,126,Hospital,Q1,February
TXN004511,2024-07-28,North,USA,Eliquis,Cardiology,St. Luke's,High Prescriber,Rep_040,247,41436.07,7458.49,10859.28,23118.3,2387.83,76,Online Pharmacy,Q3,July
TXN004512,2023-04-21,South,Brazil,Entresto,Cardiology,Metro Health,Low Prescriber,Rep_004,243,151356.82,14301.83,61772.52,75282.47,11296.68,96,Hospital,Q2,April
TXN004513,2023-06-18,East,India,Avastin,Oncology,Cleveland Partners,Medium Prescriber,Rep_039,104,56328.58,5106.09,21726.96,29495.53,2692.87,346,Hospital,Q2,June
TXN004514,2024-01-11,South,Brazil,Avastin,Oncology,City Medical Center,High Prescriber,Rep_038,458,326224.44,10596.04,143618.1,172010.3,17806.7,288,Hospital,Q1,January
TXN004515,2023-02-01,North,USA,Jardiance,Diabetes,Apollo Hospital,Medium Prescriber,Rep_031,155,26133.06,4703.95,11343.49,10085.62,1048.56,195,Government,Q1,February
TXN004516,2025-03-19,North,USA,Comirnaty,Vaccines,City Medical Center,Low Prescriber,Rep_039,630,414708.96,74647.61,165778.64,174282.71,28430.38,382,Government,Q1,March
TXN004517,2023-07-18,South,Brazil,Eliquis,Cardiology,Mercy General,Non-Prescriber,Rep_034,198,120556.55,6558.64,34607.26,79390.65,6514.05,471,Hospital,Q3,July
TXN004518,2024-03-04,East,India,Keytruda,Oncology,Apollo Hospital,Non-Prescriber,Rep_036,413,118640.47,10050.0,38515.84,70074.63,3183.57,402,Online Pharmacy,Q1,March
TXN004519,2025-05-01,Central,UAE,Brilinta,Cardiology,Mercy General,Non-Prescriber,Rep_028,172,121420.25,10433.77,48825.68,62160.8,3603.77,135,Government,Q2,May
TXN004520,2024-06-14,Central,UAE,Eliquis,Cardiology,Mercy General,High Prescriber,Rep_021,281,28518.74,2001.78,8135.04,18381.92,2027.6,318,Online Pharmacy,Q2,June
TXN004521,2025-06-03,East,India,Herceptin,Oncology,Cleveland Partners,Non-Prescriber,Rep_022,142,70508.39,5605.27,29915.72,34987.4,4636.02,110,Government,Q2,June
TXN004522,2023-08-23,North,USA,Herceptin,Oncology,Cleveland Partners,Medium Prescriber,Rep_020,269,139005.29,25020.95,58888.36,55095.98,3068.88,62,Online Pharmacy,Q3,August
TXN004523,2024-10-02,North,USA,Herceptin,Oncology,St. Luke's,Low Prescriber,Rep_019,277,96631.65,17393.7,41178.69,38059.26,2097.52,188,Online Pharmacy,Q4,October
TXN004524,2024-12-10,North,USA,Brilinta,Cardiology,City Medical Center,Non-Prescriber,Rep_029,158,96035.37,17286.37,31104.43,47644.57,5538.48,270,Retail Pharmacy,Q4,December
TXN004525,2025-03-13,North,USA,Keytruda,Oncology,Cleveland Partners,High Prescriber,Rep_009,204,14680.08,2642.41,5124.62,6913.05,889.11,156,Retail Pharmacy,Q1,March
TXN004526,2023-07-01,North,USA,Trulicity,Diabetes,City Medical Center,High Prescriber,Rep_032,181,57358.75,10324.57,15517.36,31516.82,2855.89,221,Online Pharmacy,Q3,July
TXN004527,2024-02-03,South,Brazil,Aduhelm,Neurology,St. Luke's,Low Prescriber,Rep_008,225,19624.49,640.71,6781.86,12201.92,923.15,77,Online Pharmacy,Q1,February
TXN004528,2024-10-04,North,USA,Nurtec,Neurology,Apollo Hospital,Low Prescriber,Rep_035,165,50851.85,9153.33,17242.13,24456.39,1829.62,355,Hospital,Q4,October
TXN004529,2025-02-06,North,USA,Keytruda,Oncology,Sunrise Clinic,Non-Prescriber,Rep_002,244,28271.97,5088.95,7130.5,16052.52,1737.84,326,Online Pharmacy,Q1,February
TXN004530,2025-12-08,North,USA,Shingrix,Vaccines,City Medical Center,Low Prescriber,Rep_029,219,135694.29,24424.97,60601.75,50667.57,10449.74,80,Hospital,Q4,December
TXN004531,2024-05-19,South,Brazil,Opdivo,Oncology,Sunrise Clinic,Low Prescriber,Rep_001,101,51747.44,3527.82,17927.78,30291.84,3143.94,394,Government,Q2,May
TXN004532,2023-09-03,South,Brazil,Herceptin,Oncology,Cleveland Partners,High Prescriber,Rep_009,443,210850.55,16232.1,66272.82,128345.63,10400.83,392,Online Pharmacy,Q3,September
TXN004533,2025-08-03,North,USA,Opdivo,Oncology,St. Luke's,Non-Prescriber,Rep_018,257,189914.33,34184.58,82726.53,73003.22,7952.21,104,Hospital,Q3,August
TXN004534,2025-10-04,West,Germany,Prevnar,Vaccines,St. Luke's,Low Prescriber,Rep_034,98,21411.66,2006.92,6323.48,13081.26,718.32,445,Hospital,Q4,October
TXN004535,2025-03-03,West,Germany,Aduhelm,Neurology,Apollo Hospital,Low Prescriber,Rep_015,259,99378.53,5736.09,37233.21,56409.23,7915.38,298,Retail Pharmacy,Q1,March
TXN004536,2024-08-21,East,India,Herceptin,Oncology,City Medical Center,Medium Prescriber,Rep_001,257,43324.81,1998.77,11875.64,29450.4,3363.98,81,Hospital,Q3,August
TXN004537,2025-12-21,North,USA,Eliquis,Cardiology,Metro Health,High Prescriber,Rep_014,76,33401.26,6012.23,12327.06,15061.97,2300.98,374,Online Pharmacy,Q4,December
TXN004538,2023-02-04,South,Brazil,Nurtec,Neurology,Mercy General,Medium Prescriber,Rep_040,458,206359.05,12096.26,88595.5,105667.29,10285.29,326,Hospital,Q1,February
TXN004539,2023-03-01,West,Germany,Brilinta,Cardiology,Cleveland Partners,Non-Prescriber,Rep_009,209,76933.62,7676.7,33133.17,36123.75,1728.4,400,Government,Q1,March
TXN004540,2024-04-17,South,Brazil,Herceptin,Oncology,City Medical Center,High Prescriber,Rep_024,329,214286.94,20607.97,65241.08,128437.89,6183.25,491,Hospital,Q2,April
TXN004541,2024-03-03,Central,UAE,Brilinta,Cardiology,Cleveland Partners,Non-Prescriber,Rep_037,189,17522.15,718.04,5055.59,11748.52,424.75,358,Online Pharmacy,Q1,March
TXN004542,2025-01-05,West,Germany,Herceptin,Oncology,City Medical Center,Medium Prescriber,Rep_032,177,12266.0,635.71,4953.94,6676.35,628.43,191,Online Pharmacy,Q1,January
TXN004543,2025-03-19,North,USA,Jardiance,Diabetes,City Medical Center,Non-Prescriber,Rep_033,467,157515.92,28352.87,43729.87,85433.18,8508.34,474,Online Pharmacy,Q1,March
TXN004544,2023-06-22,South,Brazil,Keytruda,Oncology,City Medical Center,High Prescriber,Rep_013,186,77167.91,5428.98,20149.19,51589.74,2356.71,405,Hospital,Q2,June
TXN004545,2025-01-31,West,Germany,Brilinta,Cardiology,Cleveland Partners,Low Prescriber,Rep_039,255,151687.86,8594.28,58651.32,84442.26,6748.55,332,Government,Q1,January
TXN004546,2023-01-19,North,USA,Vyepti,Neurology,City Medical Center,Medium Prescriber,Rep_040,175,17923.88,3226.3,6262.53,8435.05,419.9,399,Retail Pharmacy,Q1,January
TXN004547,2025-10-13,South,Brazil,Eliquis,Cardiology,City Medical Center,Low Prescriber,Rep_019,220,142317.74,9667.41,40767.13,91883.2,7620.51,226,Online Pharmacy,Q4,October
TXN004548,2025-04-13,North,USA,Herceptin,Oncology,Metro Health,Low Prescriber,Rep_024,230,150770.71,27138.73,64344.28,59287.7,4539.13,216,Retail Pharmacy,Q2,April
TXN004549,2024-11-08,South,Brazil,Herceptin,Oncology,Metro Health,High Prescriber,Rep_016,236,123013.55,4084.83,35457.85,83470.87,5665.07,481,Retail Pharmacy,Q4,November
TXN004550,2023-01-21,North,USA,Brilinta,Cardiology,Sunrise Clinic,Non-Prescriber,Rep_001,197,130449.31,23480.88,44722.72,62245.71,7361.33,243,Online Pharmacy,Q1,January
TXN004551,2023-10-28,Central,UAE,Jardiance,Diabetes,City Medical Center,High Prescriber,Rep_007,202,84324.0,7031.22,34792.57,42500.21,3423.61,196,Government,Q4,October
TXN004552,2023-04-06,South,Brazil,Eliquis,Cardiology,Apollo Hospital,Medium Prescriber,Rep_015,290,194808.93,13047.51,82231.33,99530.09,8883.25,266,Hospital,Q2,April
TXN004553,2023-03-26,East,India,Keytruda,Oncology,St. Luke's,High Prescriber,Rep_015,279,51221.9,3358.58,17785.05,30078.27,3619.2,117,Government,Q1,March
TXN004554,2023-05-18,Central,UAE,Ozempic,Diabetes,St. Luke's,Non-Prescriber,Rep_014,213,129566.03,11862.22,55607.94,62095.87,9063.81,5,Hospital,Q2,May
TXN004555,2025-07-06,South,Brazil,Jardiance,Diabetes,Apollo Hospital,High Prescriber,Rep_018,191,95459.97,9282.24,25377.67,60800.06,3387.57,389,Hospital,Q3,July
TXN004556,2025-04-16,East,India,Herceptin,Oncology,City Medical Center,Low Prescriber,Rep_007,154,7949.35,330.95,3461.43,4156.97,174.79,318,Online Pharmacy,Q2,April
TXN004557,2025-05-24,South,Brazil,Keytruda,Oncology,Cleveland Partners,Non-Prescriber,Rep_023,296,72851.46,5535.72,19848.61,47467.13,5435.84,264,Online Pharmacy,Q2,May
TXN004558,2025-04-02,East,India,Brilinta,Cardiology,Cleveland Partners,Non-Prescriber,Rep_018,212,23899.32,1052.78,6761.09,16085.45,575.72,423,Online Pharmacy,Q2,April
TXN004559,2025-02-18,Central,UAE,Vyepti,Neurology,Apollo Hospital,Non-Prescriber,Rep_017,275,121942.43,6703.06,39671.66,75567.71,5124.05,58,Online Pharmacy,Q1,February
TXN004560,2025-08-03,North,USA,Vyepti,Neurology,St. Luke's,High Prescriber,Rep_024,117,76849.37,13832.89,28829.41,34187.07,5152.66,214,Retail Pharmacy,Q3,August
TXN004561,2023-06-11,North,USA,Jardiance,Diabetes,Apollo Hospital,Non-Prescriber,Rep_012,257,173276.87,31189.84,45686.1,96400.93,6533.74,441,Hospital,Q2,June
TXN004562,2023-06-03,East,India,Herceptin,Oncology,St. Luke's,Medium Prescriber,Rep_005,432,52403.97,3729.0,22973.61,25701.36,1592.52,58,Online Pharmacy,Q2,June
TXN004563,2024-11-01,Central,UAE,Opdivo,Oncology,Mercy General,Non-Prescriber,Rep_040,128,52716.21,3304.4,16513.07,32898.74,2894.94,323,Retail Pharmacy,Q4,November
TXN004564,2023-12-09,South,Brazil,Keytruda,Oncology,St. Luke's,High Prescriber,Rep_009,150,94806.78,6607.42,25513.64,62685.72,4289.39,281,Hospital,Q4,December
TXN004565,2025-03-12,North,USA,Shingrix,Vaccines,City Medical Center,Non-Prescriber,Rep_020,362,242721.17,43689.81,65186.53,133844.83,12453.65,410,Retail Pharmacy,Q1,March
TXN004566,2023-01-11,Central,UAE,Vyepti,Neurology,City Medical Center,Non-Prescriber,Rep_017,115,61414.14,2317.35,27460.75,31636.04,3301.91,267,Government,Q1,January
TXN004567,2024-02-13,East,India,Jardiance,Diabetes,Apollo Hospital,Low Prescriber,Rep_022,299,69097.41,3817.49,23057.0,42222.92,1842.32,154,Online Pharmacy,Q1,February
TXN004568,2023-03-11,Central,UAE,Ozempic,Diabetes,Apollo Hospital,High Prescriber,Rep_027,249,42689.83,4222.31,15478.42,22989.1,1235.08,34,Online Pharmacy,Q1,March
TXN004569,2023-07-21,North,USA,Trulicity,Diabetes,St. Luke's,Medium Prescriber,Rep_037,321,178511.34,32132.04,79800.07,66579.23,7845.43,268,Government,Q3,July
TXN004570,2025-02-02,Central,UAE,Ozempic,Diabetes,Mercy General,Non-Prescriber,Rep_012,221,39167.75,2154.5,12287.08,24726.17,1423.47,15,Government,Q1,February
TXN004571,2025-10-14,West,Germany,Avastin,Oncology,Cleveland Partners,High Prescriber,Rep_017,243,30497.93,2359.14,9511.56,18627.23,1230.14,372,Hospital,Q4,October
TXN004572,2025-10-02,Central,UAE,Opdivo,Oncology,Apollo Hospital,Low Prescriber,Rep_026,548,366548.17,18357.59,116032.11,232158.47,22446.39,405,Online Pharmacy,Q4,October
TXN004573,2024-04-19,Central,UAE,Nurtec,Neurology,Sunrise Clinic,Low Prescriber,Rep_025,218,173649.98,16968.68,73280.08,83401.22,13018.15,308,Government,Q2,April
TXN004574,2024-01-27,Central,UAE,Prevnar,Vaccines,St. Luke's,Low Prescriber,Rep_018,478,213094.38,17016.69,68231.1,127846.59,6101.26,156,Online Pharmacy,Q1,January
TXN004575,2024-04-21,East,India,Avastin,Oncology,Sunrise Clinic,Low Prescriber,Rep_031,249,19413.11,1492.85,5341.98,12578.28,964.27,121,Retail Pharmacy,Q2,April
TXN004576,2024-07-10,South,Brazil,Vyepti,Neurology,Metro Health,High Prescriber,Rep_007,170,118493.44,5792.49,41999.43,70701.52,5280.79,62,Government,Q3,July
TXN004577,2024-12-02,East,India,Vyepti,Neurology,Apollo Hospital,Medium Prescriber,Rep_002,434,178680.64,16184.29,73713.72,88782.63,9195.74,481,Online Pharmacy,Q4,December
TXN004578,2023-06-10,North,USA,Nurtec,Neurology,Apollo Hospital,Non-Prescriber,Rep_037,82,37167.23,6690.1,14107.66,16369.47,1776.66,293,Government,Q2,June
TXN004579,2023-03-14,North,USA,Entresto,Cardiology,Apollo Hospital,Medium Prescriber,Rep_014,363,199599.36,35927.88,67134.59,96536.89,4999.71,449,Hospital,Q1,March
TXN004580,2025-05-25,West,Germany,Brilinta,Cardiology,City Medical Center,Non-Prescriber,Rep_005,85,34338.66,3148.51,12959.16,18230.99,1172.53,99,Government,Q2,May
TXN004581,2025-04-23,South,Brazil,Herceptin,Oncology,St. Luke's,Non-Prescriber,Rep_003,629,226013.03,11521.27,81949.08,132542.68,6687.38,372,Hospital,Q2,April
TXN004582,2024-08-18,Central,UAE,Comirnaty,Vaccines,Mercy General,High Prescriber,Rep_023,198,118918.15,11749.98,47202.09,59966.08,2903.71,334,Government,Q3,August
TXN004583,2024-11-19,West,Germany,Entresto,Cardiology,St. Luke's,Low Prescriber,Rep_036,375,243335.56,11050.5,96754.15,135530.91,10163.59,368,Hospital,Q4,November
TXN004584,2023-05-04,Central,UAE,Brilinta,Cardiology,City Medical Center,High Prescriber,Rep_028,377,136747.66,7188.98,51335.21,78223.47,6118.38,226,Hospital,Q2,May
TXN004585,2023-12-08,East,India,Vyepti,Neurology,City Medical Center,Medium Prescriber,Rep_008,247,197141.7,17070.53,74301.37,105769.8,9492.11,150,Retail Pharmacy,Q4,December
TXN004586,2023-08-11,East,India,Prevnar,Vaccines,Cleveland Partners,Non-Prescriber,Rep_018,172,49251.62,2749.36,20220.76,26281.5,1124.03,292,Online Pharmacy,Q3,August
TXN004587,2025-02-07,South,Brazil,Vyepti,Neurology,Mercy General,High Prescriber,Rep_028,212,166746.32,6006.73,46970.27,113769.32,7540.29,475,Online Pharmacy,Q1,February
TXN004588,2024-03-25,East,India,Keytruda,Oncology,Sunrise Clinic,Low Prescriber,Rep_008,121,16084.32,1259.71,6870.89,7953.72,402.77,62,Hospital,Q1,March
TXN004589,2025-09-16,West,Germany,Brilinta,Cardiology,Metro Health,Non-Prescriber,Rep_018,255,166779.54,9098.9,48981.28,108699.36,6704.56,136,Online Pharmacy,Q3,September
TXN004590,2025-09-06,East,India,Herceptin,Oncology,Metro Health,Non-Prescriber,Rep_021,203,56616.2,4834.43,17705.69,34076.08,2435.05,404,Online Pharmacy,Q3,September
TXN004591,2023-05-13,North,USA,Avastin,Oncology,Cleveland Partners,Medium Prescriber,Rep_010,251,73730.33,13271.46,23560.11,36898.76,3223.84,415,Government,Q2,May
TXN004592,2023-10-22,South,Brazil,Trulicity,Diabetes,Mercy General,Non-Prescriber,Rep_028,376,114294.08,4528.25,33593.71,76172.12,2679.82,394,Retail Pharmacy,Q4,October
TXN004593,2024-04-30,East,India,Avastin,Oncology,Metro Health,Medium Prescriber,Rep_033,150,20012.79,1661.98,5649.58,12701.23,1040.39,395,Retail Pharmacy,Q2,April
TXN004594,2023-09-18,West,Germany,Avastin,Oncology,City Medical Center,High Prescriber,Rep_014,98,57139.54,3574.48,18094.39,35470.67,3970.18,494,Hospital,Q3,September
TXN004595,2023-06-18,East,India,Eliquis,Cardiology,St. Luke's,High Prescriber,Rep_011,377,259731.58,16715.73,79894.92,163120.93,20189.08,147,Online Pharmacy,Q2,June
TXN004596,2024-08-29,East,India,Aduhelm,Neurology,Apollo Hospital,Medium Prescriber,Rep_011,284,106360.66,3198.68,37211.86,65950.12,3576.97,134,Retail Pharmacy,Q3,August
TXN004597,2023-06-20,North,USA,Trulicity,Diabetes,Apollo Hospital,High Prescriber,Rep_002,178,123542.92,22237.73,54932.14,46373.05,4029.62,105,Hospital,Q2,June
TXN004598,2023-02-13,East,India,Entresto,Cardiology,Cleveland Partners,High Prescriber,Rep_009,190,42650.95,1740.65,15881.93,25028.37,996.81,366,Retail Pharmacy,Q1,February
TXN004599,2024-10-28,North,USA,Trulicity,Diabetes,Sunrise Clinic,High Prescriber,Rep_008,93,4802.53,864.46,1493.6,2444.47,155.37,328,Retail Pharmacy,Q4,October
TXN004600,2023-03-28,East,India,Ozempic,Diabetes,Mercy General,Low Prescriber,Rep_018,123,36677.27,3654.69,9392.83,23629.75,1259.16,7,Hospital,Q1,March
TXN004601,2024-04-04,South,Brazil,Opdivo,Oncology,St. Luke's,Low Prescriber,Rep_033,199,88471.95,5006.69,38615.04,44850.22,4298.08,112,Government,Q2,April
TXN004602,2023-04-03,South,Brazil,Eliquis,Cardiology,Apollo Hospital,Non-Prescriber,Rep_021,309,41964.64,2179.06,14558.82,25226.76,1499.38,230,Online Pharmacy,Q2,April
TXN004603,2024-05-08,South,Brazil,Opdivo,Oncology,Mercy General,Non-Prescriber,Rep_009,186,21189.58,1034.78,8928.45,11226.35,951.41,312,Government,Q2,May
TXN004604,2024-07-18,North,USA,Keytruda,Oncology,St. Luke's,High Prescriber,Rep_036,355,90435.87,16278.46,28830.54,45326.87,6942.54,147,Retail Pharmacy,Q3,July
TXN004605,2025-09-23,Central,UAE,Vyepti,Neurology,Cleveland Partners,Medium Prescriber,Rep_021,153,13205.6,679.06,5780.97,6745.57,826.67,51,Online Pharmacy,Q3,September
TXN004606,2023-06-21,Central,UAE,Entresto,Cardiology,St. Luke's,High Prescriber,Rep_005,177,105448.02,7132.81,46494.79,51820.42,8105.2,453,Hospital,Q2,June
TXN004607,2023-08-28,North,USA,Herceptin,Oncology,Apollo Hospital,Non-Prescriber,Rep_005,243,16938.41,3048.91,5691.16,8198.34,1209.84,270,Retail Pharmacy,Q3,August
TXN004608,2024-03-16,North,USA,Herceptin,Oncology,Apollo Hospital,High Prescriber,Rep_031,328,240377.72,43267.99,74969.79,122139.94,13989.4,179,Online Pharmacy,Q1,March
TXN004609,2023-07-21,North,USA,Keytruda,Oncology,Mercy General,Low Prescriber,Rep_002,165,129256.45,23266.16,34168.79,71821.5,3315.11,251,Retail Pharmacy,Q3,July
TXN004610,2024-03-13,North,USA,Vyepti,Neurology,Sunrise Clinic,High Prescriber,Rep_005,310,129441.21,23299.42,43025.39,63116.4,4748.97,413,Retail Pharmacy,Q1,March
TXN004611,2024-05-22,East,India,Opdivo,Oncology,City Medical Center,Non-Prescriber,Rep_021,204,13340.85,794.55,4293.01,8253.29,973.46,169,Government,Q2,May
TXN004612,2023-06-29,North,USA,Vyepti,Neurology,Sunrise Clinic,Low Prescriber,Rep_018,171,67077.9,12074.02,30016.38,24987.5,1481.72,221,Hospital,Q2,June
TXN004613,2024-11-13,North,USA,Ozempic,Diabetes,City Medical Center,Non-Prescriber,Rep_019,351,232202.59,41796.47,70860.71,119545.41,5660.87,33,Hospital,Q4,November
TXN004614,2024-10-09,North,USA,Eliquis,Cardiology,Mercy General,Low Prescriber,Rep_028,154,102738.49,18492.93,40631.36,43614.2,4947.7,304,Online Pharmacy,Q4,October
TXN004615,2025-10-30,East,India,Herceptin,Oncology,Sunrise Clinic,High Prescriber,Rep_024,221,107902.52,4655.88,35821.89,67424.75,6535.75,183,Government,Q4,October
TXN004616,2024-11-30,North,USA,Brilinta,Cardiology,City Medical Center,Non-Prescriber,Rep_018,194,86171.83,15510.93,24784.81,45876.09,5283.47,285,Retail Pharmacy,Q4,November
TXN004617,2025-12-16,West,Germany,Opdivo,Oncology,Sunrise Clinic,Non-Prescriber,Rep_007,315,212816.6,16037.05,60677.43,136102.12,10107.83,488,Hospital,Q4,December
TXN004618,2025-01-14,East,India,Aduhelm,Neurology,Apollo Hospital,High Prescriber,Rep_004,95,60344.62,3798.6,18175.9,38370.12,3497.99,144,Online Pharmacy,Q1,January
TXN004619,2024-04-03,South,Brazil,Trulicity,Diabetes,Mercy General,Low Prescriber,Rep_008,285,29432.24,2781.71,7404.71,19245.82,1885.89,475,Hospital,Q2,April
TXN004620,2024-03-09,East,India,Entresto,Cardiology,Sunrise Clinic,High Prescriber,Rep_011,146,70529.61,6824.03,23584.94,40120.64,5189.71,193,Hospital,Q1,March
TXN004621,2024-05-24,South,Brazil,Herceptin,Oncology,St. Luke's,Medium Prescriber,Rep_012,247,27586.03,1085.07,8079.86,18421.1,565.24,71,Hospital,Q2,May
TXN004622,2025-06-28,Central,UAE,Entresto,Cardiology,City Medical Center,Low Prescriber,Rep_008,145,83992.71,6913.3,32598.96,44480.45,5246.16,296,Hospital,Q2,June
TXN004623,2023-10-17,West,Germany,Herceptin,Oncology,Metro Health,Non-Prescriber,Rep_034,250,62799.91,2110.56,21030.76,39658.59,4329.17,228,Government,Q4,October
TXN004624,2024-10-21,East,India,Trulicity,Diabetes,Cleveland Partners,High Prescriber,Rep_015,128,62232.23,3886.37,17007.32,41338.54,1548.91,366,Retail Pharmacy,Q4,October
TXN004625,2024-08-08,West,Germany,Prevnar,Vaccines,Mercy General,High Prescriber,Rep_027,120,38264.8,3631.4,14798.24,19835.16,2800.57,90,Hospital,Q3,August
TXN004626,2024-05-08,South,Brazil,Ozempic,Diabetes,City Medical Center,Low Prescriber,Rep_021,145,96879.11,5107.21,40456.21,51315.69,3943.9,26,Hospital,Q2,May
TXN004627,2025-01-09,South,Brazil,Avastin,Oncology,St. Luke's,Non-Prescriber,Rep_031,579,251006.96,10318.75,71502.51,169185.7,5462.12,63,Retail Pharmacy,Q1,January
TXN004628,2024-11-23,South,Brazil,Keytruda,Oncology,City Medical Center,Medium Prescriber,Rep_026,130,56009.42,4789.93,23830.97,27388.52,3175.74,233,Government,Q4,November
TXN004629,2023-09-10,North,USA,Eliquis,Cardiology,City Medical Center,Medium Prescriber,Rep_027,105,49034.98,8826.3,18526.47,21682.21,2085.17,136,Online Pharmacy,Q3,September
TXN004630,2024-09-09,West,Germany,Aduhelm,Neurology,Sunrise Clinic,Medium Prescriber,Rep_008,165,93500.22,6261.31,30948.93,56289.98,6893.3,169,Government,Q3,September
TXN004631,2023-09-06,West,Germany,Prevnar,Vaccines,Sunrise Clinic,Medium Prescriber,Rep_024,165,130489.6,7369.15,33388.67,89731.78,7954.15,55,Online Pharmacy,Q3,September
TXN004632,2023-04-13,East,India,Opdivo,Oncology,City Medical Center,Medium Prescriber,Rep_022,228,143368.45,13550.58,47432.48,82385.39,3713.0,361,Retail Pharmacy,Q2,April
TXN004633,2024-11-11,West,Germany,Herceptin,Oncology,Cleveland Partners,High Prescriber,Rep_034,316,184720.7,7730.16,62138.79,114851.75,9587.99,222,Government,Q4,November
TXN004634,2023-08-27,South,Brazil,Herceptin,Oncology,St. Luke's,High Prescriber,Rep_018,88,59591.14,3146.78,23681.89,32762.47,3999.25,470,Online Pharmacy,Q3,August
TXN004635,2023-09-24,East,India,Prevnar,Vaccines,Apollo Hospital,High Prescriber,Rep_034,222,90513.5,3765.74,36350.79,50396.97,2009.11,151,Online Pharmacy,Q3,September
TXN004636,2025-08-30,North,USA,Nurtec,Neurology,Mercy General,High Prescriber,Rep_004,161,104434.21,18798.16,29252.09,56383.96,2851.27,278,Hospital,Q3,August
TXN004637,2025-07-10,North,USA,Vyepti,Neurology,Sunrise Clinic,Medium Prescriber,Rep_031,170,86779.22,15620.26,37444.24,33714.72,4277.05,250,Online Pharmacy,Q3,July
TXN004638,2025-04-30,North,USA,Entresto,Cardiology,Mercy General,Low Prescriber,Rep_014,318,246472.85,44365.11,100260.6,101847.14,19681.39,393,Retail Pharmacy,Q2,April
TXN004639,2025-03-28,North,USA,Herceptin,Oncology,Mercy General,Low Prescriber,Rep_011,401,200781.05,36140.59,84587.35,80053.11,6091.64,421,Government,Q1,March
TXN004640,2025-03-26,East,India,Comirnaty,Vaccines,Sunrise Clinic,High Prescriber,Rep_002,304,100002.48,5426.27,31958.94,62617.27,3195.39,330,Online Pharmacy,Q1,March
TXN004641,2025-02-11,East,India,Trulicity,Diabetes,St. Luke's,Non-Prescriber,Rep_027,472,311373.24,30449.98,91987.85,188935.41,8631.34,191,Government,Q1,February
TXN004642,2024-12-24,Central,UAE,Trulicity,Diabetes,Sunrise Clinic,Medium Prescriber,Rep_016,160,96986.62,8891.46,33231.11,54864.05,3622.52,193,Retail Pharmacy,Q4,December
TXN004643,2024-06-30,Central,UAE,Avastin,Oncology,Cleveland Partners,High Prescriber,Rep_006,92,29949.8,2035.07,10208.92,17705.81,1313.83,373,Government,Q2,June
TXN004644,2024-02-15,North,USA,Keytruda,Oncology,Mercy General,High Prescriber,Rep_031,145,9401.17,1692.21,3075.68,4633.28,440.66,297,Retail Pharmacy,Q1,February
TXN004645,2023-05-26,North,USA,Nurtec,Neurology,Sunrise Clinic,Medium Prescriber,Rep_007,72,11403.17,2052.57,3082.03,6268.57,600.33,105,Retail Pharmacy,Q2,May
TXN004646,2023-11-09,West,Germany,Avastin,Oncology,Apollo Hospital,Medium Prescriber,Rep_022,186,44820.15,3442.1,11435.08,29942.97,3489.98,274,Online Pharmacy,Q4,November
TXN004647,2024-02-15,East,India,Keytruda,Oncology,Sunrise Clinic,Medium Prescriber,Rep_003,382,56268.22,3781.2,23958.29,28528.73,4241.93,478,Online Pharmacy,Q1,February
TXN004648,2024-08-29,South,Brazil,Jardiance,Diabetes,Cleveland Partners,High Prescriber,Rep_036,160,111809.74,5981.28,33247.78,72580.68,4148.4,437,Government,Q3,August
TXN004649,2023-05-02,South,Brazil,Entresto,Cardiology,Sunrise Clinic,Low Prescriber,Rep_037,184,146351.64,9065.23,44148.52,93137.89,10764.11,84,Retail Pharmacy,Q2,May
TXN004650,2025-12-12,Central,UAE,Aduhelm,Neurology,City Medical Center,High Prescriber,Rep_039,210,137346.56,10480.06,60920.95,65945.55,7472.5,129,Hospital,Q4,December
TXN004651,2024-06-06,West,Germany,Trulicity,Diabetes,Sunrise Clinic,Non-Prescriber,Rep_021,131,83209.79,2892.57,28200.57,52116.65,1814.64,461,Retail Pharmacy,Q2,June
TXN004652,2024-11-25,North,USA,Avastin,Oncology,Metro Health,Non-Prescriber,Rep_020,138,63956.8,11512.22,21448.86,30995.72,2679.31,149,Online Pharmacy,Q4,November
TXN004653,2025-11-19,East,India,Entresto,Cardiology,Cleveland Partners,Medium Prescriber,Rep_002,436,301744.25,21706.39,107418.36,172619.5,10122.59,361,Retail Pharmacy,Q4,November
TXN004654,2025-10-11,South,Brazil,Herceptin,Oncology,Apollo Hospital,Low Prescriber,Rep_014,253,151859.84,11387.59,58933.63,81538.62,8830.33,228,Government,Q4,October
TXN004655,2025-11-18,North,USA,Vyepti,Neurology,Sunrise Clinic,Non-Prescriber,Rep_034,181,37378.08,6728.05,15503.9,15146.13,2192.13,452,Hospital,Q4,November
TXN004656,2025-12-10,West,Germany,Jardiance,Diabetes,Sunrise Clinic,High Prescriber,Rep_035,264,67603.28,5979.08,22121.68,39502.52,3181.06,128,Government,Q4,December
TXN004657,2024-08-14,South,Brazil,Jardiance,Diabetes,City Medical Center,High Prescriber,Rep_036,116,79895.88,5733.62,25696.71,48465.55,3144.09,194,Online Pharmacy,Q3,August
TXN004658,2023-04-09,South,Brazil,Keytruda,Oncology,Apollo Hospital,Medium Prescriber,Rep_007,182,137432.3,7005.83,44242.43,86184.04,3112.69,163,Retail Pharmacy,Q2,April
TXN004659,2024-11-30,North,USA,Herceptin,Oncology,Sunrise Clinic,Low Prescriber,Rep_013,218,162122.47,29182.04,61186.84,71753.59,11096.47,151,Government,Q4,November
TXN004660,2024-03-05,East,India,Keytruda,Oncology,Apollo Hospital,Low Prescriber,Rep_011,204,30613.82,2444.48,10901.33,17268.01,1716.12,379,Retail Pharmacy,Q1,March
TXN004661,2023-05-17,East,India,Herceptin,Oncology,Mercy General,Non-Prescriber,Rep_003,109,73333.27,3245.99,24127.63,45959.65,2670.09,71,Government,Q2,May
TXN004662,2023-01-12,West,Germany,Eliquis,Cardiology,Metro Health,Medium Prescriber,Rep_009,76,21686.21,1972.13,5738.35,13975.73,472.96,232,Online Pharmacy,Q1,January
TXN004663,2025-09-16,North,USA,Entresto,Cardiology,Apollo Hospital,Low Prescriber,Rep_034,139,31615.01,5690.7,12574.09,13350.22,1344.45,178,Government,Q3,September
TXN004664,2023-11-27,East,India,Prevnar,Vaccines,St. Luke's,Medium Prescriber,Rep_017,183,102585.47,10167.15,44590.26,47828.06,3198.2,436,Retail Pharmacy,Q4,November
TXN004665,2024-09-17,North,USA,Opdivo,Oncology,St. Luke's,Non-Prescriber,Rep_005,64,31223.4,5620.21,9835.62,15767.57,1292.48,56,Retail Pharmacy,Q3,September
TXN004666,2024-08-06,North,USA,Keytruda,Oncology,Cleveland Partners,High Prescriber,Rep_028,317,63803.94,11484.71,21028.93,31290.3,3106.36,312,Government,Q3,August
TXN004667,2025-03-30,South,Brazil,Aduhelm,Neurology,Metro Health,Low Prescriber,Rep_017,492,177051.76,10827.57,75005.77,91218.42,8596.31,407,Retail Pharmacy,Q1,March
TXN004668,2024-02-24,North,USA,Comirnaty,Vaccines,City Medical Center,Low Prescriber,Rep_039,182,122050.49,21969.09,35776.91,64304.49,4493.13,87,Retail Pharmacy,Q1,February
TXN004669,2025-10-18,East,India,Jardiance,Diabetes,Mercy General,Non-Prescriber,Rep_023,74,51934.32,1766.43,13863.56,36304.33,3599.84,417,Retail Pharmacy,Q4,October
TXN004670,2023-07-07,South,Brazil,Keytruda,Oncology,Cleveland Partners,Low Prescriber,Rep_005,378,199407.72,10116.75,79202.26,110088.71,10885.52,437,Government,Q3,July
TXN004671,2023-04-02,East,India,Avastin,Oncology,City Medical Center,High Prescriber,Rep_003,160,89512.21,3296.66,30708.06,55507.49,5288.82,153,Hospital,Q2,April
TXN004672,2024-04-03,North,USA,Brilinta,Cardiology,Mercy General,High Prescriber,Rep_016,186,148390.36,26710.26,48102.77,73577.33,11415.45,215,Hospital,Q2,April
TXN004673,2024-10-09,West,Germany,Opdivo,Oncology,Cleveland Partners,Non-Prescriber,Rep_004,90,69990.71,5238.25,18837.0,45915.46,5457.67,384,Retail Pharmacy,Q4,October
TXN004674,2023-05-19,Central,UAE,Herceptin,Oncology,Cleveland Partners,Medium Prescriber,Rep_029,173,15110.96,1494.04,5921.82,7695.1,873.76,133,Retail Pharmacy,Q2,May
TXN004675,2023-07-16,East,India,Vyepti,Neurology,Mercy General,High Prescriber,Rep_038,206,98371.84,6890.09,29406.78,62074.97,2622.45,284,Online Pharmacy,Q3,July
TXN004676,2024-01-15,West,Germany,Brilinta,Cardiology,Mercy General,Non-Prescriber,Rep_039,285,105070.42,4537.23,42469.67,58063.52,6346.62,368,Government,Q1,January
TXN004677,2023-02-04,East,India,Opdivo,Oncology,Mercy General,Medium Prescriber,Rep_038,151,31571.31,1532.03,8387.42,21651.86,1547.89,64,Government,Q1,February
TXN004678,2024-09-25,North,USA,Aduhelm,Neurology,City Medical Center,High Prescriber,Rep_039,174,12174.4,2191.39,4330.78,5652.23,570.56,314,Online Pharmacy,Q3,September
TXN004679,2023-02-26,East,India,Entresto,Cardiology,Cleveland Partners,Medium Prescriber,Rep_011,172,122492.54,9138.59,47374.75,65979.2,5935.98,474,Hospital,Q1,February
TXN004680,2023-12-17,East,India,Entresto,Cardiology,Metro Health,Medium Prescriber,Rep_033,457,64699.65,1980.57,18312.0,44407.08,5134.33,395,Hospital,Q4,December
TXN004681,2023-11-10,South,Brazil,Nurtec,Neurology,St. Luke's,Medium Prescriber,Rep_037,148,118365.58,4708.77,38751.37,74905.44,8584.33,342,Online Pharmacy,Q4,November
TXN004682,2023-09-29,Central,UAE,Opdivo,Oncology,St. Luke's,High Prescriber,Rep_007,179,130045.85,10724.99,51853.32,67467.54,7182.61,262,Hospital,Q3,September
TXN004683,2023-03-30,West,Germany,Brilinta,Cardiology,St. Luke's,Low Prescriber,Rep_038,422,251686.82,15449.77,80857.66,155379.39,8649.27,240,Online Pharmacy,Q1,March
TXN004684,2025-08-25,Central,UAE,Prevnar,Vaccines,Cleveland Partners,Non-Prescriber,Rep_019,447,208197.99,13866.27,62939.03,131392.69,13121.81,425,Retail Pharmacy,Q3,August
TXN004685,2025-05-11,South,Brazil,Entresto,Cardiology,Cleveland Partners,Non-Prescriber,Rep_036,179,44570.2,2378.94,18823.69,23367.57,3000.3,471,Hospital,Q2,May
TXN004686,2024-02-27,North,USA,Vyepti,Neurology,Sunrise Clinic,Medium Prescriber,Rep_036,232,152647.27,27476.51,56909.9,68260.86,11109.51,78,Online Pharmacy,Q1,February
TXN004687,2025-06-30,North,USA,Herceptin,Oncology,Cleveland Partners,Medium Prescriber,Rep_003,172,70548.11,12698.66,28704.08,29145.37,5213.27,305,Retail Pharmacy,Q2,June
TXN004688,2024-05-25,South,Brazil,Trulicity,Diabetes,Cleveland Partners,Non-Prescriber,Rep_037,237,44348.04,3047.11,15294.61,26006.32,1778.31,351,Hospital,Q2,May
TXN004689,2025-08-14,North,USA,Brilinta,Cardiology,Cleveland Partners,Non-Prescriber,Rep_001,210,67957.41,12232.33,25853.75,29871.33,5367.22,174,Hospital,Q3,August
TXN004690,2023-04-28,East,India,Nurtec,Neurology,Apollo Hospital,High Prescriber,Rep_001,78,50736.74,3397.37,16681.8,30657.57,3790.58,387,Online Pharmacy,Q2,April
TXN004691,2023-11-29,East,India,Eliquis,Cardiology,Apollo Hospital,Medium Prescriber,Rep_036,413,42694.33,2103.14,13546.88,27044.31,2083.14,227,Online Pharmacy,Q4,November
TXN004692,2023-05-16,North,USA,Brilinta,Cardiology,Apollo Hospital,Non-Prescriber,Rep_031,309,56508.91,10171.6,23878.72,22458.59,1810.33,484,Hospital,Q2,May
TXN004693,2024-02-12,East,India,Jardiance,Diabetes,St. Luke's,Non-Prescriber,Rep_035,88,11134.95,336.38,3211.1,7587.47,348.66,132,Online Pharmacy,Q1,February
TXN004694,2024-10-04,South,Brazil,Opdivo,Oncology,Mercy General,Medium Prescriber,Rep_029,273,182822.57,11894.0,54607.07,116321.5,9908.67,465,Hospital,Q4,October
TXN004695,2024-10-28,West,Germany,Nurtec,Neurology,Apollo Hospital,Low Prescriber,Rep_024,278,198577.5,19461.05,86346.81,92769.64,5268.02,381,Online Pharmacy,Q4,October
TXN004696,2024-05-28,South,Brazil,Shingrix,Vaccines,St. Luke's,Low Prescriber,Rep_018,153,9864.96,578.23,4270.72,5016.01,312.34,264,Online Pharmacy,Q2,May
TXN004697,2023-10-31,South,Brazil,Shingrix,Vaccines,St. Luke's,Medium Prescriber,Rep_023,144,79545.61,3940.7,23565.59,52039.32,2183.52,71,Government,Q4,October
TXN004698,2024-07-10,West,Germany,Shingrix,Vaccines,Sunrise Clinic,High Prescriber,Rep_040,274,36441.57,1765.67,10065.53,24610.37,2687.87,94,Government,Q3,July
TXN004699,2024-08-10,East,India,Nurtec,Neurology,Cleveland Partners,Non-Prescriber,Rep_017,394,269779.67,26573.38,69071.08,174135.21,15679.33,159,Hospital,Q3,August
TXN004700,2025-06-30,West,Germany,Vyepti,Neurology,Cleveland Partners,Low Prescriber,Rep_039,106,68709.29,4635.87,26441.86,37631.56,2030.66,52,Retail Pharmacy,Q2,June
TXN004701,2024-03-04,South,Brazil,Shingrix,Vaccines,Apollo Hospital,Medium Prescriber,Rep_038,215,13641.14,1245.43,5017.99,7377.72,663.71,367,Hospital,Q1,March
TXN004702,2023-03-18,North,USA,Brilinta,Cardiology,Sunrise Clinic,Medium Prescriber,Rep_024,113,81889.46,14740.1,23249.07,43900.29,5257.25,115,Online Pharmacy,Q1,March
TXN004703,2025-05-30,East,India,Opdivo,Oncology,Cleveland Partners,Medium Prescriber,Rep_028,241,132338.86,12197.95,50756.23,69384.68,7331.27,117,Online Pharmacy,Q2,May
TXN004704,2025-05-12,Central,UAE,Avastin,Oncology,Cleveland Partners,Low Prescriber,Rep_030,385,69611.37,2456.13,29779.65,37375.59,4190.37,149,Government,Q2,May
TXN004705,2025-03-11,South,Brazil,Jardiance,Diabetes,City Medical Center,Medium Prescriber,Rep_001,303,18442.07,671.13,6211.11,11559.83,406.93,380,Retail Pharmacy,Q1,March
TXN004706,2024-06-26,Central,UAE,Shingrix,Vaccines,City Medical Center,Low Prescriber,Rep_013,396,227294.47,21434.68,75274.37,130585.42,12190.06,428,Online Pharmacy,Q2,June
TXN004707,2023-03-18,South,Brazil,Brilinta,Cardiology,Metro Health,Low Prescriber,Rep_022,172,121293.25,8888.1,48268.21,64136.94,2520.93,202,Government,Q1,March
TXN004708,2025-12-15,South,Brazil,Opdivo,Oncology,St. Luke's,Medium Prescriber,Rep_026,534,210681.45,19725.71,81312.76,109642.98,13427.68,285,Online Pharmacy,Q4,December
TXN004709,2023-05-07,South,Brazil,Herceptin,Oncology,City Medical Center,Medium Prescriber,Rep_023,229,34734.02,3180.61,14677.79,16875.62,1202.44,103,Government,Q2,May
TXN004710,2024-06-28,North,USA,Opdivo,Oncology,Cleveland Partners,Low Prescriber,Rep_032,213,37001.9,6660.34,11643.3,18698.26,1964.86,366,Hospital,Q2,June
TXN004711,2025-09-06,West,Germany,Ozempic,Diabetes,Cleveland Partners,Non-Prescriber,Rep_036,288,130621.35,8048.73,39444.82,83127.8,10428.32,34,Government,Q3,September
TXN004712,2025-11-04,Central,UAE,Vyepti,Neurology,Cleveland Partners,Non-Prescriber,Rep_037,87,30395.15,945.81,11701.76,17747.58,1953.16,68,Retail Pharmacy,Q4,November
TXN004713,2024-07-19,South,Brazil,Prevnar,Vaccines,City Medical Center,Medium Prescriber,Rep_009,211,155184.08,15037.89,41192.92,98953.27,5640.02,163,Government,Q3,July
TXN004714,2024-01-15,North,USA,Prevnar,Vaccines,Sunrise Clinic,Medium Prescriber,Rep_003,195,60261.46,10847.06,23420.3,25994.1,2454.52,195,Government,Q1,January
TXN004715,2024-09-28,South,Brazil,Keytruda,Oncology,Metro Health,High Prescriber,Rep_019,133,54321.14,2521.6,24244.43,27555.11,1890.63,393,Government,Q3,September
TXN004716,2025-12-10,South,Brazil,Trulicity,Diabetes,Mercy General,Low Prescriber,Rep_023,406,281261.47,18176.61,107516.2,155568.66,10935.52,437,Hospital,Q4,December
TXN004717,2025-07-04,South,Brazil,Avastin,Oncology,Mercy General,Medium Prescriber,Rep_024,282,210791.5,7763.03,91461.48,111566.99,14532.5,314,Hospital,Q3,July
TXN004718,2024-11-04,North,USA,Trulicity,Diabetes,Sunrise Clinic,High Prescriber,Rep_012,109,37379.59,6728.33,14823.35,15827.91,2190.68,371,Online Pharmacy,Q4,November
TXN004719,2024-03-13,East,India,Trulicity,Diabetes,Mercy General,Non-Prescriber,Rep_010,286,163437.48,8077.87,48243.6,107116.01,8813.56,138,Government,Q1,March
TXN004720,2023-05-09,North,USA,Entresto,Cardiology,St. Luke's,Low Prescriber,Rep_039,334,23255.04,4185.91,9984.97,9084.16,1276.03,464,Retail Pharmacy,Q2,May
TXN004721,2025-03-02,South,Brazil,Opdivo,Oncology,Cleveland Partners,Low Prescriber,Rep_037,372,210743.75,20732.65,74658.47,115352.63,13502.03,453,Retail Pharmacy,Q1,March
TXN004722,2024-09-25,West,Germany,Brilinta,Cardiology,Sunrise Clinic,Low Prescriber,Rep_014,89,32118.25,2629.73,10104.96,19383.56,2294.05,124,Hospital,Q3,September
TXN004723,2023-07-28,North,USA,Entresto,Cardiology,Cleveland Partners,Non-Prescriber,Rep_025,76,30675.19,5521.53,11598.3,13555.36,1088.58,178,Hospital,Q3,July
TXN004724,2023-11-03,West,Germany,Eliquis,Cardiology,Sunrise Clinic,Medium Prescriber,Rep_006,85,4900.21,333.9,1381.57,3184.74,194.83,109,Online Pharmacy,Q4,November
TXN004725,2024-02-25,Central,UAE,Vyepti,Neurology,Cleveland Partners,Medium Prescriber,Rep_009,152,112758.77,10333.9,35302.54,67122.33,8557.68,108,Online Pharmacy,Q1,February
TXN004726,2024-10-05,Central,UAE,Avastin,Oncology,St. Luke's,Medium Prescriber,Rep_015,250,35092.09,2692.3,9470.45,22929.34,901.28,68,Retail Pharmacy,Q4,October
TXN004727,2023-03-10,East,India,Ozempic,Diabetes,Apollo Hospital,High Prescriber,Rep_003,312,226141.74,17120.84,65105.87,143915.03,16775.13,16,Retail Pharmacy,Q1,March
TXN004728,2023-05-21,South,Brazil,Entresto,Cardiology,Apollo Hospital,Medium Prescriber,Rep_031,173,105567.42,10408.99,35159.38,59999.05,7626.82,400,Government,Q2,May
TXN004729,2023-08-28,North,USA,Prevnar,Vaccines,Cleveland Partners,High Prescriber,Rep_027,165,99057.87,17830.42,41708.62,39518.83,5835.41,333,Retail Pharmacy,Q3,August
TXN004730,2025-07-16,West,Germany,Trulicity,Diabetes,City Medical Center,Low Prescriber,Rep_020,358,251409.63,18754.36,105524.86,127130.41,7356.77,440,Hospital,Q3,July
TXN004731,2024-09-30,West,Germany,Avastin,Oncology,City Medical Center,Non-Prescriber,Rep_009,162,27157.12,1472.64,12032.85,13651.63,1972.49,382,Online Pharmacy,Q3,September
TXN004732,2023-06-03,South,Brazil,Eliquis,Cardiology,Apollo Hospital,Low Prescriber,Rep_014,284,169947.4,11222.2,67666.66,91058.54,8787.52,93,Government,Q2,June
TXN004733,2025-06-04,North,USA,Trulicity,Diabetes,St. Luke's,Non-Prescriber,Rep_002,218,139487.35,25107.72,40346.25,74033.38,4165.58,143,Hospital,Q2,June
TXN004734,2025-07-25,East,India,Avastin,Oncology,Apollo Hospital,High Prescriber,Rep_037,142,55820.85,2162.51,21866.43,31791.91,2376.48,334,Online Pharmacy,Q3,July
TXN004735,2025-01-15,East,India,Brilinta,Cardiology,Sunrise Clinic,Low Prescriber,Rep_031,235,164660.03,16132.78,71081.8,77445.45,12890.32,449,Online Pharmacy,Q1,January
TXN004736,2024-02-11,Central,UAE,Eliquis,Cardiology,Metro Health,High Prescriber,Rep_028,255,116574.3,3934.58,45004.05,67635.67,7895.39,487,Government,Q1,February
TXN004737,2023-02-09,East,India,Brilinta,Cardiology,Metro Health,Low Prescriber,Rep_011,233,133197.76,10044.13,37421.84,85731.79,4635.2,219,Hospital,Q1,February
TXN004738,2025-01-01,Central,UAE,Herceptin,Oncology,Cleveland Partners,Low Prescriber,Rep_009,261,37314.97,2050.51,15891.73,19372.73,2935.23,100,Hospital,Q1,January
TXN004739,2024-09-04,East,India,Avastin,Oncology,Sunrise Clinic,Low Prescriber,Rep_025,280,76812.14,5760.52,25787.82,45263.8,3487.89,87,Retail Pharmacy,Q3,September
TXN004740,2024-12-17,West,Germany,Brilinta,Cardiology,Metro Health,Medium Prescriber,Rep_025,429,110175.02,10564.81,32247.0,67363.21,4676.87,177,Retail Pharmacy,Q4,December
TXN004741,2025-05-27,West,Germany,Keytruda,Oncology,City Medical Center,Medium Prescriber,Rep_020,450,349113.69,23443.89,126707.53,198962.27,14449.46,291,Government,Q2,May
TXN004742,2025-03-12,East,India,Eliquis,Cardiology,Mercy General,Non-Prescriber,Rep_009,168,30902.75,2165.8,9873.63,18863.32,1559.9,481,Hospital,Q1,March
TXN004743,2023-10-20,South,Brazil,Herceptin,Oncology,Apollo Hospital,Non-Prescriber,Rep_027,336,21646.93,1369.93,6552.64,13724.36,1134.25,130,Hospital,Q4,October
TXN004744,2023-03-27,North,USA,Aduhelm,Neurology,Metro Health,Medium Prescriber,Rep_036,153,24551.45,4419.26,7511.27,12620.92,906.62,259,Hospital,Q1,March
TXN004745,2024-05-05,North,USA,Prevnar,Vaccines,Cleveland Partners,Non-Prescriber,Rep_021,250,41320.27,7437.65,13242.96,20639.66,2163.32,92,Online Pharmacy,Q2,May
TXN004746,2023-07-04,West,Germany,Vyepti,Neurology,Metro Health,Non-Prescriber,Rep_035,206,84606.81,3740.25,25480.02,55386.54,2905.16,422,Hospital,Q3,July
TXN004747,2025-06-14,East,India,Vyepti,Neurology,Cleveland Partners,Non-Prescriber,Rep_026,276,74370.0,6572.68,19139.11,48658.21,2411.05,192,Online Pharmacy,Q2,June
TXN004748,2023-08-03,West,Germany,Avastin,Oncology,St. Luke's,Non-Prescriber,Rep_015,53,7273.13,345.36,2881.94,4045.83,521.95,169,Retail Pharmacy,Q3,August
TXN004749,2025-04-19,West,Germany,Avastin,Oncology,Metro Health,High Prescriber,Rep_014,328,205099.04,18842.46,84263.88,101992.7,11145.21,206,Government,Q2,April
TXN004750,2023-02-10,North,USA,Entresto,Cardiology,Mercy General,Low Prescriber,Rep_008,355,111665.87,20099.86,30461.79,61104.22,7658.18,99,Government,Q1,February
TXN004751,2025-05-15,North,USA,Vyepti,Neurology,City Medical Center,Medium Prescriber,Rep_010,261,99404.69,17892.84,33467.39,48044.46,2522.07,384,Hospital,Q2,May
TXN004752,2025-11-14,Central,UAE,Opdivo,Oncology,Cleveland Partners,Medium Prescriber,Rep_012,307,76237.65,2805.83,27342.73,46089.09,4331.09,483,Government,Q4,November
TXN004753,2023-07-20,Central,UAE,Eliquis,Cardiology,City Medical Center,High Prescriber,Rep_003,332,40615.32,3946.15,16347.95,20321.22,2159.06,204,Government,Q3,July
TXN004754,2023-12-01,South,Brazil,Opdivo,Oncology,St. Luke's,Medium Prescriber,Rep_005,313,90200.13,4467.84,38157.57,47574.72,4551.86,113,Online Pharmacy,Q4,December
TXN004755,2025-09-17,East,India,Avastin,Oncology,Mercy General,Non-Prescriber,Rep_030,196,101134.69,4770.35,42478.89,53885.45,5842.08,185,Hospital,Q3,September
TXN004756,2024-03-31,South,Brazil,Nurtec,Neurology,Metro Health,Medium Prescriber,Rep_003,253,30113.64,2658.3,11170.87,16284.47,919.55,221,Retail Pharmacy,Q1,March
TXN004757,2025-12-02,West,Germany,Eliquis,Cardiology,St. Luke's,Medium Prescriber,Rep_007,318,213756.68,12678.75,53725.62,147352.31,13388.56,71,Government,Q4,December
TXN004758,2025-09-28,North,USA,Aduhelm,Neurology,St. Luke's,High Prescriber,Rep_009,58,20336.06,3660.49,8399.22,8276.35,548.33,58,Hospital,Q3,September
TXN004759,2024-02-13,West,Germany,Opdivo,Oncology,Cleveland Partners,Medium Prescriber,Rep_037,254,21925.69,1794.6,6076.81,14054.28,820.68,191,Hospital,Q1,February
TXN004760,2023-05-10,South,Brazil,Jardiance,Diabetes,Sunrise Clinic,Non-Prescriber,Rep_029,278,129791.66,9105.79,35713.65,84972.22,5318.02,307,Government,Q2,May
TXN004761,2023-02-25,East,India,Comirnaty,Vaccines,City Medical Center,Low Prescriber,Rep_020,158,89163.39,7664.14,25815.93,55683.32,5258.14,361,Online Pharmacy,Q1,February
TXN004762,2023-05-01,West,Germany,Avastin,Oncology,St. Luke's,Non-Prescriber,Rep_011,253,61443.24,5356.29,19875.1,36211.85,2528.34,498,Hospital,Q2,May
TXN004763,2024-07-20,East,India,Brilinta,Cardiology,St. Luke's,High Prescriber,Rep_020,97,76948.42,2323.93,25794.1,48830.39,1838.94,352,Government,Q3,July
TXN004764,2025-11-19,Central,UAE,Comirnaty,Vaccines,Sunrise Clinic,High Prescriber,Rep_003,232,11608.27,649.11,3721.37,7237.79,583.06,109,Hospital,Q4,November
TXN004765,2024-06-08,North,USA,Shingrix,Vaccines,Cleveland Partners,Medium Prescriber,Rep_012,257,61492.69,11068.68,21376.88,29047.13,3161.5,296,Hospital,Q2,June
TXN004766,2025-12-02,North,USA,Brilinta,Cardiology,Mercy General,Low Prescriber,Rep_036,271,140087.93,25215.83,42484.35,72387.75,10930.47,101,Retail Pharmacy,Q4,December
TXN004767,2024-03-26,West,Germany,Eliquis,Cardiology,Sunrise Clinic,Non-Prescriber,Rep_022,209,39764.69,2560.98,11168.83,26034.88,2479.31,424,Retail Pharmacy,Q1,March
TXN004768,2023-03-27,North,USA,Opdivo,Oncology,Sunrise Clinic,Low Prescriber,Rep_013,287,73422.6,13216.07,24003.94,36202.59,5698.8,394,Hospital,Q1,March
TXN004769,2023-07-22,East,India,Entresto,Cardiology,Metro Health,Non-Prescriber,Rep_014,162,111304.74,10809.8,45616.42,54878.52,8473.86,258,Retail Pharmacy,Q3,July
TXN004770,2023-12-29,East,India,Avastin,Oncology,Apollo Hospital,Medium Prescriber,Rep_013,169,103181.43,6330.82,44119.34,52731.27,4306.33,245,Hospital,Q4,December
TXN004771,2024-07-09,North,USA,Avastin,Oncology,St. Luke's,Non-Prescriber,Rep_029,162,124270.23,22368.64,53961.59,47940.0,3151.07,390,Government,Q3,July
TXN004772,2025-12-24,Central,UAE,Avastin,Oncology,Sunrise Clinic,Non-Prescriber,Rep_040,115,74521.58,5391.72,28076.02,41053.84,2359.32,108,Online Pharmacy,Q4,December
TXN004773,2025-07-29,West,Germany,Jardiance,Diabetes,Metro Health,High Prescriber,Rep_029,211,62696.04,4134.03,23360.11,35201.9,4435.46,64,Hospital,Q3,July
TXN004774,2024-04-12,North,USA,Nurtec,Neurology,Cleveland Partners,Non-Prescriber,Rep_018,238,74657.47,13438.34,21951.93,39267.2,4574.45,472,Retail Pharmacy,Q2,April
TXN004775,2024-03-01,South,Brazil,Avastin,Oncology,Mercy General,High Prescriber,Rep_007,294,175165.92,10598.56,49562.78,115004.58,5155.4,386,Hospital,Q1,March
TXN004776,2025-11-18,Central,UAE,Aduhelm,Neurology,Metro Health,High Prescriber,Rep_016,289,177575.63,10976.9,67056.14,99542.59,12815.78,167,Retail Pharmacy,Q4,November
TXN004777,2025-03-04,West,Germany,Keytruda,Oncology,City Medical Center,Low Prescriber,Rep_024,473,371320.85,36855.87,125443.2,209021.78,24462.83,320,Online Pharmacy,Q1,March
TXN004778,2024-05-30,East,India,Ozempic,Diabetes,Cleveland Partners,Medium Prescriber,Rep_003,299,118615.97,8661.49,29796.02,80158.46,2682.14,22,Retail Pharmacy,Q2,May
TXN004779,2023-02-01,North,USA,Eliquis,Cardiology,Cleveland Partners,Low Prescriber,Rep_024,195,35854.1,6453.74,13381.33,16019.03,1409.96,418,Online Pharmacy,Q1,February
TXN004780,2023-05-17,South,Brazil,Vyepti,Neurology,City Medical Center,Medium Prescriber,Rep_035,292,194036.97,18546.15,86991.28,88499.54,13857.68,149,Government,Q2,May
TXN004781,2025-08-13,East,India,Entresto,Cardiology,St. Luke's,High Prescriber,Rep_004,152,100621.06,6018.41,38918.2,55684.45,3119.36,183,Government,Q3,August
TXN004782,2025-02-12,South,Brazil,Entresto,Cardiology,Metro Health,Medium Prescriber,Rep_036,405,212398.57,6434.81,75005.46,130958.3,11833.82,482,Retail Pharmacy,Q1,February
TXN004783,2024-09-18,North,USA,Prevnar,Vaccines,Cleveland Partners,Medium Prescriber,Rep_016,251,79547.6,14318.57,26498.11,38730.92,3680.41,476,Online Pharmacy,Q3,September
TXN004784,2023-12-15,East,India,Trulicity,Diabetes,Metro Health,Low Prescriber,Rep_031,300,119705.77,8487.67,33165.88,78052.22,7839.45,148,Government,Q4,December
TXN004785,2025-11-23,South,Brazil,Trulicity,Diabetes,Apollo Hospital,Medium Prescriber,Rep_033,86,15825.99,1477.22,5625.89,8722.88,673.94,467,Retail Pharmacy,Q4,November
TXN004786,2024-06-18,West,Germany,Herceptin,Oncology,Sunrise Clinic,Medium Prescriber,Rep_030,332,90571.48,4382.78,35397.25,50791.45,5660.44,279,Retail Pharmacy,Q2,June
TXN004787,2024-04-26,South,Brazil,Keytruda,Oncology,Mercy General,High Prescriber,Rep_028,198,97361.24,2944.61,36657.41,57759.22,4807.9,150,Retail Pharmacy,Q2,April
TXN004788,2023-11-10,East,India,Vyepti,Neurology,Apollo Hospital,Non-Prescriber,Rep_001,350,141024.29,9379.03,56983.83,74661.43,8079.44,229,Hospital,Q4,November
TXN004789,2025-02-07,North,USA,Opdivo,Oncology,City Medical Center,Low Prescriber,Rep_014,214,31221.45,5619.86,12227.23,13374.36,1784.3,192,Hospital,Q1,February
TXN004790,2024-12-03,West,Germany,Eliquis,Cardiology,Apollo Hospital,Medium Prescriber,Rep_025,253,187387.75,5849.49,57117.98,124420.28,13712.1,266,Online Pharmacy,Q4,December
TXN004791,2025-04-21,North,USA,Opdivo,Oncology,Mercy General,Low Prescriber,Rep_005,501,150744.94,27134.09,40861.51,82749.34,9995.85,150,Government,Q2,April
TXN004792,2025-06-22,South,Brazil,Trulicity,Diabetes,Cleveland Partners,High Prescriber,Rep_036,299,45577.11,3939.5,12489.85,29147.76,1589.04,480,Online Pharmacy,Q2,June
TXN004793,2025-05-17,East,India,Herceptin,Oncology,Cleveland Partners,Medium Prescriber,Rep_032,185,42163.58,4198.02,12431.0,25534.56,3043.41,85,Retail Pharmacy,Q2,May
TXN004794,2024-11-13,East,India,Vyepti,Neurology,Apollo Hospital,Medium Prescriber,Rep_011,230,34931.26,1708.7,11551.67,21670.89,919.3,299,Retail Pharmacy,Q4,November
TXN004795,2025-11-24,North,USA,Brilinta,Cardiology,City Medical Center,Medium Prescriber,Rep_032,212,28279.99,5090.4,8896.8,14292.79,955.99,498,Retail Pharmacy,Q4,November
TXN004796,2024-11-19,West,Germany,Comirnaty,Vaccines,Apollo Hospital,Medium Prescriber,Rep_028,374,204756.27,11147.35,76052.98,117555.94,7814.5,385,Hospital,Q4,November
TXN004797,2023-01-19,East,India,Opdivo,Oncology,City Medical Center,Low Prescriber,Rep_040,175,71496.94,3640.44,30928.9,36927.6,5327.2,58,Government,Q1,January
TXN004798,2025-10-01,East,India,Ozempic,Diabetes,Metro Health,High Prescriber,Rep_011,142,52928.51,3590.9,19371.69,29965.92,3404.03,36,Retail Pharmacy,Q4,October
TXN004799,2025-08-06,North,USA,Aduhelm,Neurology,Cleveland Partners,High Prescriber,Rep_011,229,169478.28,30506.09,71870.94,67101.25,12641.96,93,Retail Pharmacy,Q3,August
TXN004800,2024-09-09,South,Brazil,Nurtec,Neurology,Mercy General,Non-Prescriber,Rep_037,210,134207.9,10002.94,50989.74,73215.22,6225.07,227,Retail Pharmacy,Q3,September
TXN004801,2025-11-21,Central,UAE,Prevnar,Vaccines,Apollo Hospital,Medium Prescriber,Rep_023,371,86521.88,8134.96,32219.74,46167.18,5151.68,461,Hospital,Q4,November
TXN004802,2024-06-05,East,India,Eliquis,Cardiology,St. Luke's,Medium Prescriber,Rep_020,145,113608.24,7952.84,31058.68,74596.72,5228.85,302,Government,Q2,June
TXN004803,2024-04-14,Central,UAE,Jardiance,Diabetes,Mercy General,Non-Prescriber,Rep_027,230,110104.32,7107.84,42996.51,59999.97,3428.35,316,Online Pharmacy,Q2,April
TXN004804,2023-12-29,South,Brazil,Nurtec,Neurology,Metro Health,Non-Prescriber,Rep_033,135,17586.94,1131.14,6293.85,10161.95,1190.17,371,Government,Q4,December
TXN004805,2025-01-03,East,India,Avastin,Oncology,Apollo Hospital,Low Prescriber,Rep_014,312,84421.58,5652.01,35227.02,43542.55,3289.26,223,Retail Pharmacy,Q1,January
TXN004806,2024-11-29,North,USA,Entresto,Cardiology,Apollo Hospital,High Prescriber,Rep_022,255,170036.39,30606.55,68553.73,70876.11,8464.73,352,Hospital,Q4,November
TXN004807,2023-10-10,West,Germany,Keytruda,Oncology,City Medical Center,Medium Prescriber,Rep_028,181,101830.51,3780.69,33968.6,64081.22,6062.62,367,Retail Pharmacy,Q4,October
TXN004808,2025-02-23,North,USA,Herceptin,Oncology,Cleveland Partners,Medium Prescriber,Rep_005,312,219878.29,39578.09,86160.2,94140.0,15706.58,447,Retail Pharmacy,Q1,February
TXN004809,2023-01-18,North,USA,Shingrix,Vaccines,Cleveland Partners,Medium Prescriber,Rep_009,184,93695.41,16865.17,40594.66,36235.58,7087.08,303,Online Pharmacy,Q1,January
TXN004810,2024-02-21,North,USA,Nurtec,Neurology,Cleveland Partners,Low Prescriber,Rep_035,291,35089.79,6316.16,11578.97,17194.66,1206.8,290,Online Pharmacy,Q1,February
TXN004811,2025-12-12,South,Brazil,Nurtec,Neurology,City Medical Center,Non-Prescriber,Rep_023,630,127785.42,6001.86,38286.43,83497.13,4386.97,172,Hospital,Q4,December
TXN004812,2025-11-04,South,Brazil,Opdivo,Oncology,City Medical Center,Non-Prescriber,Rep_027,379,181668.68,9114.55,55846.78,116707.35,4881.93,146,Hospital,Q4,November
TXN004813,2025-07-27,South,Brazil,Prevnar,Vaccines,City Medical Center,High Prescriber,Rep_012,311,18697.47,1708.49,4727.73,12261.25,850.46,462,Hospital,Q3,July
TXN004814,2023-12-11,South,Brazil,Comirnaty,Vaccines,Cleveland Partners,High Prescriber,Rep_038,449,28395.09,2275.13,12114.03,14005.93,1890.91,102,Online Pharmacy,Q4,December
TXN004815,2024-06-18,West,Germany,Herceptin,Oncology,Metro Health,Non-Prescriber,Rep_011,220,110533.27,4045.62,39635.63,66852.02,5793.37,372,Hospital,Q2,June
TXN004816,2025-09-02,South,Brazil,Jardiance,Diabetes,Metro Health,High Prescriber,Rep_015,262,17363.86,1544.31,4652.89,11166.66,888.36,323,Retail Pharmacy,Q3,September
TXN004817,2025-01-25,North,USA,Opdivo,Oncology,Metro Health,Non-Prescriber,Rep_024,337,37561.06,6760.99,12993.1,17806.97,1431.43,342,Online Pharmacy,Q1,January
TXN004818,2023-12-13,North,USA,Ozempic,Diabetes,Sunrise Clinic,Medium Prescriber,Rep_025,161,36250.33,6525.06,12506.31,17218.96,2286.66,15,Retail Pharmacy,Q4,December
TXN004819,2025-09-19,North,USA,Ozempic,Diabetes,St. Luke's,Medium Prescriber,Rep_003,483,223694.38,40264.99,83017.15,100412.24,9010.09,25,Hospital,Q3,September
TXN004820,2025-09-02,East,India,Herceptin,Oncology,Apollo Hospital,Medium Prescriber,Rep_011,122,12145.6,901.44,5437.57,5806.59,306.76,149,Hospital,Q3,September
TXN004821,2024-09-28,West,Germany,Keytruda,Oncology,Apollo Hospital,Non-Prescriber,Rep_030,236,176105.18,10266.37,58217.08,107621.73,10198.17,153,Hospital,Q3,September
TXN004822,2025-06-06,East,India,Nurtec,Neurology,Cleveland Partners,High Prescriber,Rep_030,542,424262.82,13322.23,123700.5,287240.09,32170.47,406,Hospital,Q2,June
TXN004823,2025-08-19,Central,UAE,Herceptin,Oncology,City Medical Center,Low Prescriber,Rep_001,295,164285.97,14286.89,44337.05,105662.03,10456.4,142,Online Pharmacy,Q3,August
TXN004824,2023-05-15,North,USA,Aduhelm,Neurology,Metro Health,Non-Prescriber,Rep_030,119,72590.77,13066.34,29392.25,30132.18,4254.91,447,Retail Pharmacy,Q2,May
TXN004825,2025-09-05,South,Brazil,Eliquis,Cardiology,Metro Health,Non-Prescriber,Rep_040,253,165979.09,9987.71,41573.49,114417.89,3684.5,272,Hospital,Q3,September
TXN004826,2025-03-27,Central,UAE,Entresto,Cardiology,St. Luke's,Non-Prescriber,Rep_034,227,127653.18,9205.7,41350.67,77096.81,3410.75,204,Online Pharmacy,Q1,March
TXN004827,2025-09-17,South,Brazil,Brilinta,Cardiology,Sunrise Clinic,Low Prescriber,Rep_021,192,127855.6,8020.23,45670.79,74164.58,10138.16,131,Online Pharmacy,Q3,September
TXN004828,2024-04-09,North,USA,Entresto,Cardiology,Mercy General,High Prescriber,Rep_040,166,65297.45,11753.54,22295.87,31248.04,4707.46,183,Retail Pharmacy,Q2,April
TXN004829,2024-01-27,South,Brazil,Avastin,Oncology,St. Luke's,High Prescriber,Rep_030,141,93692.02,5541.77,23767.37,64382.88,5074.01,137,Online Pharmacy,Q1,January
TXN004830,2023-06-22,North,USA,Opdivo,Oncology,Metro Health,Low Prescriber,Rep_038,39,9821.11,1767.8,2967.01,5086.3,209.6,221,Online Pharmacy,Q2,June
TXN004831,2023-08-30,South,Brazil,Eliquis,Cardiology,Cleveland Partners,Medium Prescriber,Rep_022,87,8812.67,497.67,3486.0,4829.0,660.05,72,Retail Pharmacy,Q3,August
TXN004832,2024-12-03,South,Brazil,Avastin,Oncology,Mercy General,Medium Prescriber,Rep_005,437,69389.69,6196.89,20155.11,43037.69,4413.18,151,Retail Pharmacy,Q4,December
TXN004833,2024-05-06,South,Brazil,Aduhelm,Neurology,Mercy General,Medium Prescriber,Rep_022,120,65393.95,5258.59,22855.46,37279.9,2425.69,57,Retail Pharmacy,Q2,May
TXN004834,2023-02-02,West,Germany,Eliquis,Cardiology,Apollo Hospital,Low Prescriber,Rep_022,239,43105.64,1431.02,15635.07,26039.55,2032.58,244,Government,Q1,February
TXN004835,2025-01-13,South,Brazil,Opdivo,Oncology,Mercy General,High Prescriber,Rep_017,239,47316.11,3660.09,13055.88,30600.14,1487.35,60,Online Pharmacy,Q1,January
TXN004836,2023-02-19,West,Germany,Keytruda,Oncology,Metro Health,Low Prescriber,Rep_008,281,191398.26,12173.61,65840.58,113384.07,15147.57,283,Government,Q1,February
TXN004837,2024-08-28,South,Brazil,Jardiance,Diabetes,City Medical Center,Low Prescriber,Rep_019,262,66959.92,5297.53,19519.05,42143.34,2313.54,493,Government,Q3,August
TXN004838,2025-12-27,West,Germany,Herceptin,Oncology,City Medical Center,High Prescriber,Rep_008,330,202017.6,18274.38,60000.77,123742.45,4335.57,173,Online Pharmacy,Q4,December
TXN004839,2025-04-29,North,USA,Keytruda,Oncology,Mercy General,Medium Prescriber,Rep_027,489,32557.06,5860.27,11537.6,15159.19,2192.05,405,Retail Pharmacy,Q2,April
TXN004840,2025-11-13,South,Brazil,Aduhelm,Neurology,Sunrise Clinic,Non-Prescriber,Rep_018,98,73901.38,6385.83,22178.38,45337.17,1948.43,217,Retail Pharmacy,Q4,November
TXN004841,2024-08-09,Central,UAE,Jardiance,Diabetes,Apollo Hospital,Medium Prescriber,Rep_017,97,58184.91,4329.91,25721.1,28133.9,3648.41,333,Hospital,Q3,August
TXN004842,2025-10-29,North,USA,Aduhelm,Neurology,Sunrise Clinic,Low Prescriber,Rep_017,353,59852.13,10773.38,18274.64,30804.11,2281.0,333,Retail Pharmacy,Q4,October
TXN004843,2025-07-06,North,USA,Ozempic,Diabetes,City Medical Center,Non-Prescriber,Rep_007,202,80699.03,14525.83,33990.15,32183.05,2099.86,35,Hospital,Q3,July
TXN004844,2025-04-11,South,Brazil,Comirnaty,Vaccines,City Medical Center,Medium Prescriber,Rep_004,193,111900.08,9857.21,35703.11,66339.76,6341.36,264,Government,Q2,April
TXN004845,2025-08-12,Central,UAE,Entresto,Cardiology,Sunrise Clinic,High Prescriber,Rep_003,166,116094.84,11065.64,35243.29,69785.91,3052.82,140,Hospital,Q3,August
TXN004846,2023-09-28,East,India,Entresto,Cardiology,Apollo Hospital,Non-Prescriber,Rep_017,362,136345.82,12477.71,44237.71,79630.4,5234.08,492,Hospital,Q3,September
TXN004847,2024-12-09,South,Brazil,Opdivo,Oncology,Cleveland Partners,Medium Prescriber,Rep_032,303,105609.36,3697.63,42776.9,59134.83,3178.29,68,Hospital,Q4,December
TXN004848,2024-11-02,West,Germany,Herceptin,Oncology,Apollo Hospital,Medium Prescriber,Rep_007,152,75746.26,6123.34,29794.29,39828.63,3531.6,142,Online Pharmacy,Q4,November
TXN004849,2024-06-01,East,India,Keytruda,Oncology,Apollo Hospital,Medium Prescriber,Rep_027,230,128007.6,5724.14,36618.6,85664.86,5473.64,94,Retail Pharmacy,Q2,June
TXN004850,2024-10-31,East,India,Keytruda,Oncology,St. Luke's,Low Prescriber,Rep_012,117,11061.02,820.07,3474.48,6766.47,469.22,77,Online Pharmacy,Q4,October
TXN004851,2025-12-12,West,Germany,Jardiance,Diabetes,Cleveland Partners,Non-Prescriber,Rep_033,298,77589.35,7532.89,30689.02,39367.44,3140.87,111,Retail Pharmacy,Q4,December
TXN004852,2024-06-01,East,India,Shingrix,Vaccines,Cleveland Partners,Medium Prescriber,Rep_033,241,68147.3,4638.55,28498.09,35010.66,2330.96,443,Government,Q2,June
TXN004853,2024-01-27,North,USA,Eliquis,Cardiology,Sunrise Clinic,Non-Prescriber,Rep_021,191,106043.11,19087.76,27897.13,59058.22,6219.56,274,Online Pharmacy,Q1,January
TXN004854,2025-04-08,South,Brazil,Comirnaty,Vaccines,Sunrise Clinic,High Prescriber,Rep_033,129,97012.66,3794.74,33184.48,60033.44,3959.36,440,Hospital,Q2,April
TXN004855,2023-01-09,East,India,Comirnaty,Vaccines,City Medical Center,Non-Prescriber,Rep_026,158,8399.69,687.68,3424.43,4287.58,321.59,400,Hospital,Q1,January
TXN004856,2024-08-06,North,USA,Aduhelm,Neurology,Mercy General,Low Prescriber,Rep_002,196,42489.25,7648.06,15273.55,19567.64,2655.34,495,Government,Q3,August
TXN004857,2023-09-09,West,Germany,Prevnar,Vaccines,St. Luke's,Medium Prescriber,Rep_025,98,62574.34,4158.54,18788.68,39627.12,3716.93,457,Hospital,Q3,September
TXN004858,2023-09-27,East,India,Avastin,Oncology,Mercy General,Medium Prescriber,Rep_005,210,59353.71,2776.18,20273.06,36304.47,1791.08,433,Government,Q3,September
TXN004859,2024-09-09,South,Brazil,Aduhelm,Neurology,City Medical Center,Non-Prescriber,Rep_015,88,34514.18,2740.73,9982.38,21791.07,1148.66,270,Retail Pharmacy,Q3,September
TXN004860,2023-08-06,South,Brazil,Aduhelm,Neurology,Metro Health,Low Prescriber,Rep_018,64,13875.46,962.22,4989.88,7923.36,629.1,112,Online Pharmacy,Q3,August
TXN004861,2025-06-28,North,USA,Keytruda,Oncology,City Medical Center,Medium Prescriber,Rep_021,314,244355.35,43983.96,74385.08,125986.31,16466.68,460,Hospital,Q2,June
TXN004862,2025-02-05,South,Brazil,Trulicity,Diabetes,Cleveland Partners,Non-Prescriber,Rep_018,528,223346.4,15355.72,83497.23,124493.45,13607.27,210,Hospital,Q1,February
TXN004863,2023-12-21,Central,UAE,Keytruda,Oncology,City Medical Center,Medium Prescriber,Rep_026,202,31292.7,1366.31,11765.39,18161.0,824.22,69,Hospital,Q4,December
TXN004864,2024-07-14,South,Brazil,Eliquis,Cardiology,City Medical Center,Low Prescriber,Rep_035,229,149383.32,13795.37,67108.97,68478.98,6071.9,302,Hospital,Q3,July
TXN004865,2024-01-21,South,Brazil,Avastin,Oncology,Metro Health,High Prescriber,Rep_029,164,52848.51,2854.47,20052.64,29941.4,2217.77,222,Online Pharmacy,Q1,January
TXN004866,2024-05-23,Central,UAE,Ozempic,Diabetes,Mercy General,High Prescriber,Rep_003,373,108335.95,9231.4,37477.57,61626.98,3880.99,28,Retail Pharmacy,Q2,May
TXN004867,2025-09-14,West,Germany,Avastin,Oncology,Mercy General,Non-Prescriber,Rep_035,173,92510.03,8652.76,27942.0,55915.27,3781.42,407,Online Pharmacy,Q3,September
TXN004868,2023-01-08,North,USA,Herceptin,Oncology,Metro Health,Medium Prescriber,Rep_011,50,18780.79,3380.54,7422.65,7977.6,883.32,442,Government,Q1,January
TXN004869,2023-04-14,East,India,Opdivo,Oncology,Mercy General,Medium Prescriber,Rep_037,145,113431.15,7207.79,42261.43,63961.93,5945.01,129,Hospital,Q2,April
TXN004870,2023-09-30,Central,UAE,Eliquis,Cardiology,City Medical Center,Non-Prescriber,Rep_040,215,155664.49,7247.17,52403.25,96014.07,12184.1,242,Hospital,Q3,September
TXN004871,2023-01-25,East,India,Eliquis,Cardiology,Metro Health,Non-Prescriber,Rep_007,122,13266.45,519.34,4113.87,8633.24,645.77,189,Retail Pharmacy,Q1,January
TXN004872,2024-06-23,East,India,Nurtec,Neurology,City Medical Center,Non-Prescriber,Rep_013,248,48318.14,3758.83,13014.17,31545.14,1893.34,308,Hospital,Q2,June
TXN004873,2025-02-02,North,USA,Trulicity,Diabetes,Cleveland Partners,Non-Prescriber,Rep_002,349,155456.23,27982.12,58091.6,69382.51,5979.17,421,Government,Q1,February
TXN004874,2023-02-24,South,Brazil,Keytruda,Oncology,City Medical Center,Medium Prescriber,Rep_033,216,55032.87,2007.75,17849.89,35175.23,3339.5,349,Government,Q1,February
TXN004875,2023-11-25,Central,UAE,Jardiance,Diabetes,Cleveland Partners,Non-Prescriber,Rep_027,336,202684.52,10560.52,53427.96,138696.04,15704.15,496,Hospital,Q4,November
TXN004876,2023-10-25,East,India,Opdivo,Oncology,Cleveland Partners,Low Prescriber,Rep_030,349,212070.57,7930.54,56141.74,147998.29,6124.86,406,Government,Q4,October
TXN004877,2025-01-26,North,USA,Nurtec,Neurology,Mercy General,High Prescriber,Rep_022,510,326164.84,58709.67,89622.48,177832.69,20510.2,52,Hospital,Q1,January
TXN004878,2023-10-10,South,Brazil,Nurtec,Neurology,City Medical Center,Medium Prescriber,Rep_023,428,268208.05,25625.98,101389.49,141192.58,20617.4,160,Government,Q4,October
TXN004879,2023-08-31,East,India,Brilinta,Cardiology,Mercy General,Low Prescriber,Rep_004,273,88923.31,8583.75,27821.22,52518.34,2808.8,304,Government,Q3,August
TXN004880,2024-04-25,East,India,Shingrix,Vaccines,St. Luke's,Low Prescriber,Rep_002,210,123370.63,7514.12,44760.8,71095.71,5695.61,138,Government,Q2,April
TXN004881,2024-03-13,South,Brazil,Opdivo,Oncology,St. Luke's,Medium Prescriber,Rep_023,399,137107.1,4705.29,40491.63,91910.18,6750.65,413,Hospital,Q1,March
TXN004882,2024-07-29,North,USA,Jardiance,Diabetes,Apollo Hospital,Non-Prescriber,Rep_018,254,102514.83,18452.67,33904.86,50157.3,7010.45,151,Online Pharmacy,Q3,July
TXN004883,2023-06-13,Central,UAE,Entresto,Cardiology,City Medical Center,Non-Prescriber,Rep_008,240,33124.67,2453.12,10372.08,20299.47,1319.02,311,Hospital,Q2,June
TXN004884,2024-03-03,North,USA,Shingrix,Vaccines,Cleveland Partners,Low Prescriber,Rep_019,254,142100.43,25578.08,54466.65,62055.7,10140.61,297,Hospital,Q1,March
TXN004885,2025-01-31,South,Brazil,Ozempic,Diabetes,Sunrise Clinic,High Prescriber,Rep_009,543,33062.55,2323.92,13172.06,17566.57,1171.09,5,Hospital,Q1,January
TXN004886,2024-12-23,South,Brazil,Brilinta,Cardiology,St. Luke's,Low Prescriber,Rep_027,207,162053.97,8127.55,53873.71,100052.71,5970.4,260,Retail Pharmacy,Q4,December
TXN004887,2024-09-30,West,Germany,Jardiance,Diabetes,Metro Health,High Prescriber,Rep_012,215,158308.95,13732.3,68108.26,76468.39,8159.01,461,Hospital,Q3,September
TXN004888,2025-01-03,East,India,Trulicity,Diabetes,Sunrise Clinic,Non-Prescriber,Rep_002,329,254652.55,19429.69,92907.84,142315.02,6481.33,58,Hospital,Q1,January
TXN004889,2025-05-06,East,India,Avastin,Oncology,Apollo Hospital,Low Prescriber,Rep_005,169,54753.96,2902.08,20921.11,30930.77,2798.59,262,Government,Q2,May
TXN004890,2024-04-01,West,Germany,Opdivo,Oncology,St. Luke's,Low Prescriber,Rep_021,243,171834.75,11016.47,70976.47,89841.81,5661.13,78,Online Pharmacy,Q2,April
TXN004891,2025-02-22,East,India,Vyepti,Neurology,Mercy General,Medium Prescriber,Rep_040,274,165175.77,10282.12,73738.66,81154.99,3852.6,261,Government,Q1,February
TXN004892,2025-11-02,East,India,Comirnaty,Vaccines,Apollo Hospital,Non-Prescriber,Rep_014,207,79820.64,4982.94,35888.41,38949.29,2154.05,178,Hospital,Q4,November
TXN004893,2025-10-03,Central,UAE,Entresto,Cardiology,City Medical Center,Non-Prescriber,Rep_024,32,13854.25,895.39,4451.13,8507.73,945.29,72,Retail Pharmacy,Q4,October
TXN004894,2023-01-02,East,India,Eliquis,Cardiology,Cleveland Partners,Medium Prescriber,Rep_010,75,21009.31,2092.09,9255.39,9661.83,1626.08,62,Government,Q1,January
TXN004895,2024-09-28,West,Germany,Eliquis,Cardiology,Metro Health,Non-Prescriber,Rep_012,275,19154.01,1627.48,7551.74,9974.79,1173.67,103,Retail Pharmacy,Q3,September
TXN004896,2024-08-17,Central,UAE,Eliquis,Cardiology,Apollo Hospital,High Prescriber,Rep_005,73,36098.37,3374.99,15394.39,17328.99,2278.35,418,Online Pharmacy,Q3,August
TXN004897,2025-11-19,South,Brazil,Aduhelm,Neurology,Sunrise Clinic,High Prescriber,Rep_007,325,245415.78,21363.19,66397.52,157655.07,11389.92,497,Government,Q4,November
TXN004898,2023-08-25,North,USA,Entresto,Cardiology,City Medical Center,Medium Prescriber,Rep_040,121,92493.62,16648.85,28631.42,47213.35,4821.11,183,Hospital,Q3,August
TXN004899,2023-12-02,North,USA,Opdivo,Oncology,Sunrise Clinic,High Prescriber,Rep_015,201,143922.45,25906.04,42024.55,75991.86,10662.73,412,Online Pharmacy,Q4,December
TXN004900,2025-06-20,South,Brazil,Aduhelm,Neurology,City Medical Center,Low Prescriber,Rep_029,432,26339.69,1407.44,11536.58,13395.67,811.03,156,Government,Q2,June
TXN004901,2023-05-13,North,USA,Avastin,Oncology,St. Luke's,Low Prescriber,Rep_019,134,59267.08,10668.07,19723.92,28875.09,1622.27,358,Hospital,Q2,May
TXN004902,2023-06-21,West,Germany,Keytruda,Oncology,City Medical Center,Medium Prescriber,Rep_010,251,109490.9,10890.47,30667.58,67932.85,6379.05,355,Retail Pharmacy,Q2,June
TXN004903,2025-11-30,Central,UAE,Vyepti,Neurology,Metro Health,Low Prescriber,Rep_033,148,62811.36,5599.85,25241.6,31969.91,2949.65,176,Online Pharmacy,Q4,November
TXN004904,2025-12-20,South,Brazil,Vyepti,Neurology,Apollo Hospital,High Prescriber,Rep_002,210,131682.02,11800.8,33386.99,86494.23,6476.7,173,Government,Q4,December
TXN004905,2025-01-25,East,India,Vyepti,Neurology,Apollo Hospital,Medium Prescriber,Rep_027,165,41268.75,1600.15,16876.74,22791.86,3179.42,151,Government,Q1,January
TXN004906,2023-09-29,South,Brazil,Prevnar,Vaccines,Metro Health,Low Prescriber,Rep_022,263,124830.32,9026.2,48961.88,66842.24,3611.75,140,Online Pharmacy,Q3,September
TXN004907,2025-01-21,North,USA,Keytruda,Oncology,Cleveland Partners,Medium Prescriber,Rep_022,354,134928.79,24287.18,40604.7,70036.91,7663.67,133,Government,Q1,January
TXN004908,2025-04-10,North,USA,Avastin,Oncology,St. Luke's,Non-Prescriber,Rep_006,170,64767.28,11658.11,28954.87,24154.3,4976.81,491,Retail Pharmacy,Q2,April
TXN004909,2024-08-14,Central,UAE,Shingrix,Vaccines,Mercy General,Medium Prescriber,Rep_026,101,60870.39,2886.01,17592.21,40392.17,3245.38,337,Hospital,Q3,August
TXN004910,2025-03-25,Central,UAE,Nurtec,Neurology,St. Luke's,High Prescriber,Rep_011,188,117564.75,11344.76,50443.68,55776.31,2865.22,154,Government,Q1,March
TXN004911,2025-05-21,West,Germany,Opdivo,Oncology,Sunrise Clinic,Low Prescriber,Rep_028,385,115658.38,10591.47,41859.39,63207.52,5791.49,403,Online Pharmacy,Q2,May
TXN004912,2023-08-15,North,USA,Trulicity,Diabetes,City Medical Center,Non-Prescriber,Rep_031,94,40796.1,7343.3,12529.9,20922.9,1248.81,139,Retail Pharmacy,Q3,August
TXN004913,2025-12-13,North,USA,Vyepti,Neurology,Mercy General,Non-Prescriber,Rep_013,222,134035.34,24126.36,51865.87,58043.11,6063.48,441,Retail Pharmacy,Q4,December
TXN004914,2023-02-10,South,Brazil,Vyepti,Neurology,St. Luke's,Medium Prescriber,Rep_036,347,275531.87,23882.43,115568.7,136080.74,21536.74,68,Government,Q1,February
TXN004915,2024-08-07,Central,UAE,Entresto,Cardiology,Apollo Hospital,High Prescriber,Rep_017,131,75183.05,6967.7,21430.42,46784.93,3774.52,214,Online Pharmacy,Q3,August
TXN004916,2025-12-19,Central,UAE,Entresto,Cardiology,Cleveland Partners,Medium Prescriber,Rep_028,240,31587.68,3101.34,9307.75,19178.59,949.7,104,Government,Q4,December
TXN004917,2025-01-26,Central,UAE,Eliquis,Cardiology,Mercy General,Non-Prescriber,Rep_028,297,33241.77,2420.47,13414.89,17406.41,1541.03,276,Hospital,Q1,January
TXN004918,2023-09-01,West,Germany,Brilinta,Cardiology,Sunrise Clinic,Low Prescriber,Rep_023,102,53015.2,5119.31,20092.88,27803.01,1165.25,129,Retail Pharmacy,Q3,September
TXN004919,2024-05-10,East,India,Nurtec,Neurology,Cleveland Partners,Low Prescriber,Rep_038,130,79937.71,5563.35,20173.0,54201.36,2611.34,483,Government,Q2,May
TXN004920,2023-05-18,East,India,Avastin,Oncology,St. Luke's,Medium Prescriber,Rep_001,77,14335.52,706.14,3808.21,9821.17,630.66,165,Retail Pharmacy,Q2,May
TXN004921,2025-04-01,North,USA,Opdivo,Oncology,City Medical Center,Non-Prescriber,Rep_037,92,33984.33,6117.18,14248.12,13619.03,885.03,474,Online Pharmacy,Q2,April
TXN004922,2024-07-19,North,USA,Opdivo,Oncology,Mercy General,Non-Prescriber,Rep_027,273,128433.18,23117.97,47745.54,57569.67,4654.71,112,Retail Pharmacy,Q3,July
TXN004923,2023-09-15,South,Brazil,Brilinta,Cardiology,City Medical Center,Non-Prescriber,Rep_005,247,28826.79,937.75,9515.54,18373.5,1250.65,158,Government,Q3,September
TXN004924,2023-05-30,North,USA,Opdivo,Oncology,Cleveland Partners,Medium Prescriber,Rep_009,179,38660.29,6958.85,14197.59,17503.85,2583.55,150,Government,Q2,May
TXN004925,2025-01-05,South,Brazil,Aduhelm,Neurology,City Medical Center,Medium Prescriber,Rep_036,160,58897.71,3247.97,16765.5,38884.24,2412.13,351,Hospital,Q1,January
TXN004926,2023-12-15,North,USA,Brilinta,Cardiology,City Medical Center,Medium Prescriber,Rep_002,239,28075.65,5053.62,9084.9,13937.13,1805.21,483,Retail Pharmacy,Q4,December
TXN004927,2024-07-24,North,USA,Opdivo,Oncology,Cleveland Partners,Medium Prescriber,Rep_028,153,15578.76,2804.18,4581.54,8193.04,412.46,53,Online Pharmacy,Q3,July
TXN004928,2024-04-11,Central,UAE,Entresto,Cardiology,Mercy General,Medium Prescriber,Rep_018,184,13450.05,544.8,3569.38,9335.87,426.11,283,Government,Q2,April
TXN004929,2024-05-04,East,India,Entresto,Cardiology,Apollo Hospital,High Prescriber,Rep_023,236,52840.74,4986.77,16048.51,31805.46,1635.44,337,Online Pharmacy,Q2,May
TXN004930,2025-10-23,North,USA,Shingrix,Vaccines,City Medical Center,High Prescriber,Rep_024,358,21581.06,3884.59,7541.62,10154.85,1630.52,172,Government,Q4,October
TXN004931,2023-04-19,West,Germany,Eliquis,Cardiology,St. Luke's,Low Prescriber,Rep_006,183,64637.14,3354.39,18974.07,42308.68,2604.16,58,Retail Pharmacy,Q2,April
TXN004932,2023-12-03,South,Brazil,Keytruda,Oncology,Cleveland Partners,Medium Prescriber,Rep_037,224,49758.81,1822.82,13267.54,34668.45,2404.4,372,Hospital,Q4,December
TXN004933,2024-12-21,North,USA,Trulicity,Diabetes,Mercy General,Low Prescriber,Rep_033,312,217045.18,39068.13,73532.48,104444.57,9134.67,393,Hospital,Q4,December
TXN004934,2025-06-16,South,Brazil,Trulicity,Diabetes,Mercy General,High Prescriber,Rep_031,480,96154.84,4563.33,41925.46,49666.05,4144.62,191,Hospital,Q2,June
TXN004935,2024-11-20,South,Brazil,Herceptin,Oncology,Apollo Hospital,High Prescriber,Rep_029,105,46042.02,3771.58,15055.22,27215.22,2428.36,477,Government,Q4,November
TXN004936,2024-12-25,North,USA,Vyepti,Neurology,Mercy General,High Prescriber,Rep_002,406,70595.43,12707.18,23675.73,34212.52,3287.12,278,Hospital,Q4,December
TXN004937,2025-07-25,West,Germany,Entresto,Cardiology,Metro Health,High Prescriber,Rep_009,165,124860.25,9468.34,34478.49,80913.42,6860.75,347,Government,Q3,July
TXN004938,2023-07-24,North,USA,Ozempic,Diabetes,Metro Health,High Prescriber,Rep_025,224,124736.98,22452.66,41705.44,60578.88,2728.08,33,Online Pharmacy,Q3,July
TXN004939,2025-05-22,West,Germany,Entresto,Cardiology,Metro Health,High Prescriber,Rep_002,224,104596.91,9198.74,27273.35,68124.82,7767.2,418,Online Pharmacy,Q2,May
TXN004940,2024-02-25,Central,UAE,Shingrix,Vaccines,Cleveland Partners,Low Prescriber,Rep_005,133,25076.67,894.37,9175.45,15006.85,863.82,496,Government,Q1,February
TXN004941,2024-05-21,East,India,Brilinta,Cardiology,City Medical Center,Low Prescriber,Rep_018,213,143720.89,8900.74,59057.28,75762.87,4538.33,218,Hospital,Q2,May
TXN004942,2025-10-26,Central,UAE,Eliquis,Cardiology,St. Luke's,Low Prescriber,Rep_007,384,219892.04,10387.07,61712.36,147792.61,16253.0,438,Hospital,Q4,October
TXN004943,2024-07-02,West,Germany,Ozempic,Diabetes,City Medical Center,Medium Prescriber,Rep_012,66,14985.48,1358.15,5475.18,8152.15,848.78,26,Retail Pharmacy,Q3,July
TXN004944,2025-04-29,North,USA,Avastin,Oncology,Cleveland Partners,Medium Prescriber,Rep_033,447,82219.49,14799.51,33749.66,33670.32,1918.59,199,Online Pharmacy,Q2,April
TXN004945,2025-06-17,North,USA,Nurtec,Neurology,Cleveland Partners,Medium Prescriber,Rep_008,162,76647.23,13796.5,30492.75,32357.98,2511.73,227,Hospital,Q2,June
TXN004946,2025-08-29,South,Brazil,Eliquis,Cardiology,Apollo Hospital,High Prescriber,Rep_009,138,56670.59,2065.38,18212.26,36392.95,1191.25,166,Hospital,Q3,August
TXN004947,2024-03-30,North,USA,Nurtec,Neurology,Cleveland Partners,Non-Prescriber,Rep_036,185,44676.5,8041.77,19735.25,16899.48,2184.03,108,Government,Q1,March
TXN004948,2024-03-19,South,Brazil,Keytruda,Oncology,St. Luke's,Medium Prescriber,Rep_030,157,21535.41,1665.36,8711.52,11158.53,745.32,83,Government,Q1,March
TXN004949,2023-12-21,North,USA,Opdivo,Oncology,Cleveland Partners,Non-Prescriber,Rep_015,201,33526.54,6034.78,10267.73,17224.03,1086.85,438,Hospital,Q4,December
TXN004950,2023-02-26,East,India,Opdivo,Oncology,Mercy General,Low Prescriber,Rep_020,162,27219.97,856.2,8585.65,17778.12,1890.67,56,Online Pharmacy,Q1,February
TXN004951,2025-12-16,Central,UAE,Brilinta,Cardiology,St. Luke's,Non-Prescriber,Rep_024,147,14166.89,1299.23,6169.1,6698.56,885.23,396,Hospital,Q4,December
TXN004952,2023-04-08,North,USA,Opdivo,Oncology,Cleveland Partners,Low Prescriber,Rep_033,271,211420.79,38055.74,72236.83,101128.22,16742.82,446,Retail Pharmacy,Q2,April
TXN004953,2025-03-25,South,Brazil,Jardiance,Diabetes,City Medical Center,Non-Prescriber,Rep_006,353,218449.21,21422.07,62081.63,134945.51,10390.47,314,Government,Q1,March
TXN004954,2025-03-23,South,Brazil,Entresto,Cardiology,St. Luke's,Non-Prescriber,Rep_005,424,220820.31,20013.45,76226.87,124579.99,14436.27,332,Hospital,Q1,March
TXN004955,2023-02-21,South,Brazil,Eliquis,Cardiology,St. Luke's,Non-Prescriber,Rep_004,162,52636.54,1730.49,15977.37,34928.68,3730.0,341,Online Pharmacy,Q1,February
TXN004956,2023-11-11,North,USA,Avastin,Oncology,St. Luke's,Medium Prescriber,Rep_040,225,168542.36,30337.62,52272.3,85932.44,7170.9,131,Hospital,Q4,November
TXN004957,2025-12-20,South,Brazil,Avastin,Oncology,St. Luke's,Non-Prescriber,Rep_028,313,44668.4,3793.9,18452.29,22422.21,1163.82,94,Retail Pharmacy,Q4,December
TXN004958,2023-07-12,North,USA,Jardiance,Diabetes,Mercy General,Non-Prescriber,Rep_011,357,230266.6,41447.99,59652.06,129166.55,9077.39,71,Online Pharmacy,Q3,July
TXN004959,2024-10-05,Central,UAE,Brilinta,Cardiology,St. Luke's,High Prescriber,Rep_005,133,32324.49,1687.37,10769.32,19867.8,1220.48,66,Government,Q4,October
TXN004960,2024-03-20,North,USA,Jardiance,Diabetes,City Medical Center,Non-Prescriber,Rep_021,520,283485.28,51027.35,74945.99,157511.94,14228.52,70,Online Pharmacy,Q1,March
TXN004961,2023-05-04,North,USA,Opdivo,Oncology,Apollo Hospital,Medium Prescriber,Rep_002,152,104896.1,18881.3,41689.63,44325.17,5821.87,159,Online Pharmacy,Q2,May
TXN004962,2023-11-17,South,Brazil,Aduhelm,Neurology,Metro Health,Low Prescriber,Rep_038,247,92348.89,3821.78,26684.58,61842.53,3392.34,121,Hospital,Q4,November
TXN004963,2023-12-12,West,Germany,Herceptin,Oncology,Mercy General,Non-Prescriber,Rep_036,114,78973.33,7678.69,26380.55,44914.09,4242.98,326,Retail Pharmacy,Q4,December
TXN004964,2023-03-10,North,USA,Avastin,Oncology,Metro Health,Medium Prescriber,Rep_003,158,29311.45,5276.06,13093.85,10941.54,1998.29,491,Government,Q1,March
TXN004965,2024-03-28,West,Germany,Brilinta,Cardiology,Apollo Hospital,Medium Prescriber,Rep_033,275,162404.25,13859.06,44437.33,104107.86,9367.02,401,Government,Q1,March
TXN004966,2025-07-04,South,Brazil,Herceptin,Oncology,Sunrise Clinic,High Prescriber,Rep_003,125,92181.78,9167.71,32007.79,51006.28,2773.04,450,Online Pharmacy,Q3,July
TXN004967,2023-11-19,North,USA,Avastin,Oncology,Cleveland Partners,Medium Prescriber,Rep_020,362,86841.44,15631.46,36265.75,34944.23,6741.77,239,Hospital,Q4,November
TXN004968,2023-08-28,South,Brazil,Vyepti,Neurology,Cleveland Partners,Non-Prescriber,Rep_034,213,51640.34,1615.47,13320.67,36704.2,3278.7,326,Online Pharmacy,Q3,August
TXN004969,2025-01-18,West,Germany,Avastin,Oncology,Cleveland Partners,Medium Prescriber,Rep_029,369,233537.39,10597.62,68210.85,154728.92,13163.21,246,Hospital,Q1,January
TXN004970,2024-03-14,North,USA,Brilinta,Cardiology,City Medical Center,High Prescriber,Rep_015,219,28696.8,5165.42,9556.24,13975.14,1305.57,499,Government,Q1,March
TXN004971,2025-01-31,Central,UAE,Entresto,Cardiology,Sunrise Clinic,Non-Prescriber,Rep_024,442,131618.45,10942.5,43895.61,76780.34,8455.56,371,Online Pharmacy,Q1,January
TXN004972,2024-07-04,West,Germany,Nurtec,Neurology,City Medical Center,Low Prescriber,Rep_017,156,34539.32,2717.41,10365.04,21456.87,1130.95,163,Government,Q3,July
TXN004973,2024-09-15,West,Germany,Avastin,Oncology,Metro Health,Low Prescriber,Rep_030,137,98610.0,8304.38,34724.07,55581.55,4811.06,304,Hospital,Q3,September
TXN004974,2025-07-19,East,India,Entresto,Cardiology,Metro Health,High Prescriber,Rep_018,212,162020.21,13912.99,54861.63,93245.59,6315.71,140,Government,Q3,July
TXN004975,2025-04-06,North,USA,Vyepti,Neurology,Metro Health,Low Prescriber,Rep_017,573,202938.86,36528.99,84162.94,82246.93,12620.63,98,Retail Pharmacy,Q2,April
TXN004976,2023-04-15,South,Brazil,Avastin,Oncology,Apollo Hospital,Low Prescriber,Rep_040,300,154913.61,14430.88,46911.72,93571.01,8467.74,64,Hospital,Q2,April
TXN004977,2023-05-23,North,USA,Herceptin,Oncology,City Medical Center,Non-Prescriber,Rep_001,164,38065.89,6851.86,10682.67,20531.36,2552.17,451,Government,Q2,May
TXN004978,2025-03-29,South,Brazil,Eliquis,Cardiology,St. Luke's,Non-Prescriber,Rep_029,256,168317.04,16428.3,53077.08,98811.66,13439.1,185,Online Pharmacy,Q1,March
TXN004979,2025-05-23,North,USA,Keytruda,Oncology,St. Luke's,High Prescriber,Rep_037,337,246749.02,44414.82,98215.52,104118.68,13219.67,251,Retail Pharmacy,Q2,May
TXN004980,2023-06-22,North,USA,Trulicity,Diabetes,City Medical Center,Non-Prescriber,Rep_022,86,9817.52,1767.15,3546.54,4503.83,700.13,272,Government,Q2,June
TXN004981,2023-09-28,Central,UAE,Brilinta,Cardiology,Mercy General,Non-Prescriber,Rep_032,277,113772.81,5649.52,33432.52,74690.77,5787.04,180,Retail Pharmacy,Q3,September
TXN004982,2024-05-26,East,India,Herceptin,Oncology,Apollo Hospital,High Prescriber,Rep_011,150,10535.63,622.28,4550.17,5363.18,506.2,297,Hospital,Q2,May
TXN004983,2025-03-21,Central,UAE,Avastin,Oncology,Apollo Hospital,Low Prescriber,Rep_028,287,174779.81,8319.26,62016.21,104444.34,6983.88,266,Online Pharmacy,Q1,March
TXN004984,2023-11-07,North,USA,Jardiance,Diabetes,Mercy General,Medium Prescriber,Rep_024,204,84259.77,15166.76,32266.36,36826.65,3577.11,298,Retail Pharmacy,Q4,November
TXN004985,2025-10-16,Central,UAE,Keytruda,Oncology,Cleveland Partners,High Prescriber,Rep_036,292,68628.28,4277.66,22460.76,41889.86,3924.0,303,Government,Q4,October
TXN004986,2025-11-30,North,USA,Shingrix,Vaccines,St. Luke's,High Prescriber,Rep_026,309,117953.08,21231.55,31067.24,65654.29,8388.14,98,Online Pharmacy,Q4,November
TXN004987,2025-03-22,East,India,Vyepti,Neurology,Metro Health,Low Prescriber,Rep_018,620,102454.86,9669.7,31158.31,61626.85,3664.34,416,Online Pharmacy,Q1,March
TXN004988,2025-06-17,South,Brazil,Eliquis,Cardiology,Cleveland Partners,High Prescriber,Rep_004,171,56213.96,3542.05,14323.56,38348.35,4415.46,415,Hospital,Q2,June
TXN004989,2025-07-18,Central,UAE,Entresto,Cardiology,City Medical Center,Medium Prescriber,Rep_012,291,85437.3,5242.35,36932.7,43262.25,3153.5,427,Online Pharmacy,Q3,July
TXN004990,2025-05-21,East,India,Eliquis,Cardiology,Apollo Hospital,Non-Prescriber,Rep_030,66,16479.24,1527.42,6388.96,8562.86,932.88,285,Online Pharmacy,Q2,May
TXN004991,2023-06-28,West,Germany,Opdivo,Oncology,St. Luke's,Non-Prescriber,Rep_002,267,139950.21,10226.01,41386.43,88337.77,8106.66,403,Retail Pharmacy,Q2,June
TXN004992,2024-06-06,North,USA,Eliquis,Cardiology,Sunrise Clinic,High Prescriber,Rep_033,398,128932.35,23207.82,33662.36,72062.17,8409.65,322,Online Pharmacy,Q2,June
TXN004993,2024-07-31,Central,UAE,Vyepti,Neurology,Metro Health,Medium Prescriber,Rep_018,510,216487.35,14875.51,74063.17,127548.67,13316.12,56,Government,Q3,July
TXN004994,2023-05-09,South,Brazil,Avastin,Oncology,Cleveland Partners,Medium Prescriber,Rep_038,157,97888.01,6270.25,43633.23,47984.53,4537.73,429,Hospital,Q2,May
TXN004995,2025-07-26,North,USA,Avastin,Oncology,Sunrise Clinic,Non-Prescriber,Rep_032,182,106116.4,19100.95,44019.5,42995.95,7752.57,479,Online Pharmacy,Q3,July
TXN004996,2025-06-11,North,USA,Entresto,Cardiology,St. Luke's,High Prescriber,Rep_036,266,48865.17,8795.73,18803.59,21265.85,2892.68,99,Hospital,Q2,June
TXN004997,2024-04-14,South,Brazil,Eliquis,Cardiology,Cleveland Partners,High Prescriber,Rep_011,250,46226.88,2789.97,14503.15,28933.76,3326.85,490,Retail Pharmacy,Q2,April
TXN004998,2024-09-25,South,Brazil,Vyepti,Neurology,Sunrise Clinic,Low Prescriber,Rep_015,205,57079.24,5092.61,22471.74,29514.89,3947.16,369,Hospital,Q3,September
TXN004999,2024-07-04,South,Brazil,Opdivo,Oncology,Metro Health,Medium Prescriber,Rep_039,243,43020.2,4220.06,16065.41,22734.73,3047.69,262,Online Pharmacy,Q3,July
TXN005000,2023-05-06,Central,UAE,Opdivo,Oncology,Sunrise Clinic,High Prescriber,Rep_028,196,63531.95,5839.54,21723.26,35969.15,4897.59,159,Online Pharmacy,Q2,May
